name,fmin (Hz),fmax (Hz),F0 25th percentile (Hz),F0 50th percentile (Hz),F0 75th percentile (Hz),F0 Mean (Hz),F0 Delta Mean (Hz),RMS Mean,RMS Delta Mean,Spectral Centroid Mean (Hz),Spectral Centroid Delta Mean (Hz),Adjusted Centroid Mean,HNR Mean,MFCC1,MFCC2,MFCC3,MFCC4,MFCC5,MFCC6,MFCC7,MFCC8,MFCC9,MFCC10,MFCC11,MFCC12,MFCC Delta1,MFCC Delta2,MFCC Delta3,MFCC Delta4,MFCC Delta5,MFCC Delta6,MFCC Delta7,MFCC Delta8,MFCC Delta9,MFCC Delta10,MFCC Delta11,MFCC Delta12,gender_label
Man00001.wav,,,,,,,,,,,,,,,,,,,,,,,,,,,,,,,,,,,,,,0
Man00002.wav,169.6431908,331.5370699,273.9989169,288.619783,290.2917404,282.5124476,0.272765828,0.20665891,0.000217975,3418.563403,-4.091609142,12.14742297,12.83825928,17.97958565,-2.021636724,3.400867224,-1.110009909,-28.06551933,-9.106577873,19.93927574,-41.94234467,6.489357948,2.476620197,-8.317148209,-0.033139423,-0.537549853,-0.758690298,0.412994236,-0.034654018,0.200480014,0.161718622,-0.500557244,0.067327142,-0.272296429,0.316063732,-0.070149116,-0.313273519,0
Man00003.wav,249.8109744,266.1986996,249.8109744,249.8109744,249.8109744,251.4553038,-0.382192371,0.20252241,-0.001249695,3646.497835,0.695137205,14.50331479,12.33137347,11.41950607,-2.562649488,17.95889473,-43.5094986,-7.052886486,1.951325893,19.38485336,-43.22218323,19.10157776,1.27098763,1.794713616,-5.434453964,1.145644188,0.294628173,-0.213856101,0.619983196,0.279885083,0.158413768,0.444865823,-0.706165731,0.486925989,0.298062414,0.100086659,0.27990976,0
Man00004.wav,132.332754,357.3910544,261.6255653,261.6255653,304.0208336,283.2674543,-0.541379096,0.18363194,-0.000619281,2370.811738,-9.694651598,8.400886939,17.44697998,44.7882309,10.73146439,45.30819321,-5.048688889,-29.2326107,-4.066634655,15.75614643,-39.67662048,-4.348027229,-16.66039467,-7.457317829,-10.54120922,0.606616139,-0.158844844,0.057066727,-0.292170197,-0.182371169,0.456641316,0.019141814,-0.039116114,-0.041926857,0.482442647,-0.115808174,0.083467104,0
Man00005.wav,86.80420621,266.1986996,110.6372235,189.3213162,223.8455323,171.1466961,-0.671445295,0.26456377,0.000148671,2088.077662,2.141561554,14.18543124,6.606873194,99.04090118,-14.72712708,21.49145126,-1.296038866,-33.12724304,-1.048243403,-2.999066114,-26.33366966,13.34355164,-18.50480843,-11.29988098,-8.583776474,-0.027371852,-0.431129158,0.380141407,0.275388539,-0.090079218,0.017704671,-0.07696265,-0.188740134,-0.012041749,-0.014256299,0.169695675,0.049369033,0
Man00006.wav,130.8127827,131.5705734,130.8127827,130.8127827,130.8127827,130.9643408,0.018944769,0.20185348,0.000547187,3622.396656,-84.84782026,27.6601764,10.02121462,23.03155518,-23.25795364,-9.411765099,-19.01037025,-13.73737049,8.062422752,7.778268337,-19.09750748,1.006855845,15.38530445,13.88146019,0.862425625,3.578760862,-0.654780388,-0.516626716,-2.321934938,0.872939587,-0.830190957,-1.713878274,0.277270824,1.168396711,-1.104198694,-0.843947053,-0.285556108,0
Man00007.wav,130.8127827,329.6275569,261.6255653,261.6255653,325.8414615,278.7563117,-0.031177184,0.19949625,-0.000741127,3199.556475,-7.791646345,11.56343088,12.99663417,27.07105827,-0.765301228,-1.914162874,-39.84667587,-31.1471405,-9.74813652,10.75641346,-35.76197433,7.873834133,-0.681295276,-6.964536667,12.74870872,0.474149108,-0.4092924,0.243487433,-0.017666554,0.23775892,-0.173949555,-0.150661796,0.029810775,-0.056048859,0.097248301,-0.157937989,-0.099756345,0
Man00008.wav,261.6255653,466.1637615,264.6655079,264.6655079,266.584218,287.6034421,0.013829662,0.14913353,-0.00023175,2211.549702,-5.917126337,7.823685584,10.23371165,81.66059875,-19.95487976,37.93055725,-0.830220044,-48.01192474,27.01173019,7.011262894,-47.08206558,12.87787247,-18.85305977,1.178321958,-15.29412365,0.495567054,-0.033890821,-0.40300715,0.197305039,-0.113134108,0.065063573,-0.138557896,-0.377966911,-0.096709989,0.639703751,0.228580937,-0.200860456,0
Man00009.wav,145.9866917,152.0104168,146.832384,146.832384,146.832384,146.8580191,-0.000343777,0.13288854,-0.000409245,2553.815578,2.126466515,17.38990374,16.24452,74.94598389,-23.42425156,54.45804596,-34.11427307,-37.62357712,9.129284859,27.33389854,-62.1765213,29.76952362,-32.50085449,21.3884201,-6.576971531,0.134288684,0.234576553,0.041025687,-0.121648736,-0.219158337,0.164823115,0.067661561,0.078703046,-0.035811968,-0.045344394,-0.016556114,-0.164202899,0
Man00010.wav,229.0776736,327.7290419,249.8109744,249.8109744,251.2581146,255.524723,0.006396338,0.2012663,4.29E-05,2116.081752,-1.505518046,8.346878618,16.56828768,81.79727173,-21.78726006,24.83106232,-20.54717827,-48.28062439,12.09905052,25.90257072,-62.49571991,9.781323433,-18.1950779,5.828682423,-4.009004116,-0.069314837,-0.039389547,-0.010932558,-0.02959859,-0.069374435,-0.08893054,-0.150554642,0.191219077,-0.12677297,-0.076708615,-0.150146946,-0.077092342,0
Man00011.wav,85.80717486,466.1637615,92.02109003,156.464662,400.0026452,239.9321805,-1.507722702,0.21727227,-0.000255241,2345.715435,7.550496141,14.29301157,10.81394214,75.3551178,-0.676937699,26.0083847,8.004555702,-36.57242966,-7.281717777,13.11090183,-49.86412048,-3.470922947,-8.728934288,0.668890119,-22.96712875,-0.200985253,-0.05839793,0.090504326,-0.135857567,0.21589084,0.139675394,-0.116588838,-0.038663916,0.096742287,-0.127478614,0.052917924,0.19180876,0
Man00012.wav,179.7306999,1832.621388,200.5789475,200.5789475,200.5789475,394.9312189,0.204717374,0.2019133,-0.000468185,2921.315007,-3.987280745,13.20937321,15.30592471,38.14821243,-26.18446541,-3.270285368,15.48817921,-3.954380989,6.544582367,-6.26166153,-30.35831451,8.549201965,-12.60996914,-7.033426285,-7.421472549,-0.19973886,-0.326382607,-0.514435291,0.388981849,0.391067207,-0.125320986,-0.245496973,0.379000455,0.001501573,-0.314567566,-0.10421063,0.128016919,0
Man00013.wav,58.94754044,234.4321104,111.9227661,118.5780401,124.1860845,133.48549,0.42284937,0.17570215,-0.000450323,2276.550605,9.185860319,19.19344386,10.13794762,94.25762939,-12.56014347,19.12331581,9.960030556,-20.78792,8.18334198,30.98365021,-49.70095062,8.839783669,-4.802258968,12.87800121,-3.328833342,-0.354789019,-0.118777059,-0.687452018,0.174217016,0.24715519,-0.217260599,0.17566815,-0.096792057,-0.374397993,0.106841423,0.038622301,0.065318324,0
Man00014.wav,145.9866917,349.2282314,146.832384,286.9574553,318.5951932,248.1756738,5.234836983,0.24911302,-0.001416735,2860.849663,-2.787697032,13.2013683,9.745253575,54.20321274,-25.59884071,3.976838112,-14.31042099,-18.82449532,-24.32324219,4.341470718,-22.73135757,5.613131523,-19.86200333,-3.53497839,-10.86158943,0.307102442,1.350247979,-0.765977681,0.407720864,0.148650691,-0.362259597,0.649336696,-0.089836366,-0.165202528,-0.54908669,0.259782881,-0.366897166,0
Man00015.wav,57.60117676,57.93485698,57.60117676,57.93485698,57.93485698,57.81351871,-0.030190115,0.102262996,-0.010438251,1729.296747,-163.0621381,29.89843326,8.897951929,128.2780762,18.63465691,4.108575821,-23.76703072,-68.98544312,-10.19983578,7.708452702,-31.94454002,1.693256021,-5.888384342,-15.57034588,-2.991351843,9.438139915,4.936993122,-1.674657822,0.094200484,0.316200763,1.505177975,2.928917885,-0.962944508,-6.189533234,0.183628127,1.057894349,0.654846847,0
Man00016.wav,56.93957081,252.7136381,200.5789475,234.4321104,249.8109744,208.0874579,-0.382197749,0.18391348,-0.000437357,2191.459987,6.995964433,13.04356725,10.66816232,83.85046387,-17.1348896,42.66136932,-17.95443726,-45.91067886,10.48882961,14.9369936,-37.98748779,14.65052414,-7.289204597,-8.802099228,-6.646251202,0.018884085,-0.10030558,0.093389466,0.518470049,0.153837025,-0.09254688,-0.300374776,-0.290304124,0.114993908,0.039813008,0.432817429,-0.156130835,0
Man00017.wav,201.7408895,227.7582832,208.8552666,211.2820479,212.5059924,211.914794,-0.132131351,0.14071493,-0.001126165,1659.340944,-5.55696522,7.808280662,12.95065675,98.73139191,13.4966383,62.2333374,-36.5436554,-82.38533783,-23.39537239,31.20643806,-65.65678406,6.575451374,0.341105014,-23.9174633,-27.4789505,-6.75E-05,0.708591104,0.412383735,0.012431204,0.254612118,-0.480069816,-0.055899922,0.286913663,-0.142832458,0.538821757,-0.222974941,-0.35421145,0
Man00018.wav,115.2023535,618.6700483,137.7930882,169.8665919,195.997718,251.9085212,0.530423478,0.10561027,0.000112364,2296.74278,-7.501011902,11.86086021,12.65582721,67.32554626,-48.51963043,-6.824158192,1.236226678,-51.30652237,-28.95623779,1.205117822,-64.21046448,1.949979782,9.869539261,-5.874030113,5.515930653,-0.10271465,-0.811749697,0.475846708,-0.01420128,0.006053405,-0.346120298,-0.067474671,0.194120795,0.291574925,-0.053161513,-0.13752003,-0.050027519,0
Man00019.wav,205.2672581,282.027698,222.5562769,245.5193714,246.9416506,241.9783168,0.172585633,0.15291913,-0.000247073,1953.895759,9.461826111,8.154524332,15.25671062,86.27098846,-26.27258873,5.139842033,-8.02614975,-30.18697739,-15.95030975,-3.61263299,-52.25502014,23.49122429,-11.92872238,-15.65624046,10.8568821,-0.369892985,0.067557253,-0.110657759,-0.048672292,-0.171828941,0.182192504,-0.080600508,-0.04976787,0.133128062,-0.304701686,0.054589644,-0.012188096,0
Man00020.wav,246.9416506,505.4272762,249.8109744,403.481779,420.1303057,359.1118935,0.165317347,0.25268018,-0.000566484,2009.3559,-1.555981441,5.885639699,16.468625,77.40411377,-13.28189564,6.404639721,-36.59700394,-17.61445427,-22.06987762,11.78645039,-39.89816666,3.714565754,-10.77196503,-10.9499855,-5.826994419,0.071612351,0.272696942,0.031455535,0.167690456,-0.252779782,-0.168029755,-0.027209388,-0.121271133,-0.00232975,0.006822983,0.022494743,0.031805668,0
Man00021.wav,65.7852867,640.4874005,244.1537784,251.2581146,535.481546,320.968027,1.033711397,0.18006164,-4.05E-05,1667.499235,0.523545801,8.126469391,12.23344903,104.076149,-11.7697134,15.65119076,-15.83775043,-15.92803574,-14.54623508,4.554944515,-42.05821228,8.77158165,8.109111786,-9.333395958,-0.41289714,-0.142910615,0.099675432,-0.187762618,-0.506808639,0.015588775,0.135646254,-0.158054262,0.223480165,0.076503247,-0.195338041,0.0730794,0.030803123,0
Man00022.wav,502.5162293,505.4272762,502.5162293,502.5162293,505.4272762,503.5887203,-0.076606497,0.252704,-0.000244171,2357.652773,86.80870217,4.68724569,17.00726296,117.0460434,-0.381542593,0.817869067,6.678911209,2.194360971,-1.959810019,-2.734558582,-18.35827637,1.591109395,-6.272814274,-4.106195927,0.118878461,-5.373082638,1.394771576,0.445456892,-0.63902688,-0.545798242,0.841794968,-1.116653919,0.354197085,0.149903208,0.362233937,0.229584411,0.002131049,0
Man00023.wav,119.9558506,275.5861765,121.1749398,216.2205317,216.2205317,190.1598658,-1.06690202,0.113766454,-0.001076014,2743.763887,-23.03232602,16.05643966,4.552758467,80.90473938,-29.90340042,-13.4134903,30.07839394,-8.457443237,-36.98892593,26.71184158,-37.82067108,0.541800022,-7.039758205,11.28384018,-9.560493469,1.000314236,-2.712504148,0.83348459,-0.314104259,-1.091691732,-0.302774519,-0.058525205,0.136022225,0.719274938,0.108941846,-0.286289006,-0.240124539,0
Man00024.wav,220,263.1411468,221.274447,261.6255653,261.6255653,250.6342444,0.028310937,0.2625346,-0.000518144,2896.906604,-15.70273338,11.59755195,9.32793005,55.69343948,-24.27831078,6.744202614,-12.8432169,6.312269688,-9.949904442,-4.046061993,-6.543438911,-3.835952997,-8.560747147,-7.232484341,-13.67041302,0.355266511,-0.220378518,0.359404385,0.378895283,0.3128106,-0.021960175,-0.150288612,-0.251475573,-0.177076757,-0.115811154,0.248323411,-0.039420996,0
Man00025.wav,112.5711281,355.3326334,298.7979376,332.4973573,335.3893451,311.369895,-1.853224067,0.2767101,2.18E-05,2420.121593,-0.167587419,7.968753716,17.64057413,47.79812241,-32.70872116,21.01525688,-21.35573578,-11.93638229,-3.599297285,4.873653412,-25.60965729,19.16602325,-10.60064888,5.965497494,-3.425329685,0.204402313,0.156950817,0.13761057,-0.064755514,0.206283361,0.160060585,0.029682267,0.022076936,0.141997844,-0.108484246,-0.064340152,0.013342498,0
Man00026.wav,113.223246,117.2160552,114.5388368,115.2023535,115.869714,115.402118,0.008249027,0.19357003,-0.00033277,2543.719082,-1.955120688,22.04789806,12.37881175,77.81783295,-12.93739605,12.79386425,-20.7863636,-20.00409508,17.9349823,11.25612259,-36.29527664,16.50089264,-14.42568493,11.84391308,-1.806419015,0.189282447,-0.211835325,-0.119400553,-0.070133649,0.073614262,0.211474434,-0.121863768,0.043708649,0.012266723,0.030068317,0.107637227,-0.114505887,0
Man00027.wav,142.652351,312.929324,152.0104168,161.0494266,162.9207308,179.8394112,0.929014313,0.20104142,5.73E-06,2076.985928,0.569192111,11.73260458,13.70928379,89.4141922,-13.02833366,0.621813416,-38.68162537,-40.77455521,-12.88702488,19.55549049,-33.44815826,-1.41396153,-18.74954224,-12.66456604,-5.332107544,-0.00610011,-0.107765995,0.226826906,0.254936486,-0.036582407,-0.323753685,0.009023419,0.283805043,-0.220890567,0.040417634,0.052787974,-0.005746006,0
Man00028.wav,115.2023535,140.201669,115.2023535,115.869714,137.7930882,124.7099695,-0.06349646,0.21327688,2.92E-05,1569.366424,3.322287776,12.8189718,15.51723045,117.6824875,-4.02023077,30.09949303,-1.497680068,-47.7371254,2.349331856,31.7553463,-30.41408157,15.20212269,-8.734337807,-2.930039406,-7.210559368,-0.347899139,-0.022388313,0.230109259,-0.011644456,-0.031673413,0.007558745,-0.055629641,-0.061196025,0.127313942,0.1336869,-0.058501709,0.01260184,0
Man00029.wav,217.4730845,251.2581146,235.8531013,244.1052839,248.3721691,241.2257439,-0.187587565,0.1391705,-0.000435101,1929.0455,-7.459383781,7.909829098,15.04786373,102.7366486,13.5216608,-16.00090027,-12.31248379,-38.32077408,4.533971786,20.74433136,-54.0753746,16.70833206,-25.15983391,-11.05921555,-1.209761024,0.032226987,-0.459457755,1.265889287,1.368992209,-0.486872107,-1.607121468,-0.400229484,0.101405762,-0.449578404,-0.238422096,-0.359304905,0.104530297,0
Man00030.wav,175.625645,380.8360868,176.643034,177.6663167,177.6663167,192.4702621,1.432826404,0.27478,-3.66E-05,3822.91421,4.445298095,20.6401996,12.71167603,26.22912025,12.48372936,-3.140328169,-9.445701599,-27.64948273,21.61382675,12.73098564,-10.69280815,1.540192962,-15.61154461,-19.73082161,-4.331523418,-0.290399253,0.21560891,0.161238596,0.260323733,0.139264032,-0.303713888,-0.041174106,-0.229172677,-0.172432736,-0.134599164,0.229023769,-0.032410443,0
Man00031.wav,241.3014955,372.1377786,273.9989169,275.5861765,312.929324,291.9648156,0.205970347,0.21235944,0.00018768,2428.488178,-13.89294464,8.415603656,11.45001484,75.50795746,-1.04824543,-16.86569405,-12.67124748,-33.49637222,-28.90088844,18.01695251,-35.59661865,10.63920403,-4.972419262,-8.534963608,1.925042748,0.533572614,0.367199928,0.011358901,-1.32610333,-0.255800009,-0.361763597,0.173403934,0.046558507,0.097686097,0.02133646,0.341281831,0.135519996,0
Man00032.wav,222.5562769,285.304702,223.8455323,258.6205394,283.6614679,254.8735662,-0.659818022,0.24334565,-0.001370935,2278.758036,-17.49050106,8.934145418,16.88199637,66.35051727,-4.889325142,18.78093147,-15.23028755,-24.90120697,-10.92610455,7.976610184,-47.28624344,10.4372139,-20.30053902,15.61672592,-12.37245274,0.976786613,0.233237505,-0.453560352,0.227444693,-0.123162292,0.381728858,-0.00400942,0.0058655,-0.298034996,-0.226931363,0.55815357,-0.094914407,0
Man00033.wav,220,329.6275569,248.3721691,248.3721691,249.0915717,262.7488553,0.200090564,0.29308778,-0.000750511,3029.595024,8.392455386,11.88279658,18.71002151,36.5773468,8.069122314,-6.802923679,-22.1987648,-46.24811935,-6.504513741,14.94681168,-9.760810852,12.67732143,-4.548208714,0.341051221,0.970946968,-0.269245595,0.123563908,-0.075151272,-0.030879354,-0.111176215,-0.077437945,0.272266567,-0.263322294,0.172240183,-0.004064536,-0.049971864,0.014602771,0
Man00034.wav,1040.474852,1273.596929,1046.502261,1258.968421,1258.968421,1170.073731,1.59541624,0.13541447,1.68E-05,2825.818563,0.692902179,2.459765662,5.163559139,61.50280762,-22.53487968,26.86859894,-15.18930149,-16.77043724,21.99378586,29.47050858,-26.34684181,-14.35197735,-6.570980549,6.789740562,-7.002127171,-0.120027989,-0.262730658,-0.18777898,-0.146838337,0.035360556,0.200037584,0.163049325,-0.016287923,-0.033361159,0.232603803,-0.032321207,-0.086793482,0
Man00035.wav,65.7852867,523.2511306,130.8127827,501.069089,514.2619894,357.7699969,-0.419349377,0.18303187,-0.000546511,2923.429886,5.494726743,14.1324424,6.340039283,68.1455307,-3.400542974,-0.081277318,4.121332645,1.507219553,0.384511858,21.19864655,-35.55697632,-18.35074806,-15.29005814,-17.8432045,11.96712208,-0.124982163,-0.015776223,-0.316255331,-0.138318554,0.078583628,-0.015307668,-0.257710755,0.082477883,-0.033240974,0.21743232,-0.143440261,0.059796229,0
Man00036.wav,124.9054872,254.1775933,125.6290573,125.6290573,126.356819,154.0045028,-0.886321823,0.08696547,-0.001537126,1872.174416,-0.808504893,13.41840297,-9.306980109,72.71736908,45.81244659,53.86236572,-14.11167049,-51.37249374,11.72318745,-3.118557215,-43.97463226,17.36470795,-33.21219635,-17.04332352,-12.81383991,-0.273112923,0.808921576,-0.016487453,0.342390478,0.47605747,-0.160008773,-0.072495334,-0.232335359,-0.218838334,-0.002549655,-0.142692998,-0.200686172,0
Man00037.wav,113.8791416,117.8950809,114.5388368,115.2023535,115.869714,115.3980969,-0.007526267,0.086239025,-0.000223049,1716.829697,1.375860534,14.88058191,11.3510619,142.6319122,6.499569893,23.31099319,-8.88469696,-58.64781189,14.92048645,43.81747818,-65.7880249,8.302755356,-22.13563919,9.347504616,-8.713582039,0.05571257,-0.02759753,-0.114560746,-0.078789443,-0.129632071,-0.0389686,0.024967451,0.107925631,-0.017736435,0.158236653,0.066856787,0.090524584,0
Man00038.wav,245.5193714,260.1187129,251.2581146,257.1309947,258.6205394,254.4792405,0.082047035,0.16316386,-0.000395657,2019.895225,-3.111527472,7.956556561,17.47972826,98.8558197,-9.967359543,17.55019951,1.881428361,-70.2720108,15.01981068,13.47976875,-50.75867081,23.72917175,-1.60673666,3.605910778,-21.70767021,-0.139114141,0.04767951,0.221927673,-0.314773411,-0.185592979,-0.007765345,-0.025996495,0.091781527,0.061441191,-0.162960827,-0.154840037,-0.056893665,0
Man00039.wav,254.1775933,258.6205394,254.1775933,254.1775933,256.3926443,255.4103179,,0.16449752,,2338.764889,,9.160117938,-24.54992471,46.87015152,-30.53900719,-29.18045044,-55.38096237,-25.29868317,14.44129086,-13.79213047,-44.43458939,8.130307198,6.277005672,-8.231637001,2.972518206,,,,,,,,,,,,,0
Man00040.wav,204.0850057,618.6700483,611.5640167,615.106771,615.106771,598.9658209,0.029611885,0.24150662,-0.00041906,2557.70711,-3.412201746,4.493481026,19.20140025,50.73379898,-7.962201595,31.97166443,-53.7914772,-23.8432827,-13.53454685,19.4535656,-35.71548843,5.101536274,-12.28185558,17.16834641,-4.055674076,0.053585749,0.289118022,-0.291423142,-0.002153188,-0.104200415,-0.081770658,-0.05496816,-0.073888458,-0.141166702,-0.039078295,-0.028852886,0.124045588,0
Man00041.wav,87.30705786,138.5913155,115.869714,116.5409404,116.5409404,114.2962478,-0.298412897,0.11316037,0.000977254,2718.005303,3.127362279,24.05224517,8.472482553,84.9332962,52.92647934,25.44449425,7.244155884,-40.5525856,0.947625816,44.57579041,-64.10178375,9.493298531,3.24120903,-15.31884575,-13.002882,0.222335324,1.466647506,-0.183458835,-0.531302571,0.03407798,-0.471504867,0.746043324,0.310904056,-0.302988291,0.173913047,-0.120011784,-0.176689565,0
Man00042.wav,,,,,,,,,,,,,,,,,,,,,,,,,,,,,,,,,,,,,,0
Man00043.wav,88.321517,288.619783,88.321517,127.4569056,258.6205394,168.6862595,-0.111475176,0.20053402,-0.000279811,3113.035005,8.735046948,22.58830068,7.796418805,55.51656723,8.914031029,32.89826965,-6.803441048,-26.24668312,-4.20421505,17.69009781,-46.57798767,8.88284111,-0.937058985,-6.33617878,0.78234446,-0.768386722,-0.056754854,0.988877535,-0.071986459,-0.119821563,0.009536717,0.241335988,0.16480054,-0.052799817,-0.020986926,-0.449533522,-0.084581003,0
Man00044.wav,221.274447,258.6205394,226.7744399,233.0818808,234.4321104,232.7322537,0.196435662,0.22185722,-0.000598209,2836.761051,16.97358887,12.20078162,10.87614425,50.33198547,-3.195035934,11.34915066,-46.14146423,-15.4291544,-12.64009857,23.45319748,-25.12344742,18.556633,-10.53947639,-1.126553535,8.763746262,-0.340879023,-0.012965484,-0.31143558,0.882327974,0.108157843,0.455233425,-0.204888701,-0.160121828,-0.583563685,-0.255500972,0.239930525,0.007179128,0
Man00045.wav,191.5211239,267.740773,263.1411468,263.1411468,264.6655079,260.9419905,0.574049952,0.2640199,0.001085282,2371.633183,6.615759144,9.072498734,12.24353399,66.88092041,-31.34406662,23.05880165,-33.55128479,-4.869380951,19.06640244,28.02019119,-24.20912361,30.49439812,-7.071666718,-5.126008034,-2.159515619,-0.581600904,-0.356523901,0.116768345,-0.034961071,-0.205265999,-0.502672493,0.054451719,0.260830879,-0.209581852,0.05730515,-0.01949686,-0.11977873,0
Man00046.wav,255.6500291,266.1986996,257.1309947,257.1309947,258.6205394,258.227833,0.0116681,0.19845262,-0.000280917,2970.721943,9.195469897,11.50922504,15.25931668,42.17153931,8.720992088,5.66750145,-43.50930786,-5.968240261,-1.865233183,13.99233627,-52.89116669,17.61719513,7.553619862,3.101816177,-10.10655785,0.011234465,0.438471973,-0.112814657,0.06763643,0.44794789,-0.05694681,0.164906636,0.280487239,-0.09534812,0.184006959,-0.022532454,-0.001575973,0
Man00047.wav,124.9054872,251.2581146,249.8109744,249.8109744,249.8109744,243.0101054,0.009898551,0.23804483,-0.000193168,2722.799634,-3.21081456,11.38889683,17.09143875,56.0913353,-13.04906273,0.452965826,-11.48163414,-47.99030304,17.83547783,23.57536888,-34.11268616,8.498911858,-11.60764313,0.615028262,-16.06478691,-0.000615801,0.302980185,-0.189126134,0.029372351,-0.084563419,-0.327433586,-0.021238731,0.164547563,-0.205959827,-0.169010028,-0.220773384,0.027126905,0
Man00048.wav,220,278.7883336,233.0818808,261.6255653,271.6655647,255.0686616,-0.297462565,0.15862559,0.000143699,2463.410197,-2.370509533,9.699266007,13.94519248,61.21851349,-12.10429192,10.80811691,3.814697981,-23.77459908,-8.203274727,19.87137794,-56.04601288,14.05736732,-13.13146687,-13.610116,-13.17356586,0.14630881,0.222701013,-0.000308393,-0.438395262,-0.394048303,0.370354533,0.1541522,-0.229556829,0.008421763,-0.047982216,0.039134085,0.349005401,0
Man00049.wav,248.3721691,343.2286994,248.3721691,249.8109744,251.2581146,254.5225737,0.951565992,0.1971868,0.000498374,2012.814277,3.956048351,7.942517598,23.41441718,63.33018494,-12.75642776,10.53877735,4.380556107,-45.78983688,-5.835512161,7.240626812,-51.78189468,16.55128479,-25.34630775,4.167212009,-19.47253609,-0.068121605,-0.130201817,-0.51983279,-0.077608168,0.430503786,-0.143743679,-0.278302103,0.222485885,0.07518921,-0.08131782,-0.074833088,0.093075097,0
Man00050.wav,181.81907,251.2581146,221.274447,237.1560803,249.8109744,233.9596397,0.159755799,0.23121287,0.000106489,3650.089682,8.771939115,15.5717604,8.343327971,42.84959793,13.50521851,6.216113091,-5.785133839,-15.36026192,-0.401739478,12.11211205,-25.96200562,6.931841373,-15.32993793,-7.461995125,-6.591957569,-0.34197554,0.095257573,-0.126482904,-0.155295789,0.197154179,-0.323890805,-0.467039168,0.131982207,-0.243185073,0.099366568,-0.012857107,0.060642239,0
Man00051.wav,115.2023535,125.6290573,115.2023535,116.5409404,124.9054872,119.0429629,-0.108481974,0.1769155,-0.000617598,3109.99879,-8.636053487,26.05907674,11.53326223,53.62058258,18.72027588,14.71537495,-0.504979014,-53.60988617,0.911030293,16.93831825,-24.56268883,17.01291275,-13.06949329,-2.645554543,0.17565687,0.889833868,0.409356326,-0.683970571,-0.660890698,-0.389772773,0.006924269,-0.064476095,-0.080146119,0.41182965,0.006208543,-0.002746182,0.210944697,0
Man00052.wav,175.625645,249.8109744,226.4578689,236.473121,248.3721691,233.751859,-0.442167784,0.19112937,-0.000580087,2458.39126,-8.658392681,10.46380161,13.67183212,64.07150269,9.711373329,18.53188324,-8.543084145,-36.32725143,8.2965765,12.8956089,-29.75439453,3.221867085,-1.698794723,-10.13917828,-10.31424999,0.12905933,0.572210252,0.279546738,0.29082945,0.129183903,-0.156072304,-0.284461677,0.138445705,-0.110248931,-0.077337809,-0.064071074,0.063348338,0
Man00053.wav,211.2820479,270.8517709,238.5299115,245.5193714,268.5162763,248.7778744,0.257148381,0.12531662,-0.002404982,2064.542491,2.545032464,8.272858213,15.22217475,83.40406799,11.71267796,-18.10449791,-21.42300606,-50.63628387,-6.284208298,14.9322176,-57.07488251,6.544613838,-5.366212845,-16.48462486,0.480003417,-0.053465977,-0.114036545,0.287209898,0.026068978,-0.085770957,0.038826548,0.062233489,-0.043600872,-0.004211519,-0.001142495,-0.161100745,-0.138352767,0
Man00054.wav,248.3721691,267.740773,249.8109744,249.8109744,266.1986996,256.7229904,-0.231802486,0.13626418,-0.00122891,3202.95016,-6.570120366,12.52821786,14.38208267,16.52921486,-0.311469764,22.0299778,-39.2393074,-46.52133179,8.541432381,10.11722851,-44.07308197,24.77667618,-13.10262489,-4.808651924,-8.732830048,0.659967899,0.037443869,0.174212053,0.668307245,0.068940863,0.019898186,0.177245334,0.11177592,0.30325079,-0.079344906,0.097835526,0.255826801,0
Man00055.wav,107.4875965,244.1052839,210.0651529,227.7582832,241.3014955,212.0429721,1.440729824,0.1956892,-0.000507474,2248.690814,17.30368118,10.82520391,12.18088293,79.1096344,-21.77319527,11.52596569,-41.959198,-22.53188896,-7.10345459,9.634117126,-56.83132935,12.35958195,-9.486340523,-11.24579811,9.631814003,-0.956633449,0.403811455,-0.182062998,-0.921945155,0.038132876,-0.079365484,-0.081723109,-0.215989828,0.601571739,0.172894225,-0.004753377,0.171700031,0
Man00056.wav,108.7365422,252.7136381,220,249.8109744,249.8109744,224.7733752,0.15001366,0.23211965,-0.000946135,2248.755941,-2.229945228,10.88077752,15.42186073,77.46224213,-14.65412998,17.93662834,3.067875147,-23.16029167,-11.02772808,31.00110054,-67.99085999,7.220919132,-11.93306828,6.399524689,-5.150499344,-0.043958552,0.032785181,-0.05391426,0.30911544,0.037974596,0.094904624,-0.079579011,0.039684225,-0.200103641,0.328374207,0.165068597,-0.124642961,0
Man00057.wav,120.6507478,266.1986996,257.1309947,263.1411468,263.1411468,251.4234564,0.642840943,0.13355333,-0.000173518,2782.809612,3.781781217,11.14200555,17.69132279,29.35326004,2.082157135,13.57949638,-37.61573792,-32.0598793,11.43502808,5.579808235,-28.24361038,23.57139015,-15.80334377,5.852219582,-13.58359241,-0.441010058,0.178278267,0.233956963,-0.26720354,-0.094342545,-0.003889046,-0.028514113,-0.022696316,0.046746235,-0.063066207,-0.13554889,-0.080110125,0
Man00058.wav,81.46036538,249.8109744,82.40688923,83.36441116,241.3014955,153.6827898,-3.565144983,0.18197443,-9.57E-05,1887.533492,-14.71653177,13.9371361,10.87464575,120.7956619,21.62942505,13.57453442,41.62548065,-2.501815557,-28.77704811,40.53105164,-36.3439064,17.10006332,-4.766846657,-5.182630539,3.855978966,0.944935501,-0.275600344,-0.127571896,2.533529043,1.684346199,-2.034187794,-0.368700832,0.567701578,-0.533471406,-0.138409972,0.166787863,0.156403586,0
Man00059.wav,244.1052839,797.694791,251.6219955,657.3565988,739.9888454,511.4042123,-2.256756032,0.25828233,-0.000839878,2709.433896,16.17708673,7.058036991,11.52891914,39.6937027,-42.01955032,5.903987885,-33.93014526,-8.333607674,-4.530305386,14.97360516,-29.55939293,25.13337135,15.30739594,9.908013344,-8.793576241,-0.376939148,0.474178642,0.192635998,0.551740944,-0.236766949,0.171947956,-0.079414532,0.056740161,0.220928758,-0.293704033,0.367419064,0.241809294,0
Man00060.wav,254.1775933,351.25129,257.1309947,258.6205394,260.495426,266.1409133,-0.557857716,0.25064537,-0.00063685,3309.966242,0.66980239,12.56086443,15.72696836,13.21327877,-0.259111673,0.145633638,-39.58662796,-35.64755249,9.285652161,15.8692379,-24.61557579,7.555533409,-12.11519623,2.012305975,-10.88598251,-0.136364788,-0.113039434,-0.134542808,-0.300840169,0.067325264,-0.190734401,-0.014619809,0.30363223,-0.433501691,0.293407828,0.014297218,-0.039205991,0
Man00061.wav,248.3721691,541.7035419,263.9839893,502.5162293,505.4272762,432.8127689,1.30458244,0.17277907,-0.000816571,2305.715763,3.739705871,5.501650602,17.76433347,53.66666794,-21.81188202,4.347027302,-15.13700581,-12.01399612,-25.07583809,-7.748260498,-25.01319313,8.26618576,-21.13829231,-0.494818419,18.90281105,-0.276224345,0.025306877,-0.392237753,0.111850142,-0.086113706,-0.00432875,0.220424592,0.132255495,-0.1447144,0.015473781,-0.202403724,0.442397773,0
Man00062.wav,230.404707,260.1187129,231.7394279,233.0818808,234.4321104,234.2365929,-0.24696475,0.22061168,0.000289112,2597.462325,-2.606304854,11.08814807,16.24105248,57.28802872,16.50547218,15.81144428,-18.60437012,-32.90101624,34.69714355,-20.41954422,-50.78853226,4.419723511,-14.86984348,-18.29422951,17.62643623,-0.215299308,-0.150530055,0.300001889,-0.355204761,0.137601927,-0.501046956,0.181968391,-0.231045082,0.143908858,-0.112647995,0.002831818,-0.075529173,0
Man00063.wav,122.7596857,127.0887967,124.9054872,125.6290573,125.6290573,125.2255823,-0.020349107,0.1885758,-0.000160056,3403.468631,6.497701004,27.18575569,9.761839834,37.65471268,11.31708717,14.4260416,-23.90665054,-48.44630814,-0.008447547,9.227871895,-40.10347748,6.245026588,3.769343615,5.890789509,5.156589985,-0.062211715,0.005647923,-0.126468211,-0.037302304,0.003926271,0.420655102,-0.035912678,-0.143682331,0.040886775,-0.264423758,0.082365237,0.173872754,0
Man00064.wav,110,163.8645209,124.9054872,153.7766928,154.6675121,141.5403247,-0.173205684,0.14730929,-0.000217419,2280.339403,5.997890942,16.25508555,11.65276689,106.6876984,2.190171957,21.63786125,-26.16029739,-58.71809006,4.734786034,34.86409378,-62.08831787,22.02126503,-12.36080551,-3.456464291,-7.873744011,-0.385236412,0.143173277,-0.328095078,-0.044180561,0.016270703,0.112885214,-0.104590788,-0.135161594,0.117487982,-0.066521712,-0.00019526,-0.079085164,0
Man00065.wav,119.2649557,127.0887967,121.3496704,122.7596857,125.2672723,123.0148115,-0.02522151,0.14566717,-0.000123088,2481.549669,-1.72947531,20.16142385,3.931325329,85.89582062,-44.57889938,7.780207157,-24.00985336,-34.60977554,25.23904228,-4.460650444,-36.2964592,18.59112167,4.585513115,14.68159962,4.567476749,0.169562131,0.01034928,-0.10704197,-0.221226722,-0.010636844,0.092496939,-0.141240418,-0.078953259,0.134545833,0.066419981,-0.028368043,-0.008597236,0
Man00066.wav,114.5388368,347.2168248,115.2023535,172.6085015,345.2170031,233.7678732,-1.65155023,0.22034805,-0.000235426,2042.555256,4.357907224,11.5138372,16.20920098,84.86966705,-17.96130562,31.71727753,-26.12105179,-2.738355875,3.073696613,-0.916046739,-39.89655304,22.19066238,-22.38360786,4.630671501,-26.64691734,-1.041922569,0.015728798,-0.117208123,-0.274818748,-0.534126699,-0.164008111,0.531637609,-1.275792837,0.865705311,-0.289181799,-0.320411384,0.075023621,0
Man00067.wav,223.8455323,251.2581146,249.8109744,249.8109744,251.2581146,245.3036286,-0.313181973,0.21762134,-0.000193183,2337.64569,9.168414754,9.510755289,18.14214034,57.16576767,-1.795880079,17.77383232,-25.95358467,-29.65638542,-15.49748421,24.42073441,-24.96425438,4.006509781,-6.645098209,-5.689437866,-13.93553448,0.012756734,0.610850751,0.168939546,-0.028003639,0.108773448,0.138472512,-0.198476151,0.172762662,0.210479781,-0.211825043,-0.114519514,-0.084665284,0
Man00068.wav,83.84733628,408.1700115,85.3129619,139.3941668,166.7288223,156.1180105,0.022813392,0.16408005,0.000439194,2026.614852,8.288308155,15.95910687,7.305923215,102.9266739,24.90799904,29.82321548,-12.2154789,-33.14147949,-6.40338707,24.35841942,-22.83895302,-10.50983334,0.44300589,-11.68199444,-26.78868866,-0.525453687,-0.37838465,-0.552166104,0.085648037,0.426440477,-0.029242717,-0.511759341,0.299572289,0.026148111,0.29608202,-0.038878817,-0.068850107,0
Man00069.wav,136.2103996,153.7766928,150.0480634,151.1349012,152.0104168,149.3454218,0.052089798,0.16035546,-0.000173632,1688.932221,0.684337715,11.31474876,17.16857319,104.2934494,69.02733612,17.14406586,-33.25655365,-65.46908569,12.19092178,-0.949451268,-21.84283257,18.61868858,-17.99649811,-13.14082909,-7.170166492,0.073464446,0.003872362,0.000114224,0.007324866,-0.173428789,-0.093334548,0.315737724,-0.126957193,0.16385068,-0.10889902,0.176767319,-0.114601068,0
Man00070.wav,55,325.8414615,73.78824753,83.36441116,141.013849,104.4763259,1.41593609,0.14573856,-0.000166595,1901.606139,9.187105724,20.21802175,5.997841124,106.4445496,-37.08330154,23.87270355,3.270887136,-12.64697742,-1.574720263,5.570398331,-45.56979752,-10.57212639,-3.576428652,-0.985241175,-1.101053596,-0.816477418,-0.385306984,0.01759056,-0.37238878,-0.473946273,-0.271672547,-0.247094557,-0.200972885,-0.309332728,0.018464927,-0.17770955,-0.316245437,0
Man00071.wav,129.3102697,130.8127827,130.0593565,130.8127827,130.8127827,130.2981941,0.069880318,0.13711649,0.000166625,3176.46701,15.01336683,24.37928653,9.316485423,58.97817993,-1.971447229,-5.191728115,14.87669659,-38.55656052,-3.309442282,5.70102644,-44.25569916,1.246316552,4.428871632,12.3564291,5.74684,-1.852991819,-0.44673577,0.695283175,0.226385236,1.397663355,-0.781579018,-0.660942256,1.037209749,-0.030679226,-0.292755425,0.235361859,0.959315479,0
Man00072.wav,283.6614679,329.6275569,290.2917404,291.9733833,291.9733833,296.4561268,-0.398156327,0.22515951,-0.000451245,3088.082548,3.489423106,10.45501203,17.35708397,2.87858057,-16.90665817,17.43003654,-47.48732376,6.565344334,-24.01548004,-14.61660099,-43.11410904,10.81087112,1.002363801,-10.71779442,16.71549606,-0.494902849,-0.24717173,0.680085063,-0.468911231,0.02674251,0.143094033,-0.034182373,-0.041205827,0.278262854,0.188088566,-0.077192187,-0.118337229,0
Man00073.wav,133.8703865,408.1700115,133.8703865,267.740773,305.7820084,238.5906995,0.720263768,0.15091224,-0.000526839,2186.266027,4.916274843,12.01069516,13.46963659,96.26129913,12.59657955,15.38957596,-14.98620605,-51.1642189,14.96179676,15.34037304,-45.40696335,23.46349144,-20.13647079,-12.7308836,-12.85726166,-0.309838295,-0.62422502,0.398249984,0.144944176,-0.25134632,0.175502792,-0.168236941,0.180213019,-0.037274662,-0.009665349,-0.224281549,0.07577356,0
Man00074.wav,221.274447,655.4580838,221.274447,327.7290419,655.4580838,450.8263817,-1.020059555,0.1757838,-0.000661682,3595.686221,4.144925845,9.717787609,15.35739885,14.08156204,15.60214424,-10.22723389,-42.53039169,-28.66234016,-11.76831055,17.28793526,-47.65335464,11.1063118,7.918960094,-5.380085468,-3.594214201,0.25920856,0.379909068,-0.262456477,-0.049478404,-0.494359016,-0.066103622,0.168596119,0.127132967,-0.106773742,-0.101409182,-0.283046573,-0.392701298,0
Man00075.wav,54.36827112,183.9317058,109.3664466,110,110,112.0444141,-0.056712399,0.16908604,-0.000521584,1755.493815,-3.038365673,16.39853039,10.21875184,119.1771469,13.25111103,23.32004356,10.93303108,-24.29599762,23.700243,34.45619202,-38.39659882,21.51162338,-19.19973373,-5.693818092,-18.18033028,0.151120991,0.236540273,-0.129741341,-0.358841568,0.091070205,-0.058790248,0.27877599,0.231939122,-0.21074681,0.301613957,-0.065709986,0.157805368,0
Man00076.wav,242.6993409,273.9989169,246.9416506,248.3721691,249.8109744,250.4035146,-0.180294006,0.18673833,-0.001024428,2859.410237,0.136928262,11.43657251,19.25074823,28.55169868,-6.266705036,-26.08335686,-23.78716469,-34.35492706,10.33038044,16.26607704,-51.10980606,17.15128517,-3.066232204,-7.631617546,-1.285286069,-0.148505986,-0.348247468,0.048950981,-0.141165525,-0.002757506,-0.229360864,-0.015362132,0.077595696,0.02788463,0.175878122,0.158166036,0.058144651,0
Man00077.wav,,,,,,,,,,,,,,,,,,,,,,,,,,,,,,,,,,,,,,0
Man00078.wav,100.8704448,280.403338,153.0960852,244.1052839,245.5193714,216.0494735,0.486805397,0.19210255,-0.000146392,2828.085856,-9.324770146,14.49522083,15.75482657,57.30606842,15.3445034,-10.98824978,-11.13676739,-27.8315506,-3.302405834,17.0465641,-32.26282501,8.361607552,-5.107956409,-3.286446571,-2.718183041,-0.266631603,-0.346659541,0.403454542,-0.534617424,-0.364936858,0.389251947,-0.326811403,0.090217635,-0.277587533,0.230446473,-0.330362201,0.230457589,0
Man00079.wav,211.2820479,251.2581146,220,221.274447,234.7716232,225.9716035,0.155937197,0.16729379,1.24E-05,2293.99759,-11.09013351,10.18243242,15.04953358,70.48259735,-38.71479416,1.859012961,-3.547314882,-30.76189423,-24.68258095,19.78523636,-42.38447952,12.55387306,-2.524297714,5.837920189,-3.508708,0.553917825,-0.28904593,-0.232575491,0.431128263,0.193707883,-0.373687893,0.049604177,0.358609051,-0.113476142,0.035419807,-0.149483562,0.173557222,0
Man00080.wav,115.2023535,233.0818808,115.2023535,116.5409404,129.3102697,132.8378225,0.530454,0.1372049,0.000137546,1543.649927,1.37575221,11.9044776,14.08669372,128.1470947,0.05613599,21.1776619,-30.25778389,-46.03839111,14.49857235,8.79043293,-38.18917465,16.12102127,-10.333354,-0.43035081,-9.605796814,-0.188362092,0.344709486,-0.155610099,-0.080422983,-0.021005366,0.171289966,0.120826803,0.089498602,0.205292821,-0.133407831,-0.064453453,0.06078779,0
Man00081.wav,179.7306999,254.1775933,218.7328932,230.404707,248.3721691,228.6250382,0.457482299,0.14405403,-7.14E-05,3397.978777,6.27363541,14.81016353,11.26740907,46.58535767,55.86771011,-2.787294626,-28.4101944,-37.55823135,4.991380692,37.50761414,-54.31058884,23.58946419,-30.74504852,-16.73121262,-1.217391133,-0.262576729,-0.424495041,0.102422081,0.2149432,-0.043160271,0.095660463,0.042239401,0.385775864,0.070695147,0.115512721,0.682514966,-0.136078745,0
Man00082.wav,,,,,,,,,,,,,,,,,,,,,,,,,,,,,,,,,,,,,,0
Man00083.wav,307.5533855,420.1303057,367.8634116,372.1377786,415.3046976,372.1787006,-0.525489375,0.25298136,-0.000591993,2275.828472,0.309328259,6.213448542,22.05168517,52.74447632,-8.546967506,-5.066650391,-18.57698059,-37.55449295,-0.886576414,2.468959808,-29.9246273,18.50547791,-17.35627937,-7.044614792,-17.19411278,0.087042235,-0.017464554,-0.196027189,0.049750078,-0.064431466,0.050745204,-0.070930414,-0.051684354,0.001966431,-0.054620635,0.042192198,0.106674261,0
Man00084.wav,229.0776736,260.1187129,230.404707,244.1052839,248.3721691,241.653977,-0.017071084,0.21234119,-0.000420077,3256.962162,-13.38799751,13.46590977,13.05279831,19.10180283,-27.96162415,3.946805716,-25.29653931,-14.92030907,-3.160398006,24.74560165,-27.04356003,5.884755611,-2.044723749,7.421368599,-4.05870676,0.75663358,-0.280086815,-0.024025461,0.150003716,0.027932717,-0.033465888,-0.022408744,-0.446912527,-0.396708786,0.046557128,0.043081734,-0.041858304,0
Man00085.wav,92.49860568,686.4573989,100.2894737,100.8704448,678.5727632,264.6414749,-8.907831402,0.14553842,-0.00024089,2449.055756,0.046686968,17.96421326,5.380048923,62.10304642,-62.61338043,-9.361769676,-28.37962723,-39.60939789,20.61241722,13.15689945,-27.082901,8.581170082,31.81370735,5.741120338,-12.57379341,0.046126653,-0.000747476,-0.001683343,0.173617318,-0.035798881,0.438789904,-0.375796467,-0.005978324,-0.019011395,-0.119269587,0.364881247,-0.14981173,0
Man00086.wav,62.09304226,270.8517709,62.63363613,251.2581146,270.0717752,201.6753695,-4.755510684,0.11709236,-0.000559838,3018.189904,-29.32229412,16.44804889,11.18470087,84.18473053,20.29296494,10.0118742,-8.585136414,29.41560555,43.66083145,14.42043591,-21.66248131,17.67141342,14.02967739,20.66022682,-5.545072079,-2.536777973,-3.035968065,3.272903442,-0.628123224,6.759385109,3.320965052,-1.595477462,2.920354128,-2.086730003,1.875032544,3.543183565,-0.577280104,0
Man00087.wav,175.625645,252.7136381,193.7464922,220,233.9754081,215.2775384,0.483690955,0.22700946,0.00056698,2851.287401,-19.36064879,13.49880488,12.89461813,62.82338715,11.14459991,26.5881176,2.87868762,-3.246133089,-26.2813549,12.11666489,-26.62063217,14.36514187,-16.5574894,-0.928458929,-9.773985863,1.453812599,-0.065292694,-0.477578104,-0.686765909,-0.136410072,0.700443864,-1.015546441,0.278115064,0.344762474,0.870749354,0.11339581,0.247199178,0
Man00088.wav,145.9866917,254.1775933,220,245.5193714,245.5193714,232.2445528,-0.263086303,0.18163744,-0.000739677,2288.898147,-6.045863656,9.806709579,17.17540044,66.53600311,-19.13079643,-33.01548004,-13.0286026,-30.55290985,6.726313591,2.42361474,-50.96162415,11.20734882,-15.67167377,-0.599460483,-7.007365227,0.511889756,-0.260367841,-0.116529264,-0.223095611,0.419217408,0.027917635,-0.274310172,-0.283973187,-0.075224578,-0.100057088,0.163101539,-0.031899162,0
Man00089.wav,398.8473955,398.8473955,398.8473955,398.8473955,398.8473955,398.8473955,,0.2080559,,1934.623213,,4.850534904,22.68314096,72.07618713,-2.074231625,64.65209198,28.69640732,10.14152145,20.8633194,-1.108406067,29.67901993,30.01750374,14.96600914,17.6115036,-1.415636301,,,,,,,,,,,,,0
Man00090.wav,216.2205317,263.1411468,234.4321104,235.7901618,248.3721691,238.7738511,0.310459181,0.2443412,-0.000150773,2621.279681,-3.152291624,11.03018577,12.73779818,72.04683685,17.6080246,14.22127438,-2.722596645,-49.93274689,-0.251479089,24.74557686,-28.70935059,28.55392075,-18.19203568,-1.443460822,-17.03030586,0.233220637,0.365974963,-0.061135743,0.077742688,-0.152530611,0.049063679,0.20570837,0.035941791,0.069933169,0.263762444,0.145442083,0.036918491,0
Man00091.wav,244.1052839,261.6255653,246.9416506,251.2581146,260.1187129,252.408873,-0.076221265,0.25073406,-0.000270806,2019.753019,-6.783032828,7.997979433,18.0930601,73.54202271,-36.99837112,-11.46572208,-31.62403297,-22.31032372,0.390658706,28.72238731,-49.33261108,12.92028904,6.760831356,-4.835051537,1.701161265,-0.187121287,-0.119497381,-0.149488211,-0.145950392,-0.117242508,-0.174576521,0.0768442,-0.037259523,-0.142596632,-0.009128322,-0.089173615,0.051198125,0
Man00092.wav,237.1560803,245.5193714,242.3498795,242.6993409,244.1052839,242.5777511,-0.138896567,0.23828958,-0.001172477,1819.455848,-21.654954,7.486768994,11.25788753,117.922142,10.7567358,3.00434494,27.55224991,-8.264936447,17.47936821,37.03095627,0.583335519,5.28807354,-31.36086464,-0.997829735,20.06506348,1.189805508,-0.770066857,-0.305248231,-0.706651032,-0.455904037,-0.500888705,-0.040736858,-0.477218807,0.172479674,0.384203732,-0.42600444,0.043980982,0
Man00093.wav,,,,,,,,,,,,,,75.6496048,44.11943436,28.1239872,-49.07110596,-62.87537003,18.45043373,19.05037498,-15.59316349,9.532154083,-20.07604027,-9.391840935,-13.59576511,,,,,,,,,,,,,0
Man00094.wav,85.80717486,560.806676,86.80420621,87.8128225,96.8732461,182.7808018,0.417378171,0.16856036,-0.000267726,2139.048786,2.264322699,19.79752854,6.021490782,106.6212158,-9.849692345,38.0376091,-10.77029991,-40.9224205,-19.71294403,26.65168381,-26.17943001,9.165931702,10.53635502,-9.256960869,-1.331019282,-0.098661415,-0.090459377,-0.004214512,-0.101269774,-0.187843487,0.053395167,0.151185557,-0.095300242,-0.043638762,-0.028592193,0.10586267,0.01487078,0
Man00095.wav,116.5409404,137.7930882,127.0887967,129.3102697,131.5705734,129.2839562,-0.060570235,0.1687706,-0.000192151,2367.603636,3.260714647,18.33534542,13.2293802,85.79202271,23.54287338,11.88213062,-73.75855255,-33.10840988,3.086652517,17.04946518,-52.67036057,15.73722076,-4.659677982,-25.12151909,31.9044075,-0.093472227,0.478212476,0.406747818,-0.065400593,0.147696033,-0.18936117,0.068494268,0.194511458,-0.116840795,0.220328003,-0.083041221,0.072812743,0
Man00096.wav,152.8910042,261.6255653,235.7901618,257.1309947,257.1309947,232.5067266,2.09108152,0.1208616,-0.001062216,2840.917463,-4.853550203,12.59479348,10.68888836,57.26661682,-17.77163124,-0.955572009,-21.80790901,-38.49402618,3.194857836,15.67022705,-56.97332001,6.032513618,-12.56408405,-11.52878571,-8.671821594,0.368273616,0.496080875,-2.102681875,-0.733546257,-1.195249438,1.115529299,-1.343206286,-0.672727466,0.597113013,0.390370458,0.60801816,-0.413082451,0
Man00097.wav,133.0993498,651.682923,146.832384,273.9989169,309.3350242,234.9459406,0.971149453,0.16560498,-0.000303462,1905.761313,-0.973009346,9.636490202,2.85754029,80.92372131,-46.21737289,13.83626652,-26.12657928,-19.41254234,16.17659569,-18.32379341,-38.06571579,10.49834442,-9.079237938,18.29520416,-7.61834383,-0.051935118,0.077924117,-0.222260162,-0.353151053,0.088961497,0.116570316,-0.00798032,0.304555118,-0.155923441,0.256402314,0.200999767,0.089089602,0
Man00098.wav,114.5388368,670.7786902,171.6143497,172.6085015,172.6085015,204.7066946,-3.465267181,0.174006,-0.000114976,2302.333423,0.183690885,13.09641588,13.0864766,71.75166321,-25.94372177,11.24402523,8.375597,-17.81691933,-19.21820068,0.992909908,-18.83506012,3.718087673,-7.511370659,-1.424046755,3.922418356,-0.04763234,0.148931682,0.065225132,0.50315696,0.627336204,-0.165001646,-0.28384161,0.252439171,-0.203925386,-0.340029866,-0.187456727,-0.015547102,0
Man00099.wav,227.7582832,300.5288565,235.7901618,263.1411468,263.1411468,257.2454596,-0.367743547,0.20327993,2.10E-06,2820.455169,9.888769688,11.05577858,9.852789681,55.38020325,-16.85285568,-9.901947021,-26.83998871,-28.63933372,10.08451271,35.00688934,-42.68865967,21.03787613,-22.60250664,-0.350641578,-25.82073784,-0.410627335,-0.127094895,0.128490567,-0.098176233,0.141420916,0.269729942,-0.32433334,0.051859319,0.169886753,-0.172582328,0.194283068,-0.16503495,0
Man00100.wav,248.3721691,252.7136381,248.3721691,248.3721691,249.8109744,249.0852355,-0.030931676,0.21129572,-0.000801706,2676.657131,-2.123119458,10.74585689,12.77407699,46.88269424,-57.41210175,10.8193655,-29.05972862,-9.151744843,-22.83644676,20.90528488,-41.59381485,7.117511749,-10.50107861,2.097459316,16.99965096,0.129317164,-0.011598174,0.018814815,-0.21959272,0.11133109,-0.391825408,0.0522645,-0.252184421,-0.198540658,-0.137650624,-0.156010181,0.190540865,0
Man00101.wav,62.4527436,159.1996161,123.4708253,124.1860845,124.9054872,119.9186482,-0.023889213,0.1294627,-0.000156811,3090.328874,-1.218166293,27.09712599,7.6251222,46.93434906,1.859268069,31.69800949,19.73117828,-34.86027145,1.916091323,22.19179916,-43.0091095,0.637778938,-7.021493435,4.361824989,11.11123848,-0.188042074,-0.141127288,0.283499867,0.487827927,0.140175387,-0.170626968,-0.183554977,0.139497831,0.103986062,-0.085587412,-0.430501938,-0.054824978,0
Man00102.wav,129.3102697,230.404707,132.332754,136.2103996,139.3941668,144.4176624,-0.316214361,0.11924713,-0.000527648,1954.597758,-12.8053944,14.12857626,10.62265857,124.5848389,6.919864655,38.47281265,12.80807495,-44.9048996,8.092750549,33.26344299,-40.55151749,21.40950775,-28.36794281,-12.84796524,-12.07019711,0.645785511,-0.298730969,-0.50137037,0.866291523,0.478819549,-0.535941541,-0.158459395,0.703766108,0.041680988,0.034842461,0.152257025,0.058267169,0
Man00103.wav,345.2170031,447.6910645,349.2282314,351.25129,394.2662424,372.0679333,-0.225169982,0.23753527,-0.000141021,2145.05759,-1.286457732,5.847969616,22.76964696,37.9778595,-20.97674561,24.1062603,-31.31081963,-27.54473495,5.556464672,-5.386957645,-25.00403595,9.010110855,-13.8572073,-12.4922905,-12.94698238,0.117450997,0.054151438,0.317529678,-0.003591839,-0.146518111,0.025672078,-0.148325801,0.185423017,-0.374028265,0.12498448,-0.022881078,-0.139473766,0
Man00104.wav,748.5871016,770.522378,752.9236226,766.0844957,770.522378,761.2354685,3.29239461,0.19823998,0.009186062,3484.321985,248.5226729,4.568371137,9.314448292,34.79140854,19.00312042,-3.425101757,-32.51237106,-53.72298431,-13.62925529,38.71474838,10.37160015,38.39717865,5.022346497,14.98338032,-9.594124794,-7.387526512,-0.985729694,-0.433805466,1.282927752,1.398410082,-0.189512074,-2.458613634,0.464119375,1.651437402,0.257814348,-1.874483466,-0.997208774,0
Man00105.wav,230.404707,339.2863816,266.1986996,267.740773,332.0172136,285.7183482,0.399510395,0.16207026,-0.000143911,3061.186258,4.908040623,10.93206909,13.71693772,21.06586266,6.474625111,3.821752548,-47.85939789,-43.5031662,10.20064545,10.72636318,-63.9614563,18.82099342,-6.890702248,-13.35617161,3.149297953,-0.070744187,0.286210328,-0.198939547,0.045217782,0.198600978,0.092920542,-0.073762864,-0.140235454,0.053469039,-0.074160948,0.098605081,0.0348095,0
Man00106.wav,152.8910042,249.8109744,153.7766928,229.7411903,248.3721691,204.3319769,-0.157339496,0.23520474,0.000136114,2202.883868,7.997582234,11.77274913,13.78838506,90.36437988,-14.4449482,7.724305153,-21.44523621,-32.97876358,3.96504283,16.35217857,-46.25452805,21.73364449,-11.53620625,4.715582371,-1.972569108,-0.431993246,-0.06118029,0.016947966,-0.188353077,0.017271776,-0.069516279,-0.038568933,-0.340294838,-0.047550384,0.047165189,0.008260691,0.180615291,0
Man00107.wav,87.30705786,153.7766928,146.832384,146.832384,153.7766928,138.0814421,-0.078227953,0.12986404,-0.0002904,2592.022488,27.29251413,18.70533296,12.97641307,84.19884491,21.3042717,19.99446869,-19.90061569,-69.45484924,3.705481052,27.19561195,-38.09509277,25.62001228,-27.78421783,-4.880851746,2.749039888,-0.8142308,0.421894193,-0.616110325,-0.231752828,0.525610089,0.076553456,-0.675163507,0.40322265,0.748829067,-0.550197065,0.286443174,0.046431705,0
Man00108.wav,307.5533855,415.3046976,311.1269837,363.63814,405.8191252,361.749955,0.389306452,0.2795205,-0.000499271,2157.841035,-3.408226815,6.064190121,13.45823667,91.38933563,-58.03670883,14.00417137,-56.50596619,14.03593063,-3.966186523,6.857911587,-37.19367981,12.33309555,-4.196228504,-6.057035446,19.82627869,0.483683079,-0.21530889,0.100835688,-0.111323759,-0.21484977,-0.13923572,0.022599759,0.055255707,0.060232099,-0.009196997,-0.0974425,-0.041566309,0
Man00109.wav,212.5059924,233.0818808,218.7328932,230.404707,231.7394279,226.0319119,-0.002265331,0.099170536,-0.001052926,2462.571378,1.083446995,10.91010155,8.950491049,54.80373001,-20.33288765,44.69364929,0.5959813,-42.90073776,54.41617584,18.55272865,-37.31528854,-11.12572956,-26.61297798,4.38854599,-19.49827194,-0.153995544,-0.117416993,0.100050904,0.276097208,-0.133209154,-0.09223824,-0.124371506,0.022943789,-0.244204119,0.099109657,-0.039857347,-0.211307079,0
Man00110.wav,85.3129619,120.6507478,120.6507478,120.6507478,120.6507478,120.0519881,-0.052402953,0.11938122,-0.000296892,1851.375326,1.382164131,15.46820768,14.12947075,105.1559906,-51.18148804,32.12182236,13.61900234,4.735492229,-32.73340607,-3.821667671,-21.77253914,38.66263962,-3.861133814,-10.74165344,13.70484638,-0.018316131,0.131367832,-0.556520879,-0.538541675,-0.141172349,0.129603595,0.079321392,0.328022242,0.247023299,0.028068572,0.32434243,0.030977177,0
Man00111.wav,190.4180434,244.1052839,227.7582832,229.0776736,233.7569956,227.1372946,0.53395488,0.15285926,-0.000570887,2731.935885,17.84187237,11.92227755,12.13289,82.80106354,31.95338058,8.057084084,-24.85861778,-29.52762794,7.845906258,14.12015343,-69.88609314,38.1372757,-29.93969917,-4.210650921,-3.58289957,-0.341323614,0.863210976,-0.485080034,-1.177914023,-0.345350534,0.701052427,-0.012133121,-0.038240388,0.480618328,-0.407128751,-0.112123713,0.249135748,0
Man00112.wav,244.1052839,491.0387428,245.5193714,374.2935508,488.2105677,372.1600988,-1.544110324,0.20896052,4.84E-05,2598.264926,-6.366686009,8.019569551,16.3190714,59.31506348,1.468392968,16.60133743,-20.48189926,-38.88663864,-22.57103348,25.63537407,-39.75321198,9.419569969,-15.83544922,-2.825369596,-9.478345871,0.199150518,-0.187252894,-0.210566372,0.068700746,0.061505321,-0.002634735,0.024472261,-0.078428291,-0.051260564,0.07338094,0.007752725,0.048052099,0
Man00113.wav,244.1052839,254.1775933,246.9416506,246.9416506,248.3721691,247.6664766,0.070768351,0.22725363,-0.000426104,2541.237034,11.57974773,10.25683824,17.18188626,47.88099289,-39.86016464,15.72489452,-2.180491924,-15.30495167,-24.92431068,6.806986809,-44.85406494,18.32701683,10.25601673,-7.435413837,-17.46756172,0.016937751,0.508986831,0.033666935,-0.614262462,-0.237604454,0.045786627,0.488342106,-0.165865019,0.10371013,-0.030311061,-0.300742567,0.271380454,0
Man00114.wav,114.5388368,463.4788558,117.2160552,233.7569956,452.8929841,271.5619253,-6.061214579,0.15473673,-0.0006863,2774.860241,15.24258709,14.7776463,10.54308678,67.37075043,13.79102802,19.83590508,17.2084713,-14.26215076,-11.38566589,14.9038229,-47.25336838,3.513228655,-24.48394775,-13.22933197,-8.677107811,-0.273604482,0.623292923,-0.415514261,1.021266222,-1.084644794,0.138919368,0.21306099,-0.324111432,0.434510082,-0.12315888,0.184639096,0.201787353,0
Man00115.wav,200.5789475,223.8455323,218.7328932,219.3664466,220,219.003233,0.158306622,0.12768456,-0.000256301,1831.007981,-10.41887121,8.376396425,19.74825139,84.47741699,24.82507896,8.247283936,-34.86910248,-47.69496536,17.88503075,-9.731835365,-48.61074829,16.25055695,-14.12853622,-12.04729176,-6.360710621,0.479972363,-0.489670753,-0.176515937,0.03165349,0.156737089,-0.072982639,-0.005939538,-0.019116331,-0.097179584,0.030639714,0.003923574,-0.033469774,0
Man00116.wav,187.1467754,353.286068,251.9858764,263.1411468,297.0819441,274.5091569,-0.37307615,0.20583813,-0.000528579,2539.484436,-2.397389873,9.388678722,4.468316597,61.90958023,-21.93294525,-13.16569328,-43.55154037,-24.67525101,12.83518028,12.7412529,-35.43610764,5.77623415,-7.895545483,-15.37248039,-4.099061012,0.208611339,0.0497366,-0.044705097,-0.205951527,-0.054443147,0.32691437,-0.261642635,-0.090746492,-0.188783169,0.030820442,-0.118797153,0.279615104,0
Man00117.wav,241.3014955,644.1977062,251.2581146,257.1309947,265.4321038,315.9055947,0.904412113,0.14050712,-0.000736104,2629.045929,-3.130072994,9.538563774,7.983919808,51.81762314,-11.40906143,-21.64606857,-32.91349411,-46.08504105,10.70174789,-10.46877003,-49.09575653,20.07017326,-6.682123184,-12.79117012,9.839104652,-0.328269809,0.426728398,0.321822554,0.904191196,0.24711509,-0.579625547,-0.06434679,0.272371173,-0.489482999,-0.29231897,-0.027865173,-0.148493618,0
Man00118.wav,114.5388368,191.5211239,115.2023535,124.9054872,127.8250146,132.5934934,0.373372351,0.103435814,-0.000231543,1384.848206,1.548819441,11.04266079,15.07015469,140.2743683,22.59924889,-4.901328087,-26.76686668,-26.57287025,-7.15920639,31.30679703,-33.91769791,-7.742282867,18.56857681,-11.66364479,8.042135239,-0.110216752,-0.522602797,-0.074506238,0.199375167,0.122742645,0.089880228,-0.249435514,-0.020677028,-0.021824922,0.139606684,0.281262577,0.170643955,0
Man00119.wav,141.013849,401.157895,219.0496699,220,232.7462675,237.2587313,-1.014778246,0.12592132,-0.00108148,2472.938586,5.614996337,11.72454661,11.24236818,88.73327637,20.49966621,-5.878925323,-9.368086815,-40.1397438,11.68980885,13.89960575,-62.98217773,18.49424744,-25.52322388,-7.256240845,-5.514437675,0.789704025,0.039912544,0.418160915,0.105775803,0.499122202,0.801523745,-1.07524085,-0.390379369,0.198984951,0.102243073,0.009255857,0.266756684,0
Man00120.wav,226.4464921,633.1307752,233.0818808,235.7901618,258.6205394,263.0691445,-4.581426868,0.18084915,-0.000632626,2644.504153,-10.58763798,10.47940606,12.72868553,44.84964371,-34.6335144,-9.62436676,-63.44290924,-10.34551907,-0.163470522,18.61601067,-58.69061661,17.87937164,-11.46084023,5.744653702,8.946956635,0.261494815,0.133282721,-0.24828063,-0.213700473,-0.429695636,0.149281099,-0.067615926,0.027527886,-0.258918852,0.19367978,-0.056630969,-0.439916402,0
Man00121.wav,147.6829753,258.6205394,195.997718,251.2581146,252.7136381,222.9495777,-0.737826195,0.1695339,-0.000550424,2788.238939,2.068829182,12.98748931,10.17383826,55.73424911,8.61616993,9.761617661,-27.40124702,-33.19988632,-4.374243736,15.90401649,-30.70825577,7.304802895,-10.05033684,-23.39581108,-20.91449356,-0.144939631,-0.027088037,0.155673429,0.388583988,0.140889749,-0.416176528,-0.168340534,-0.039919637,0.136690676,0.011108722,-0.070226021,-0.099914938,0
Man00122.wav,220,590.7319012,221.274447,277.182631,587.3295358,374.6223135,-0.585652557,0.18595226,-0.000540228,3516.357211,-16.94170886,10.32316198,13.97750275,-1.877569914,-4.504890919,8.270970345,-24.86468697,-31.75455666,-17.96552277,3.16174531,-48.49627686,3.923712969,-10.80413723,2.384026527,-1.49949789,1.073207378,0.519633174,-0.231768847,-0.271284312,-0.06355229,0.107898563,0.66462189,-0.622912169,0.217998356,-0.156752557,-0.474975914,0.216176644,0
Man00123.wav,194.8688542,273.9989169,195.997718,204.0850057,264.6655079,225.5272535,-0.546451823,0.19322616,-0.000310752,2314.200709,-2.954210963,10.52067993,16.60591865,54.60590363,-20.63546944,10.81449032,-38.39243317,-8.627174377,-22.4718132,20.25998688,-36.68608856,-3.726806879,-0.387691528,-5.180665016,-22.29994583,0.377638727,0.76820606,-0.32675162,-0.833015978,-0.652202249,0.393654913,0.470981121,0.168908745,-0.530000806,-0.389837623,0.331841528,-0.286776125,0
Man00124.wav,96.8732461,261.6255653,233.0818808,252.7136381,258.9950828,227.2818237,0.159549958,0.18089433,-0.000479582,2798.48299,1.160189099,13.72922917,13.51125553,43.01050949,-3.269020796,5.689763069,-17.94026184,-41.3442955,6.264801025,23.62418175,-37.61983109,-11.64167404,-7.447604179,-13.33562756,2.483730078,0.194413379,0.104840755,0.148142114,0.065952323,0.13873142,0.076259136,0.117575951,-0.080405042,-0.26762569,0.112696193,0.117986649,0.060839187,0
Man00125.wav,218.7328932,468.8642207,231.7394279,235.7901618,260.1187129,250.2181745,0.667271588,0.21107134,-0.00037219,3393.27464,-7.416059601,13.7385592,9.342404866,15.46182823,-20.1305275,12.76498318,-47.82334137,-2.045807838,-9.651033401,21.31042671,-34.1782608,-7.408238411,-8.519506454,-36.96246719,2.752058506,0.808119774,-0.295683354,-0.448744893,-0.222974822,-0.122730993,0.092716902,0.046758447,0.008282349,0.272561699,-0.284837127,-0.451798826,0.060705911,0
Man00126.wav,217.4730845,248.3721691,220,244.1052839,245.5193714,236.020236,-0.168947001,0.25935254,-0.001454117,2541.332868,-0.755517663,10.76288848,14.71592974,54.13582611,-24.58752441,29.14188385,-38.25442886,-3.883532763,-11.30980873,6.975070477,-24.8452816,20.60598183,-5.806770325,-4.120702267,-3.064417362,0.270779759,0.441835105,-0.136403576,0.047188729,0.250841618,-0.403140783,-0.135497376,0.158915073,-0.1520762,-0.015833803,-0.3479397,0.050983768,0
Man00127.wav,111.2781384,123.4708253,116.5409404,117.2160552,117.8950809,117.5317407,0.014874856,0.11892738,-0.000197557,2788.639578,-0.470705019,23.75618421,13.58885723,74.93238831,61.19607162,28.77266502,-2.713770866,-74.27295685,20.52941895,26.28876495,-35.81639099,12.15244579,-27.53953743,-14.98970413,-17.74651909,0.194765389,0.068363219,0.166294992,-0.188404605,-0.426875472,0.119330242,-0.107943512,-0.228612959,-0.043650333,-0.178932637,-0.124617368,-0.019258862,0
Man00128.wav,73.41619198,164.8137785,147.6829753,154.6675121,155.5634919,150.1197714,-0.025815132,0.20227979,-0.00049619,2377.056488,6.544015224,16.27720764,15.16050663,71.66318512,18.37080383,18.76409912,-13.92195606,-39.1823616,11.79007339,-3.708804607,-22.14312744,-5.374898434,-5.684471607,-2.606789112,-5.976759911,-0.007326642,0.486307144,-0.360521466,-0.140112519,-0.417317092,0.18504408,0.373716265,-0.091281198,-0.084751531,-0.150571465,-0.04135333,0.215028375,0
Man00129.wav,195.997718,230.404707,200.5789475,202.9095626,223.8455323,210.360445,0.976095568,0.09853199,-0.000732724,2344.99982,50.51302125,10.92886675,13.43177487,71.32480621,-6.252800941,0.875733793,6.951385498,-10.96825027,-10.64150429,-1.071526885,-57.39787674,9.870841026,-3.434728861,-12.7608223,-3.787537575,-1.09266448,1.743708372,-1.814213037,1.820012689,0.012410743,-1.302246809,-0.10306266,0.345023096,0.393856317,-1.130508184,-0.664074421,-0.245882958,0
Man00130.wav,110,235.7901618,122.0526419,123.4708253,123.4708253,141.1679714,-0.085751246,0.163826,-0.000687687,2135.072009,5.921704999,16.40755756,8.629592931,110.3631897,7.459501743,23.763731,-5.93503046,-34.00266266,-19.31713676,37.27396774,-49.93532181,-17.26465797,8.301140785,-6.036337852,1.973372579,-0.597429693,-0.368629843,0.402277827,0.26118505,-0.088823795,-0.042874515,0.173299149,-0.201803192,-0.098044544,0.094547488,-0.148757756,0.172975332,0
Man00131.wav,145.9866917,295.3659506,255.6500291,275.5861765,275.5861765,249.9692085,0.568648153,0.22483611,-3.57E-05,3757.554449,-6.093926641,15.5846515,11.29079939,13.53441525,1.259231091,10.72223282,-15.94039822,-17.31516266,-17.19232368,2.889000654,-40.86776733,20.1717205,-8.544318199,1.173024654,4.560106277,-0.142084032,-0.523302615,-0.384983808,0.202360138,-0.080487497,-0.714699328,-0.443945318,0.106589049,0.044964634,0.234177455,-0.221303359,-0.189748958,0
Man00132.wav,115.2023535,116.5409404,116.2053272,116.5409404,116.5409404,116.2285261,-0.014881779,0.20709303,-0.002060239,4854.986967,-33.93660375,41.74609347,10.07667975,36.43409348,35.21217728,-12.21107769,4.476830959,-14.5596323,1.316223383,-22.31170654,-38.50509262,-1.332444191,-25.56022072,25.20096016,-2.516797781,0.769906998,0.26089263,0.37934953,-0.633345008,0.055736966,0.926010966,-0.442969978,-0.682830632,0.268966854,-0.475090027,0.171769366,0.57275176,0
Man00133.wav,333.4576446,403.481779,361.5437384,401.157895,403.481779,380.0809574,-0.609127934,0.24174534,-0.000608416,3699.412367,10.26054797,9.788807174,18.27339613,-3.647814512,-5.646455765,-7.695827007,-1.949553847,-2.858600616,-12.5953083,-2.947593212,-19.14628983,-11.49198532,-14.7389679,-0.266228765,-7.3991189,-0.120764151,0.233093113,0.175220042,0.033980895,-0.380118906,-0.034951977,0.007737337,0.066773981,0.040253729,-0.010915605,-0.065557308,-0.136670575,0
Man00134.wav,81.93226047,251.2581146,230.404707,248.3721691,249.8109744,228.5106689,-0.12024771,0.16069008,0.000245063,2762.595565,3.163330537,12.82112909,12.93967481,67.05686188,-3.221115589,-28.63197899,-5.494443417,-48.57330322,19.20394516,-9.871920586,-47.18540955,21.42042351,-7.438325405,-21.56143761,-11.91952133,-0.113933414,0.364721507,0.1159788,0.091310807,0.303391129,-0.07130532,0.196295902,-0.122174971,0.100146219,-0.144045532,-0.054396097,-0.047225721,0
Man00135.wav,116.5409404,119.9558506,117.8950809,117.8950809,119.9558506,118.483432,-0.022172152,0.10566328,-0.001139261,3619.280546,-7.745165106,30.54136501,12.68621277,51.81856155,72.92604065,14.89190578,-12.78225803,-41.60760498,1.293543458,51.54338837,-41.67507935,-3.916419983,-15.29337406,-33.45994949,-21.50362968,0.370911419,-0.075173676,-0.134992138,0.085411713,0.173786029,0.02793842,-0.057610504,0.076058879,-0.029934473,0.007090417,0.229030788,0.036597285,0
Man00136.wav,186.0688893,231.7394279,212.5059924,226.4464921,227.7582832,220.9595892,0.299073114,0.16894579,-0.000835747,2636.81507,-1.986094946,11.8873356,9.997131493,54.4615593,-13.41239166,4.852386951,-38.38957214,-34.93588257,3.023471594,24.89219284,-43.77362442,8.831259727,-4.456020355,1.093897223,-3.59889102,-0.127558976,0.451416165,-0.094401881,-0.070102304,0.097825646,-0.006957973,0.053514488,0.273732662,-0.142040581,0.12154229,-0.172145814,-0.048169114,0
Man00137.wav,608.0416672,615.106771,608.0416672,611.5640167,611.5640167,610.9803593,-0.369955412,0.15663388,0.000379412,4131.887804,22.15892392,6.762675234,6.005602047,24.10581017,51.71123886,7.421034813,-41.14693451,-37.15261841,39.63359833,18.10620308,-28.65429306,34.14297485,-11.47081375,12.59344101,11.73877811,0.148264572,1.03079164,-0.07886903,0.487120748,0.647960424,-0.057300482,0.874668777,0.025020726,1.240173936,0.280147493,-0.327712148,-0.360063642,0
Man00138.wav,,,,,,,,,,,,,,,,,,,,,,,,,,,,,,,,,,,,,,0
Man00139.wav,239.9117012,264.6655079,247.6569098,255.6500291,258.6205394,254.0381761,-0.23001922,0.21730722,-0.000446462,2511.784343,-7.952749369,9.860286198,12.89256494,58.45755768,-10.53845215,3.327014446,-25.76193619,-17.75608826,-3.663971424,16.08782578,-31.18769455,13.94586754,3.573888063,0.834947944,0.801675498,0.754992485,0.066463031,0.208525181,-0.025654573,0.028906336,-0.424679995,0.00041983,-0.15495047,-0.026215147,-0.01129092,0.008540929,0.017167311,0
Man00140.wav,113.8791416,233.0818808,227.7582832,231.7394279,233.0818808,229.804379,-2.35E-15,0.18554756,-0.000348997,2218.176772,-4.06059246,9.66863991,18.68851759,59.43989944,-0.968472362,11.98683643,-54.20856857,-44.46432495,-4.611177921,9.615125656,-46.53222275,14.93874168,-9.639511108,-3.47140336,-0.722396076,0.573689342,0.312440157,0.167713925,0.039732207,-0.023221528,0.304628313,0.10542383,0.150916934,0.154891536,0.032848794,-0.154358551,0.179782242,0
Man00141.wav,218.7328932,349.2282314,222.5562769,249.8109744,249.8109744,240.701633,-0.19936272,0.21821998,-0.000185585,2590.167401,7.397543079,10.68545088,13.2936725,50.74629974,-25.92054176,-28.72317886,-30.05707741,-36.81676483,-11.65585804,15.8963871,-47.47064209,15.08059883,-3.782378912,-10.22935295,-1.275834203,0.061208632,0.259086221,0.277957529,0.513395488,0.063901074,-0.090523906,-0.023268841,0.261740029,0.003647108,-0.159207568,-0.0934292,0.010431547,0
Man00142.wav,96.8732461,138.5913155,115.2023535,116.2053272,117.0472765,114.2702219,-0.233675586,0.12027453,-0.000103106,3020.700376,5.542065457,26.63379799,7.945159084,84.52200317,45.23516083,3.72125721,-19.11215401,-71.9336319,28.77514267,30.10471153,-24.84251976,0.422845185,3.909950733,4.024819374,-6.1087327,0.13872321,0.677790523,-0.001930148,-0.108317234,-0.503037572,0.30052349,0.535412252,0.420157045,-0.16557996,0.03409449,-0.172563791,0.003451077,0
Man00143.wav,220,227.7582832,220,220,221.274447,220.7324333,-0.033102889,0.14284049,-0.000390306,2331.743448,-7.416437867,10.55624726,22.08887024,50.87419128,8.146152496,10.44133949,-21.31641197,-49.00382233,14.38734818,-2.278294086,-57.5077858,4.376039028,-40.30511475,15.59433746,-6.289046288,0.210211083,0.055462234,0.186690286,0.158888236,-0.047271807,-0.085645698,0.326826721,-0.294606417,-0.128658667,0.008342919,-0.222567961,0.14238064,0
Man00144.wav,322.0988531,369.9944227,324.43393,367.8634116,367.8634116,355.5483585,0.254759404,0.24161495,-2.54E-05,2556.435495,0.115811911,7.196649647,14.98817081,61.03541565,-27.88781357,31.18408775,-55.55331802,-14.91752338,-9.984034538,15.91741085,-37.03636169,23.87729454,-13.91272736,-2.705111504,-17.78514671,-0.154175058,0.158880338,0.018991934,-0.022376817,0.059573755,0.118958123,0.041743025,-0.181447655,-0.128051654,0.121658795,0.026769808,-0.189941138,0
Man00145.wav,177.6663167,182.8723372,181.81907,181.81907,181.81907,181.4992884,-0.034762479,0.12440976,-0.000534875,2348.629714,5.109987233,12.945139,17.34629117,86.58389282,3.444202185,-2.910294533,-20.19147491,-57.85101318,21.064394,9.373012543,-38.83529282,17.66383553,-28.0790596,7.918194294,-5.759247303,-0.018907513,-0.055248305,-0.470467865,0.30518797,-0.019471223,-0.002585954,0.079091907,0.276528388,-0.126909748,0.1201967,0.166911379,-0.233203575,0
Man00146.wav,124.1860845,124.9054872,124.9054872,124.9054872,124.9054872,124.7939221,-1.15E-15,0.22061819,-0.00022821,1697.982646,1.418761414,13.60623906,16.47875731,105.2795639,-13.81689835,34.6581955,-18.57073021,-62.68639755,7.805104256,15.74227333,-6.362604141,15.00117874,11.51328373,-14.69337749,-10.98577404,-0.075178236,0.136077672,-0.074035645,0.133644447,-0.000242254,0.037241835,-0.049481727,-0.008300883,-0.010546338,-0.02684908,0.004448049,0.013511627,0
Man00147.wav,205.2672581,333.4576446,244.1052839,244.1052839,258.6205394,252.8536629,0.284017542,0.12643571,0.000104764,1545.476645,3.851962182,6.185654548,11.41890104,131.8203583,-36.46065903,-2.473520041,4.363096237,-27.554739,-2.177014828,2.890608072,-42.93802643,3.65355134,-12.21303463,2.040552855,-17.72154427,-0.096279114,-0.495529175,0.007295025,0.136738941,-0.213444218,-0.194001332,-0.086781673,0.32491076,0.034661379,-0.088047095,0.058049303,0.143789455,0
Man00148.wav,,,,,,,,,,,,,,,,,,,,,,,,,,,,,,,,,,,,,,0
Man00149.wav,246.9416506,267.740773,249.8109744,250.5345445,267.740773,256.7067403,-0.277716722,0.17013705,0.000317118,2754.151126,4.455070664,10.74907608,9.388627068,60.23542023,4.777824402,18.35173416,-37.43809891,-40.10359955,-7.947462559,37.51856995,-48.89141846,5.199550629,3.394962788,-25.6848259,8.330936432,-0.144027323,0.004016723,0.802647829,0.552542448,-0.033021107,-0.354427814,-0.29782778,-0.098899081,0.53265053,0.020039586,0.257480979,-0.332666934,0
Man00150.wav,104.4276333,169.6431908,108.7365422,123.4708253,132.4409425,124.4461725,0.376700119,0.13175276,-0.000190231,3237.35053,21.09295294,26.87871794,9.511947027,63.12485886,27.31136322,-8.970355988,-6.499180317,-30.51971626,18.12036896,18.77124596,-31.07954597,9.979065895,-17.04564667,-0.527613461,-14.60640526,-1.019717932,-1.09373641,-0.78536427,0.414173573,1.200441241,0.033169795,-0.26799503,0.475109488,-0.114095308,0.549986482,0.972499609,0.335947484,0
Man00151.wav,223.8455323,466.1637615,463.4788558,466.1637615,466.1637615,411.925103,-0.002174143,0.31899375,-0.000969767,2904.685386,-13.48872359,7.012314975,18.83102173,27.43249702,-2.066891193,2.220078707,-12.12687206,-4.570385456,-12.89517689,-3.022018671,-34.62795258,-7.613276482,-8.827838898,-0.753679574,-2.021648169,0.704197347,-0.258799493,-0.074634194,-0.055179324,-0.066356495,0.271677613,0.006037148,-0.074468501,-0.123226903,0.06502559,0.108841263,0.039944064,0
Man00152.wav,119.2649557,273.9989169,122.0526419,264.6655079,267.740773,226.3279409,-0.889665786,0.17758685,-2.79E-05,2136.244484,-10.01523165,9.816523058,19.73765583,76.07013702,24.14285278,-6.221777916,-25.36935425,-33.38946915,-4.828567028,-4.927715778,-27.33021355,18.70954895,-6.396522522,-6.650281429,-13.38313103,0.532355666,-0.367639571,-0.017871108,-0.058032308,0.076003678,0.030794309,-0.015313347,0.094423957,-0.116512164,-0.067600638,-0.092440702,0.222511396,0
Man00153.wav,229.0776736,640.4874005,230.404707,233.0818808,615.106771,355.2484223,-1.050232145,0.2040023,-0.000325886,2406.592937,0.845681895,8.145783067,14.69816774,63.63162231,-5.073113918,13.74192333,-32.07615662,-35.36780167,0.9468624,2.760952473,-39.27576447,18.26870918,-1.258979082,4.893773556,16.21586418,-0.069024757,0.62558043,-0.199294329,-0.285269827,-0.229301617,-0.199391603,0.365426779,-0.283479333,-0.028369535,-0.131460264,-0.293016165,-0.039342809,0
Man00154.wav,242.6993409,252.7136381,249.8109744,249.8109744,249.8109744,250.0006225,-0.008789477,0.13649571,-9.78E-05,2105.544916,3.0446611,8.422251207,17.401814,74.37152863,22.14031219,26.50760841,-23.2601738,-12.74561024,9.850468636,12.87136745,-62.49051285,15.7037487,-10.27165699,3.801040888,18.32946014,-0.156148061,0.295487285,-0.03629801,-0.204610959,-0.252303481,0.023280896,-0.134808481,-0.084001347,0.158654213,0.194155067,-0.026143687,0.092650466,0
Man00155.wav,298.7979376,327.7290419,301.3993295,323.9647528,325.8414615,316.6629201,-0.179405909,0.15179597,-2.95E-05,3157.566748,-0.130547741,9.989962208,15.52957097,10.6783638,-42.31758499,-24.99402809,-27.35921288,-30.53676224,-23.65042114,0.240132555,-33.13864517,25.43750954,-12.14086151,-7.614440918,-6.096609592,-0.376097262,0.02610361,0.655245721,-0.086619787,0.11548914,-0.145804584,-0.059780162,0.054390363,-0.136597425,-0.020051746,-0.115950577,0.207400471,0
Man00156.wav,231.7394279,331.5370699,251.2581146,251.2581146,251.2581146,258.9019789,1.421534448,0.16445328,-0.001378353,2513.642779,2.086672034,9.7178199,17.45443573,59.03453827,-9.785326004,4.015639305,-22.43931198,-29.56529236,16.52582741,5.649120331,-29.22404671,13.84081173,-2.792600155,-5.942846775,-3.081334114,0.014332758,-0.339826405,-0.339658469,-0.073643237,0.900755823,-0.555834949,0.304139644,0.33324492,-0.289760947,-0.537909925,0.030178128,-0.11010053,0
Man00157.wav,64.65513485,124.9054872,88.57733768,124.1860845,124.1860845,106.9704875,0.574558229,0.15787876,-0.000457721,2701.199421,8.934456137,26.66518046,5.031980821,73.05635834,-6.629413605,35.83552933,-19.38464165,-68.9668045,6.028134823,28.20413017,-37.9813385,22.94788551,-5.811984539,-8.405894279,-4.790443897,-0.69100982,-0.199621469,0.423204929,-0.081164971,-0.093772829,-0.045624875,-0.106756382,-0.052138358,0.121261559,0.364206612,0.043561433,-0.039598048,0
Man00158.wav,184.9972114,188.2309057,184.9972114,184.9972114,184.9972114,185.1660495,0.049950995,0.23913251,-0.002614576,1682.229259,1.174781232,9.085041894,13.28587303,118.7684937,-5.715345383,3.547311783,15.66753292,-48.37449646,3.356149912,13.24379158,-7.478791714,-14.08606052,-15.9320879,-12.70816708,-13.61378384,0.496611834,1.782892108,-0.538037121,0.428850144,-0.679340124,0.267878413,0.257147759,-0.545280278,-0.503641903,-0.172938213,-0.234390855,-0.372392625,0
Man00159.wav,172.6085015,744.2755572,332.3350116,739.9888454,744.2755572,555.4444113,-1.137770842,0.18847619,-0.000166636,2933.10529,10.90086236,6.87606601,14.76869528,40.4518013,5.725141525,22.12112236,18.49536514,-8.14324379,-0.953629434,11.43663883,-16.263834,22.38505936,5.446659088,1.907341957,-16.93771362,-0.466504544,0.057600621,0.173001274,0.184060037,0.231954589,-0.349091351,-0.015096205,0.090145729,-0.086823933,-0.044173274,0.328485221,-0.041194096,0
Man00160.wav,107.4875965,123.4708253,119.9558506,122.0526419,122.7596857,120.0822526,0.071080743,0.12573846,-0.000236984,1909.649098,-1.810596779,15.86642146,15.83691435,101.9262238,42.08492661,32.93748856,-2.334345579,-45.7090683,2.817947149,29.46221161,-44.29146957,-13.69208336,14.59806061,-3.989086628,-1.874087811,-0.28124997,0.261033237,0.053825349,0.347792238,-0.044651642,0.042209607,-0.275651157,0.320228964,0.130138814,-0.139712274,-0.300799191,-0.111263849,0
Man00161.wav,115.2023535,130.0593565,117.2160552,119.2649557,125.6290573,121.0882944,-0.082419981,0.116334505,-0.000477923,3853.311357,18.03972759,31.9549314,7.82413398,66.7702179,62.24327087,1.395765424,7.147492409,-75.70450592,20.82504845,21.87616539,-41.25855255,7.4732337,-6.469490528,-18.2395153,-18.50934982,-0.505223095,1.059387565,0.367608488,-0.341856062,-0.67147994,0.120352581,0.085493714,-0.05427869,0.289823771,-0.169119477,-0.075245842,-0.272388726,0
Man00162.wav,233.0818808,312.929324,235.7901618,238.5299115,260.1187129,246.9578242,0.028567617,0.12168304,-0.000553608,1769.734083,-1.539129873,7.214117608,9.038990553,125.3162231,-17.07304573,-6.541959286,-30.75775337,-35.60138702,-13.39996815,16.90157509,-47.50146866,22.04376793,-26.05975533,-8.579291344,-1.986015439,-0.06619332,-0.526052952,0.4474262,0.697861314,-0.052108996,-0.318827063,-0.12236698,0.216352463,-0.106535539,-0.158514902,-0.183288962,-0.028057016,0
Man00163.wav,245.5193714,783.990872,254.1775933,752.9236226,757.2852648,604.5010007,-0.049230954,0.22620584,-0.000593526,2449.688166,6.863080581,5.033876494,15.91811379,66.13072205,4.671283245,7.253456116,2.426080227,-78.54416656,5.278477669,22.40118599,-29.56879425,18.27395248,2.157266855,-5.888345718,-20.09370804,-0.256488413,0.120779842,-0.260686666,-0.164892331,-0.263345808,-0.004654683,0.04581419,0.007533845,-0.026356388,-0.053287987,-0.015782319,-0.062190689,0
Man00164.wav,463.4788558,532.3973993,520.2374259,529.3310159,529.3310159,522.8797939,-0.510154921,0.19583297,-0.000592511,3243.137502,9.447413405,6.212073538,15.1235706,4.538127899,-26.73209572,-11.36372852,-36.61794281,-23.05474663,0.074617498,8.325823784,-33.71318817,-12.70693588,-1.436842918,-5.555887222,31.86057663,-0.197554693,0.040116005,0.183933139,-0.016854113,0.020894311,-0.034302898,-0.048329219,-0.006940143,0.182884872,-0.406565517,-0.036860477,-0.27697888,0
Man00165.wav,91.43616858,114.5388368,107.4875965,109.3664466,110.6372235,109.2527371,0.097697547,0.07829016,-0.000168719,3204.841256,2.094750113,29.37552007,7.188757784,62.16527176,52.37990952,50.6972084,-32.00611496,-42.49610138,6.492676258,23.21616173,-27.54948616,18.56077957,-29.38517952,0.853774667,-10.62849045,0.033748295,-0.079108983,-0.576021194,-0.062337704,-0.314919621,0.236510068,-0.088097222,0.251186281,0.070845418,0.099784002,0.11265932,-0.284822792,0
Man00166.wav,233.0818808,394.2662424,249.8109744,251.2581146,389.7377084,301.5763329,0.63711771,0.2515888,-0.000918309,1949.91038,-4.73593369,7.04732068,17.44355977,70.06658173,-18.78997803,31.03509331,-0.939160466,-15.77647781,-14.75753117,12.13130188,-50.98042679,16.54872513,-31.95035172,-11.85977173,-6.784507275,0.353526562,0.20505017,0.137476698,-0.056470584,0.088744119,-0.325591654,0.04383824,0.121400386,-0.086625688,0.101327635,-0.133034542,0.082788847,0
Man00167.wav,124.9054872,125.6290573,124.9054872,124.9054872,124.9054872,125.0037498,-0.002828772,0.083524905,-0.000675484,1826.64269,-0.75508063,14.61294546,14.75554494,124.9240875,-6.409292698,-22.46281052,4.603335381,22.426054,13.56073475,33.35354996,-72.75247192,24.4104538,0.954492807,1.355552435,-23.20909691,0.089401886,0.562663257,0.030200591,-0.030664206,0.397326112,-0.151623219,-0.050145142,-0.052504145,-0.211430714,0.233127266,-0.0857618,0.050182283,0
Man00168.wav,202.9095626,311.1269837,263.1411468,267.740773,275.5861765,267.4662645,-0.763072487,0.15159842,-0.000636414,2503.655194,-4.405054155,9.329934196,17.46164643,53.2760582,12.4670105,-3.326495886,-24.05442047,-7.375329494,-23.64181519,8.919514656,-50.52164459,14.927248,4.687916756,-15.97316647,7.385394096,0.416470885,-0.065145016,0.268889248,0.193841398,0.009788484,0.382685661,-0.047487579,-0.08375293,0.205893636,-0.119563982,0.152663842,-0.145202592,0
Man00169.wav,171.6143497,403.481779,173.6084124,403.481779,403.481779,338.7017061,2.028111065,0.2799986,-1.68E-05,3768.598487,3.575380925,12.7889957,11.36157367,-2.23504734,-43.53913498,-6.368463516,-27.58823776,0.310692221,-4.864487171,0.007561353,-13.06462669,-1.499325633,-12.38699722,-2.696808338,-1.014333367,-0.363249063,-0.049516778,-0.015719447,0.005668954,-0.046773676,0.085650511,-0.009905899,0.076265924,0.032742899,-0.039642129,-0.063546702,0.03096278,0
Man00170.wav,110,471.5803235,110.6372235,110.957681,450.2845125,259.2726706,12.88665792,0.12031046,-0.00096492,1278.193091,-9.441544815,8.648848489,5.707823238,160.9219818,-41.53702927,-8.031088829,15.21212578,-31.30063057,-4.646672249,7.528304577,-65.35586548,19.90974045,6.530195236,10.5073452,16.16265297,1.280974388,-0.354190469,-0.38092187,1.265855789,0.245338514,-1.322835922,-0.515879571,1.487531185,-0.445191711,-0.083773106,-1.091732502,-0.350129426,0
Man00171.wav,198.2751018,248.3721691,239.9117012,244.1052839,245.5193714,239.1583347,0.533942892,0.1461165,-0.000103756,1884.696347,7.16480967,7.893837535,10.73884838,105.9088898,-55.00871277,-5.466275215,-31.25140381,-81.16220856,27.75142097,2.950297832,-42.57496262,-7.031543255,3.775492907,-10.09954929,-0.260598361,-0.408604503,0.490708232,-0.589990616,-0.521849811,-0.262770206,0.188832566,0.966530442,-0.34726578,-0.16596821,0.141613841,-0.202578202,0.033881269,0
Man00172.wav,82.88426748,261.6255653,248.3721691,249.8109744,249.8109744,221.2162221,-1.955419166,0.15957288,-0.000685376,3588.828745,-11.09721905,16.99035874,9.544356333,36.46418381,24.57978439,13.48170853,-8.671177864,-34.36302948,6.451095581,14.29483604,-41.90647125,18.47176361,-10.95723438,-10.93646336,5.217747211,0.610946655,-0.614356875,0.30310905,-0.053668208,0.497060418,0.21429731,0.451771349,-0.519441247,-0.519904315,0.188226223,0.016503034,0.064196028,0
Man00173.wav,246.9416506,246.9416506,246.9416506,246.9416506,246.9416506,246.9416506,-7.38E-16,0.17880271,0.000356215,2452.883962,13.4028256,9.933050808,10.96825292,64.97390747,-47.65039444,27.96910667,-18.96792793,-35.234375,0.348285109,22.03476906,-56.97949219,-7.003034592,-25.09476471,18.64664078,-7.683670521,-0.502673745,0.41303274,-1.777277589,0.632840991,-0.666501999,-0.494215548,0.93114084,0.04534547,-1.011319518,0.368336171,-0.269768625,0.194087669,0
Man00174.wav,206.4563593,288.619783,269.2917795,272.4207993,273.9989169,270.3926451,-0.200317236,0.16403954,0.000236851,2655.453225,4.567249945,9.799878041,15.77299212,56.65893173,2.71421504,-11.90079689,-28.85844421,-20.73002815,-2.942678928,2.320839882,-56.59132767,25.64383888,-0.631226182,-16.58668137,7.666795254,-0.209161028,-0.090256259,0.343184412,0.073116459,0.005228297,-0.027784046,0.021931449,0.230993196,0.092474796,-0.313057512,0.101493448,0.004885213,0
Man00175.wav,124.9054872,195.997718,146.832384,146.832384,146.832384,153.1380667,0.352103055,0.23149662,-0.000835318,2527.300459,1.868573681,16.73563169,12.76183179,83.68769836,19.78487587,3.529277802,-13.06153202,-36.28927994,-6.147717476,16.84711266,-43.5129776,8.683721542,-13.26310921,-15.00793171,-8.469665527,0.275847882,0.260630399,-0.122648746,-0.234468207,-0.177034706,0.347865969,0.20899345,-0.338344276,-0.030477377,-0.009043122,0.015182282,0.063992575,0
Man00176.wav,214.9751931,249.8109744,237.1560803,239.9117012,244.1052839,237.6499001,-0.089410555,0.20021704,-4.62E-05,2125.835736,-7.249571412,8.97379032,13.95796019,82.0014267,-28.28110886,24.23913956,2.762053251,-37.29504776,-12.15828705,26.72203827,-54.08467865,7.631346226,-24.8676815,-13.97925568,-2.470437765,0.213630855,-0.251885593,-0.175408155,-0.081518523,-0.065970704,-0.07738483,0.295043468,0.08306659,0.031895772,-0.010315586,-0.371582866,-0.004839562,0
Man00177.wav,242.6993409,757.2852648,252.7136381,752.9236226,757.2852648,592.7716297,0.056862956,0.20011047,3.13E-05,2503.768758,-7.690287326,6.241046851,20.01258041,56.85139084,0.36456427,1.304684758,-22.33631897,-50.42646027,3.984082937,18.54002953,-20.99612808,16.88479614,-10.61100769,-11.79629993,-18.42335129,0.528950453,0.050311871,-0.449354857,-0.605929613,-0.529007435,0.282974184,0.198739707,-0.012084333,-0.032203857,0.210979745,0.126073748,0.06121606,0
Man00178.wav,272.4207993,647.9295056,291.9733833,295.3659506,647.9295056,444.9756555,2.87793667,0.14731066,-0.000546807,2220.751556,9.672501485,5.748043039,6.179384695,80.28211212,-57.78264999,-3.254037142,-22.00719643,-37.34142303,-42.38507843,44.04078674,-72.16117859,8.014798164,0.75303793,-5.154481411,10.42555428,-0.434878826,-0.309476703,0.128105864,0.198887274,0.303772837,0.126543194,-0.184643537,-0.42236349,0.031030566,0.054787848,0.107410133,0.141538233,0
Man00179.wav,305.7820084,351.25129,309.3350242,337.3322358,349.2282314,329.7236716,-0.564138354,0.19715415,-0.000394391,2881.87276,3.901992612,8.713263492,14.28795663,63.73390198,3.506614447,-14.48692036,-1.959395289,-27.36763954,-7.396986961,-11.7487793,-15.96665001,19.9810276,-18.91280556,7.462264538,-19.97323608,-0.3290461,0.795093834,-0.983363509,-0.455137461,-0.876539826,-0.094263382,-0.575453758,0.522505224,0.128035948,0.053938285,0.348157048,0.050462451,0
Man00180.wav,229.0776736,252.7136381,241.3014955,242.6993409,244.1052839,241.9452657,0.048303895,0.18074743,-0.000491371,2838.71046,-4.86777139,11.73665099,13.93517842,50.33646393,-14.68037319,7.714120388,-46.04025269,-18.82422066,-1.367017627,28.75972939,-55.49599838,28.34572029,-6.813397884,-2.503529072,3.425264835,0.452631086,0.249898553,-0.041589156,0.107659139,0.083770908,0.28595373,0.017684376,0.082517095,0.012654759,-0.155584469,-0.087406248,-0.003803433,0
Man00181.wav,39.79990403,204.0850057,198.2751018,202.9095626,202.9095626,196.3112158,-0.026971768,0.22015178,-0.000516382,1746.499522,1.15316802,9.249999961,17.55278085,102.0741577,-14.9818058,5.007977962,-33.73895645,-18.08316231,27.38217354,-4.623445511,-21.76714897,8.919510841,-5.678247452,0.142612964,7.074499607,-0.181358472,-0.193147108,-0.322587907,-0.026441842,0.083925895,0.224476397,-0.126549244,-0.013129743,0.032162677,-0.082458004,0.178060755,0.016922221,0
Man00182.wav,113.223246,458.1553471,115.869714,116.5409404,401.157895,202.5621333,0.108558396,0.21362144,0.000515157,1547.995665,10.29522147,8.872452666,12.97829131,131.7761078,-18.58293915,36.82226944,10.4499855,-40.4028244,7.004323483,12.51318836,-29.81872177,5.786515236,-6.839371204,-10.20333385,-16.91204834,-0.594231188,-0.327241957,0.021354696,-0.402856052,0.186825052,-0.07285203,0.061161503,0.139959276,-0.048131533,-0.106327973,-0.043321989,-0.017036615,0
Man00183.wav,251.2581146,305.7820084,261.6255653,270.8517709,272.4207993,269.8118043,0.056224299,0.18047169,-4.15E-05,2329.956771,-3.33110649,8.660914336,17.41322691,64.18619537,22.57362175,24.77537346,-38.99674606,-27.76928329,-10.32759094,24.32950401,-48.81369781,9.936683655,-10.40966225,-24.01856041,6.859827995,-0.065108344,-0.06843859,0.359906375,0.326324046,0.123180516,0.035376847,-0.020100158,0.023356212,0.039959569,0.080335684,-0.055212338,-0.035905804,0
Man00184.wav,122.0526419,136.2103996,124.1860845,133.0993498,135.4258855,130.3497679,-0.049991132,0.18927501,-0.001519278,1738.832364,-0.49186891,13.36436767,13.88907671,118.675209,27.15838242,15.91490936,5.607698917,-41.63461304,-31.5723877,30.92325592,-46.78039932,8.586063385,-12.88420677,1.719798565,-12.87743187,-0.054396477,0.313115507,0.243472904,0.195872918,-0.268385112,0.154023558,0.09265738,0.142565131,-0.076960772,0.0194734,-0.128104702,-0.11378967,0
Man00185.wav,231.7394279,744.2755572,234.4321104,251.2623062,263.1411468,344.1463341,-10.0195917,0.1620158,-0.000193212,1943.300022,4.156364074,7.0023465,14.1710872,98.75836182,-54.80580139,-12.99751472,-55.50559998,-25.63235855,-7.438237667,32.71879196,-71.52424622,20.51627159,6.292755127,-11.9056015,8.241490364,-0.175135449,0.967731178,0.982728839,-0.083367527,-0.519075513,0.08994925,0.34855783,0.066478178,-0.525307596,-0.649778008,-0.04304897,0.71977061,0
Man00186.wav,216.2205317,258.6205394,230.404707,231.7394279,231.7394279,236.7700065,0.438477671,0.20005056,-0.000455642,2529.252179,-9.124570277,10.77112007,17.63341175,46.4737854,-5.475560665,1.386026144,-33.45351028,-29.92206955,-12.29207706,18.11771584,-46.58595657,-4.051072121,-6.763846397,-7.224434853,-0.071032017,-0.083084047,-0.339299589,0.70937562,-0.389362782,0.268173695,-0.012548281,-0.241728827,0.098059274,-0.312351137,0.464785635,-0.265021682,0.444657803,0
Man00187.wav,222.5562769,307.5533855,234.4321104,239.9117012,280.403338,253.9071917,0.485110845,0.11267017,-0.000362018,2171.262224,1.80016621,8.678054739,16.15710469,61.50551605,-1.817805529,-4.639695644,-50.15937424,-51.90602112,-6.797518253,10.59440994,-63.25814056,16.83131218,-16.69250107,-12.14673424,-4.331813812,-0.239106685,0.228241995,-0.193936154,0.008576417,0.309862822,-0.192092195,0.232927486,0.232845828,-0.323813409,0.000681686,-0.029797342,-0.05366258,0
Man00188.wav,217.4730845,244.1052839,218.7328932,220,220,221.6231613,0.022694204,0.19179861,-0.00047269,3469.313333,1.158227886,15.67631925,11.22947641,9.80597496,-30.7387867,13.66769028,-11.92667675,-33.21054077,-4.802908421,-6.891715527,-46.85826111,17.49268913,-21.59553528,-9.736235619,-7.678830624,0.15062654,0.289014548,0.680901408,0.717980206,0.240025043,0.039717581,0.15137732,-0.109222025,0.044558283,-0.060063414,0.119533047,-0.131385729,0
Man00189.wav,114.5388368,121.3496704,116.5409404,116.5409404,117.8950809,117.1683213,-0.027042135,0.2484433,-0.000948547,2137.559722,7.623347305,18.28052245,13.59626272,89.82712555,5.335381985,22.64024734,-9.474533081,-33.91524506,9.091978073,8.808029175,-10.85988045,5.23996067,-11.25557995,-10.01368904,-5.074161053,-0.329809427,0.140920028,0.181171283,0.013954161,-0.342875272,0.008307491,0.139892414,0.064466141,0.028997837,-0.0824674,0.031374957,-0.159864634,0
Man00190.wav,127.8250146,258.6205394,129.3102697,129.3102697,130.0593565,136.1343588,-0.015899739,0.18647644,-0.000241374,2689.057601,0.479299996,20.18427763,9.368345947,86.85643005,-10.02210522,-12.91868591,-43.92255402,-45.50605011,11.36959839,22.90798569,-38.63153458,12.48443413,-13.6888361,-2.282424927,11.7697506,-0.13855727,-0.011555799,-1.522048712,0.899331093,-0.030854352,0.504718721,-0.809965909,-0.576004803,-0.522268891,-0.297220111,-0.17397359,-0.237039179,0
Man00191.wav,55,333.4576446,122.5829247,331.5370699,333.4576446,230.9121738,3.056591183,0.1608079,0.000462881,4186.512461,24.76906875,24.1745911,8.283348251,23.1906662,21.29841232,39.08643723,41.30977631,-19.81139374,9.698811531,13.95857716,-29.22315598,-0.334214777,-20.21642303,-5.009068489,-21.31377029,-0.641254067,0.555366755,0.166005045,-0.349353403,-0.306783706,0.315672815,-0.55892688,-0.063236371,0.027295195,-0.009225819,-0.188277066,0.098125085,0
Man00192.wav,94.6606581,220,110,110,110.6372235,116.1482459,0.004096557,0.17448874,-0.000125081,3376.634244,13.00974246,30.1120343,7.855994375,71.22890472,10.43512058,17.72633171,11.71876812,-45.16365433,-5.643954277,6.124001503,-24.62945366,14.85167217,-16.81363106,1.531381845,-10.6832428,-0.799048066,-0.298010856,0.009237236,-0.699011207,0.060484163,-0.245131925,-0.151172474,-0.122784771,-0.068920709,0.152222171,-0.035687473,0.372127444,0
Man00193.wav,85.80717486,270.8517709,156.464662,266.1986996,267.740773,225.9025793,-0.589032355,0.25552875,-0.000394316,1867.052444,-5.141586345,9.39981975,18.38687479,94.87026215,-11.82394981,10.96199131,-6.854076862,-20.61186981,-2.006180763,0.586448312,-43.88978577,12.0618248,-14.44730377,5.778665066,-15.21037102,0.490070671,-0.15448983,-0.026273286,-0.061059628,0.051019203,-0.18430461,0.094082855,-0.186296672,-0.038822122,0.057953555,0.016995287,0.15949358,0
Man00194.wav,81.93226047,126.356819,83.36441116,111.9227661,119.2649557,105.0618436,-0.278593675,0.117651425,-0.000379639,2301.686085,7.590661307,22.98388687,9.088180304,117.5508804,33.6245079,-16.00424194,-11.48160458,-14.47187996,-12.09958935,38.44835281,-23.80661964,2.875410795,-16.64132881,-3.537366152,-5.655903816,0.483054042,0.550744712,-1.461270452,0.586540759,2.967536449,-0.84478128,-0.265835553,-0.050891984,-0.592032373,-0.405860096,0.432076782,0.119708546,0
Man00195.wav,335.3893451,394.2662424,335.3893451,339.2863816,369.4616699,350.2579351,-0.405574201,0.15099776,-0.001407926,3756.951945,-4.267736865,10.74123906,4.358088791,10.09907913,2.04950428,-5.560334682,-10.2359333,0.111632653,-4.612727642,7.341456413,-28.50900269,34.35750961,6.424528599,15.01828098,-13.76380825,0.357634068,0.230352625,-0.167729914,0.171193898,-0.163113967,-0.02400253,-0.450205356,-0.028870815,0.165677086,0.022329537,-0.014104288,-0.153967083,0
Man00196.wav,305.7820084,429.9503861,401.157895,401.157895,403.481779,396.8650496,-0.590252297,0.1782146,-0.000572609,1600.672484,1.180489909,4.058580096,24.45435598,95.08610535,-13.23213196,-4.491291046,-14.83034039,-48.82182312,6.01431942,17.96269417,-42.63632584,15.4613905,-14.4774437,-5.148224354,-23.19178772,0.044758577,0.176565871,-0.338184834,-0.20025906,0.097594492,-0.031883061,-0.121439286,-0.059024736,-0.141793266,0.024079792,-0.047758155,0.026471797,0
Man00197.wav,124.9054872,168.6661179,125.6290573,167.6946726,168.6661179,156.7292355,0.013528018,0.20826688,-2.01E-05,1691.848555,-0.212563389,10.98251876,12.61469167,117.2281876,-11.03104019,37.61181259,-31.87723351,-61.87056351,-1.953333855,45.70822144,-40.70759583,3.737525225,-12.62069988,-18.10370255,-14.19278049,0.271428823,-0.125960574,-0.045331169,-0.044718303,-0.011595869,0.148841828,0.19120045,-0.195592746,0.100373775,-0.1432309,0.079241917,0.004565758,0
Man00198.wav,241.3014955,420.1303057,245.5193714,309.3814694,369.9944227,317.7335932,0.397342754,0.17495213,-0.000385612,3018.774999,-6.891475569,10.14578615,15.32823746,22.12052917,-7.053897858,24.83539581,16.733675,-35.96549225,-13.3466053,12.42864323,-42.4366684,5.51475811,-37.38113785,-1.966265202,-17.55861473,0.191429585,0.181502283,0.531528473,0.306427062,-0.213555068,0.003224324,0.073934421,-0.016823441,-0.240642518,-0.167619362,-0.177421913,-0.074214853,0
Man00199.wav,261.6255653,322.0988531,263.1411468,267.740773,312.929324,287.0437809,-0.533763832,0.20803621,-0.000680875,3633.86134,6.096860752,12.79891689,8.972227982,21.02824593,-7.79793787,12.84092331,-10.87680626,-5.797474861,-6.446218491,5.905226231,-39.1379509,10.01593781,-19.95483589,-9.376871109,-15.28869629,-0.810617328,-0.005201595,0.145544574,0.175642729,-0.210810453,0.132564589,-0.074309565,0.314159036,-0.148769915,-0.056051061,0.324013144,-0.230678111,0
Man00200.wav,118.5780401,130.0593565,119.7831269,126.3652509,129.3102697,124.7218672,-0.841915997,0.050628968,-0.004257837,1655.603216,8.879602091,13.29883002,-5.91205243,145.8063812,45.3427124,43.66701889,-45.57343674,-75.39548492,19.70403671,57.0617981,-51.43750763,27.49260521,7.684923649,-21.8479023,6.680984974,-0.642977476,-1.664839029,-0.411942691,-0.502254844,-0.093191452,0.867680073,1.568452358,1.575781822,-0.522364914,2.021749973,-0.612517774,-0.789835095,0
Man00201.wav,80.9911882,251.2581146,246.9416506,246.9416506,248.3721691,230.1598281,0.098731616,0.18879116,-0.000839226,1951.139678,2.04040685,9.575656338,7.272186046,72.40249634,14.41655922,-0.548248589,-13.58364773,-35.06151581,5.548757553,30.0231514,-21.26942825,8.59094429,-14.06224442,-2.664807796,-1.34097147,-0.044284169,0.041850314,0.278652221,-0.217586607,0.063494667,0.278183639,0.277496815,-0.000257456,0.062875077,-0.13541761,-0.033064622,0.053420968,0
Man00202.wav,112.5711281,115.869714,115.2023535,115.2023535,115.869714,115.1651184,0.003849027,0.13099056,-2.52E-05,1995.763922,-1.895872268,17.31202507,16.63161624,108.1973343,-14.00224972,-16.35722542,-21.46050835,-43.12527084,16.2997303,17.86851501,-41.75382233,8.208210945,4.8099823,4.08190918,-7.02372551,0.335444957,-0.507346988,-0.419608146,0.394952953,0.102522194,0.203081921,-0.216334611,-0.053684171,0.089207664,-0.117316335,0.40166387,0.025752105,0
Man00203.wav,152.8910042,207.6523488,153.7766928,153.7766928,153.9993976,161.7773837,0.262357915,0.23515885,-0.000123425,2819.71249,3.035477049,17.63619026,16.4171102,59.9363327,1.489679694,-5.32247591,3.125043392,-28.25204659,-0.226117477,-0.318931878,-41.54311752,25.55108643,1.194062352,-4.265315056,5.131855488,-0.14617613,-0.275400281,0.031795576,0.286875635,0.031822376,-0.067375444,-0.235240445,0.048288554,0.170301959,-0.000331018,-0.009736342,-0.110652916,0
Man00204.wav,229.0776736,264.6655079,258.6205394,258.6205394,263.1411468,259.97242,0.101324731,0.17007697,-0.001762878,2062.508194,-3.645513527,7.932502394,17.76384007,67.01545715,-40.49246597,4.391792297,2.586862803,-30.11746597,-22.78012657,7.500029087,-29.42192268,27.01959038,-20.70389557,-3.649932861,-16.36944389,0.456568956,0.151320115,0.152425557,0.084396161,-0.151641428,0.288996845,-0.118415967,-0.333209723,-0.096924618,-0.119000733,-0.05692691,0.122706749,0
Man00205.wav,100.8704448,104.4276333,102.0425029,102.9309044,103.8261744,102.7707,0.002301518,0.1436888,-0.001255004,2930.880223,-40.60973947,28.51616781,2.291142413,63.90086365,-1.611548901,11.27573013,-52.64743423,-64.44889069,-3.595543385,24.56758881,-35.12406921,25.36951828,-14.73182487,-17.42412567,-1.21934092,2.564816475,1.942903519,0.141079843,1.308637857,0.444442451,-1.110433102,-0.55486536,0.553730249,1.424700379,-0.227163419,-0.515348613,0.530308068,0
Man00206.wav,233.0818808,269.2917795,239.9117012,258.6205394,261.6255653,254.349267,-0.235177053,0.20330165,0.000262977,1476.47371,-2.744285453,5.8074214,20.32464187,122.8910294,-0.497954994,27.00764847,-27.71359444,-38.80321503,4.355381012,32.6343689,-71.50771332,10.43317509,-9.175662994,-20.73440933,2.317233324,-0.119379133,0.280360311,0.051917069,-0.08664088,-0.160278067,-0.061052795,0.225684643,0.056789439,-0.154006958,-0.11613822,0.000469958,0.018856211,0
Man00207.wav,108.7365422,244.1052839,115.2023535,119.2649557,120.6507478,122.9046447,1.649784339,0.08485024,-0.000187734,1637.900007,8.020778486,13.54021588,13.88182184,121.067131,52.11895752,9.995570183,-4.115793228,-41.19878387,35.56259155,-1.549109221,-24.40061378,2.725986481,-22.1782589,-13.76099396,2.304820538,-0.644684911,-1.325636387,0.308638453,0.95016247,0.28092736,-0.330705553,0.340027899,-0.309399962,-0.181448385,-0.222264633,0.440646201,0.059799302,0
Man00208.wav,118.5780401,242.6993409,119.2649557,120.6507478,124.9054872,124.5828695,0.268674068,0.123164155,-0.000262984,3604.618988,14.53841036,29.314132,7.043300002,44.26950073,21.75545502,19.86517715,-18.77183723,-73.75592041,11.12140083,44.38221741,-33.74773788,17.84978485,-10.94167519,0.709532619,-3.350672007,-0.137087718,0.664479256,-0.240283474,0.059449453,0.195410803,0.257015049,-0.158473328,0.120700076,-0.184898257,-0.02943866,-0.401538968,0.323347181,0
Man00209.wav,225.1422562,229.0776736,227.7582832,227.7582832,227.7582832,227.5782914,-0.021920362,0.29226798,-0.000545347,3650.602846,-4.446947852,16.04103875,11.76473544,24.54162598,-11.73116112,5.23208189,-20.09362602,-19.39574051,-16.11561966,-4.151615143,-1.114637375,16.78277016,-6.098919392,0.537601054,4.883736134,0.393046141,0.17933102,-0.112640545,0.030814668,0.033920139,-0.046142291,0.012803559,-0.147761419,0.049640648,0.068729326,-0.037559159,0.026291937,0
Man00210.wav,120.6507478,131.5705734,129.3102697,129.3102697,130.0593565,128.989084,-0.042911472,0.14416043,-0.000329822,2693.101076,-6.812848882,20.8494751,10.53541059,65.1837616,-14.16137981,21.51269722,-17.00776482,-39.11209869,6.813831329,23.42439651,-60.18110275,12.50383568,-10.03678131,7.392436028,-3.729422569,0.006307117,0.152473718,0.572430074,0.241164461,0.077415511,-0.099484392,0.027670696,0.144329414,-0.139078081,-0.292897522,-0.250373751,0.106570646,0
Man00211.wav,226.4464921,608.0416672,445.1125537,452.8929841,601.057713,450.3750607,-2.747970576,0.20112209,-0.00104418,2011.914649,-0.178703299,4.857745519,20.08570893,68.69571686,22.78509521,-3.048417807,-42.26869965,-34.7678833,-8.257985115,28.02385139,-55.28832626,-8.135931015,-2.517366171,-27.24336433,-1.83759284,-0.030139314,0.37523815,0.24761799,-0.073372662,-0.318480611,-0.199705601,0.305400431,0.055197135,-0.269505441,0.034418765,-0.285278141,-0.327812791,0
Man00212.wav,347.2168248,417.7105332,349.2282314,349.2282314,415.3046976,378.6744078,-0.32967186,0.3479469,7.02E-05,2728.559293,0.805733274,7.262128876,19.76520772,33.36043549,-9.522904396,14.30215931,-17.46409035,-7.60166502,-14.01850414,13.16298866,-23.68293571,23.56053543,-12.59337521,5.256630421,-6.433681488,-0.075655662,0.006546519,-0.02096973,-0.076939546,-0.013979704,-0.147834837,0.034952015,-0.004009064,0.08490295,0.015390612,0.023954125,-0.001608098,0
Man00213.wav,96.8732461,594.1539763,120.925019,267.7586394,560.806676,321.3667875,-8.549740982,0.13545763,-0.000142394,2166.594555,-6.517108565,9.275647396,5.731202849,83.12034607,-7.885363102,-3.039067507,-30.69688797,-14.65897083,0.251544744,-1.38021946,-19.51693916,-4.484824181,-4.325428009,7.761129856,-0.108022153,0.45772174,0.024243426,-0.218764365,0.45129025,0.469218194,-0.292717725,-0.374712229,0.232596263,0.270715952,-0.077563487,0.187493622,0.054855306,0
Man00214.wav,234.4321104,499.6219488,499.6219488,499.6219488,499.6219488,457.3696688,-0.600480209,0.25936964,0.000657175,4027.416139,31.57284741,9.348497585,18.88536977,-27.05080414,6.291865826,-3.262637377,3.144869328,-14.61222649,-6.074883461,-25.31639862,-21.23386002,-2.309514046,3.577954769,2.805187464,-2.224778652,-0.953915656,0.380466878,0.383525461,0.202326104,0.77931267,-0.17333284,-0.269755304,0.538033962,-0.103121549,0.142919317,0.158789843,-0.46483171,0
Man00215.wav,124.1860845,138.5913155,124.9054872,124.9054872,125.6290573,126.3684144,-0.019769807,0.15255485,-0.000520181,2695.958772,10.16209224,21.37275013,12.44617809,77.86854553,21.06836891,5.011624813,-15.95523262,-66.34999084,15.49888134,15.40275383,-37.42776871,26.77641678,-28.62080002,-19.74060059,-6.343469143,-0.398440182,0.029524287,-0.100588404,0.018611478,0.012759396,0.059307773,0.088932894,0.061603595,0.131474927,-0.019657569,0.026905818,-0.021092994,0
Man00216.wav,107.4875965,127.0887967,108.7365422,115.2023535,116.5409404,113.8434159,-0.047757763,0.1898761,3.04E-05,2436.665279,-0.202674123,21.49831616,12.58824911,84.11388397,27.7023983,32.66150665,-14.22853756,-58.61335754,-9.956063271,29.52108955,-30.03866386,18.48385239,-21.61707497,-2.787255526,-16.60693169,0.0618992,0.100971267,-0.126633033,0.204511359,0.026170839,-0.002354343,-0.133600518,0.220671371,-0.18428798,-0.055999674,0.13732031,-0.135265857,0
Man00217.wav,269.2917795,275.5861765,272.4207993,272.4207993,273.9989169,273.0075969,0.035215479,0.23063873,-0.000787087,2584.223194,-6.280975711,9.466485345,18.88259038,26.48477745,5.823181629,10.72198105,-28.97240829,-37.7040596,-9.542818069,2.44563365,-22.01104355,10.16986847,-10.64425373,-21.57149887,2.839968443,0.091807649,0.005868497,-0.019642025,-0.208416462,-0.246250987,-0.252585411,-0.031329677,0.05900339,0.081498027,0.12373779,-0.092628911,-0.059248358,0
Man00218.wav,226.4464921,230.404707,226.4464921,227.7582832,229.0776736,227.8243723,0.20076172,0.22418377,0.000798379,3612.791773,-4.228623512,15.85886434,9.423289875,38.09975433,-8.500055313,11.04302979,-14.80779839,-14.10092735,7.618723392,15.0963335,-35.93532181,27.08279228,-17.79550552,10.21346188,0.443633616,0.088521935,0.366922826,0.490327924,-0.033988461,-0.893452048,0.738919914,-1.029091239,0.108190119,0.041944724,0.560304999,-0.141142324,0.335796773,0
Man00219.wav,124.9054872,127.0887967,124.9054872,125.6290573,125.6290573,125.490869,0.008083496,0.16782242,-1.69E-05,3076.11078,15.82314212,24.5082575,12.26810486,57.95875168,40.53058243,23.93817329,-15.73997307,-46.43527222,2.629157066,21.3331852,-38.90365219,-8.121707916,-27.96358109,-20.32790565,-11.47908306,0.050491683,0.259212285,-0.482118934,0.156143397,-0.231759116,0.155055076,-0.058701646,0.007388968,-0.028205356,-0.050864987,0.095350064,-0.188717738,0
Man00220.wav,110,468.8642207,220.9558353,445.1125537,466.1637615,321.7509564,0.008605308,0.17366436,0.000145667,2541.580399,7.452991992,12.14664206,18.28706678,43.42326736,1.30567503,44.10770035,-26.64530373,-15.58078575,-15.66232777,5.63267231,-35.22097015,12.66943455,-19.1115036,-14.01354313,8.425225258,-0.336518586,0.118108124,0.256307632,0.194594815,-0.122135997,-0.032136913,-0.09488643,-0.038301334,0.098393232,-0.240005016,0.065956146,-0.022961147,0
Man00221.wav,193.7464922,387.4929844,195.997718,195.997718,339.9030186,244.2415433,-0.009879501,0.19505934,-0.000145774,2235.147091,-6.305702144,10.47589927,17.62006375,62.63310242,9.773563385,0.371427506,-17.55940056,-42.22528839,-15.82471657,21.7648201,-22.31305504,-1.682635546,-2.637896538,-5.544379234,-9.124619484,0.368132025,-0.149058595,0.008446115,0.106989883,0.017427258,-0.071000837,-0.182066098,0.15090169,-0.011400633,-0.142248362,-0.063125134,-0.04232895,0
Man00222.wav,173.6084124,269.2917795,221.274447,248.3721691,249.8109744,233.1686865,-0.124100507,0.15582018,-0.000282006,3173.447694,5.829444945,13.71232401,11.76333234,45.92179489,23.24332047,-8.207281113,-30.42443657,-36.13575363,13.26317692,-4.892910004,-46.96251297,3.645297289,-18.06676292,0.802544475,-15.87243271,-0.094705455,-0.163104281,0.146130204,0.013602342,-0.273668647,0.394537687,-0.132986009,-0.273463994,0.139460236,-0.078266494,0.249168053,-0.000439795,0
Man00223.wav,87.30705786,551.172353,89.47716018,450.2845125,458.1553471,339.8900977,0.210635016,0.13907683,-0.00055189,1602.857285,-0.960529852,7.847232892,7.111953462,123.8576813,23.77874947,40.34801483,-24.4853878,-81.36716461,6.259416103,44.19291687,-46.08856964,8.196855545,-15.2592659,-14.83791256,2.994624376,-0.021873355,-0.035613164,0.012856195,-0.106445946,0.155920118,-0.229727417,-0.031837553,0.065383673,-0.082783267,0.110845476,0.048402209,-0.040747385,0
Man00224.wav,248.3721691,255.6500291,248.3721691,248.3721691,248.3721691,248.627699,-0.028817785,0.23277506,-0.000102694,4142.381032,0.055051195,16.66224104,13.84400608,-8.528079033,10.30571365,4.221453667,-24.28257561,-19.36743736,14.18528748,31.50306892,-19.44963074,16.96104622,-12.68790531,3.374094725,3.863067627,-0.369215041,0.004398599,0.318015516,0.453150421,0.381579518,-0.149234667,0.005181213,0.296708435,0.058093529,-0.024413904,0.099977292,0.063566349,0
Man00225.wav,91.96585291,410.5345163,92.49860568,188.2309057,189.3213162,180.31778,-1.071246003,0.13293213,-0.000419928,3447.177846,-19.26257107,20.66953091,5.519674432,42.41994858,-6.949700832,26.44518661,4.101297379,-20.04725456,-34.54281616,14.15549469,-8.08039856,7.278951645,-2.017318487,5.808518887,-9.435871124,0.432788461,-0.57161057,0.639927447,0.323239893,0.724372149,-0.188697264,-0.035060402,-0.387667269,-0.029805087,0.105444632,-0.265578777,-0.367114305,0
Man00226.wav,103.2281796,155.5634919,129.3102697,130.0593565,130.0593565,127.3280322,0.04018101,0.15458933,-6.21E-05,2372.615451,-5.656318445,18.53391124,8.8065558,89.79340363,7.620158672,6.678501606,-29.73891068,-31.60895157,23.95705605,17.50678825,-38.43678665,6.162703991,-4.168288231,-1.208832383,7.247363567,0.674269915,0.29524982,-0.029546104,-0.15886955,0.192911506,-0.108719483,0.0901177,0.094191246,0.000338446,-0.202804178,-0.148329496,-0.069288835,0
Man00227.wav,97.4344271,372.1377786,131.5705734,132.332754,133.0993498,138.3797186,0.257776463,0.19223201,0.00020067,3286.653926,16.44014524,24.3443073,9.882756415,44.29150772,51.22399521,50.47673798,-26.86309242,-8.519524574,16.11049271,41.82549286,-40.27912903,15.36252117,-42.19141388,-0.456044376,-14.61292076,-0.153553084,-0.545967758,-0.086672328,0.051700979,-0.379560202,-0.461330622,-0.208988264,-0.483409464,0.059648439,-0.172628492,0.135032237,-0.462016165,0
Man00228.wav,211.2820479,225.1422562,213.7370271,217.4730845,225.1422562,218.0663121,-0.223388717,0.17446351,-0.000751188,2283.87293,9.269307113,10.46801534,5.34400855,103.1450424,-49.78369522,33.99509811,-56.8158226,4.931879997,-9.101327896,31.27403831,-23.00070763,-0.939553797,-2.712613821,-9.330406189,-4.158261776,-0.264526397,-1.041402936,-0.338631809,-1.324990273,-0.342987835,-0.083299212,0.786826491,0.06155232,-0.382131279,0.321012199,-0.017741768,-0.241038173,0
Man00229.wav,111.2781384,118.5780401,115.2023535,116.5409404,116.5409404,115.8148136,0.027239286,0.16552128,-9.15E-05,1825.424392,8.370228953,15.7187962,14.93690047,111.8504639,35.46930313,18.0458374,-7.325973511,-57.26092911,-9.35964489,46.31465912,-34.00461197,0.231651127,-9.163978577,-5.849496841,-17.34733963,-0.36398533,0.039242949,0.118299425,-0.152003065,-0.05640012,0.248411119,-0.125558302,-0.132214859,0.259181023,0.019114893,-0.022362497,0.168497145,0
Man00230.wav,77.33375604,502.5162293,158.2826938,246.9416506,477.0916573,277.1208202,-1.309518836,0.16810156,-0.000176143,1642.158384,1.705987191,8.601920324,17.16467008,93.29696655,22.17130852,25.31064987,-11.9051981,-44.51472473,-20.27103424,14.09793472,-44.19495392,-21.10670853,3.536090374,-32.44398499,-10.12773705,-0.33846283,0.253136843,0.284713089,0.369903564,0.254026294,0.337670833,-0.011445941,-0.136279434,0.121368527,0.009239957,0.10009063,-0.088500492,0
Man00231.wav,153.7766928,156.464662,154.6675121,155.5634919,155.5634919,155.308792,-0.028700874,0.11575678,0.001314939,2417.163988,-10.88325407,15.56142429,4.850011274,104.2325821,-45.44607925,33.48381424,-3.102952957,-72.43625641,13.24069118,38.20117188,-58.359375,10.67642403,-40.87887192,6.249354362,-29.42660713,1.862517595,0.412312061,-0.55512476,-0.311952084,-0.686592162,0.648892939,-0.369439036,0.519026756,0.113943435,0.411399752,-0.214379743,0.19033502,0
Man00232.wav,119.2649557,124.9054872,121.3496704,122.0526419,122.0526419,121.8127693,-0.005505024,0.14129116,-0.000279483,2013.314628,1.966634961,16.532863,12.54982344,94.05749512,0.701219916,31.62560654,6.331057549,-32.85485458,6.535624981,47.86460114,-32.58215332,-29.87970161,13.58710194,-1.314690948,5.784900665,0.059063442,0.157094002,-0.230313212,-0.191118807,-0.262695402,0.020058602,0.064498745,-0.031018853,0.052378736,0.091950491,-0.055990446,-0.056817591,0
Man00233.wav,82.88426748,86.30425077,83.36441116,83.36441116,83.36441116,83.4095838,0.008351282,0.12762183,5.52E-06,2258.049065,5.293881295,27.07779761,9.588319672,106.5885086,14.65733528,26.27316666,-4.102867603,-64.53018951,28.00766563,16.92777443,-27.70067215,16.89529037,-22.39279175,-17.2048912,-17.49320412,-0.286174744,-0.153798074,-0.133201107,0.507321417,0.062863618,-0.115251072,-0.107195102,0.15910542,-0.068015195,-0.013535415,-0.064036876,0.05752654,0
Man00234.wav,94.11545283,123.4708253,108.7365422,109.3664466,110,108.9507503,-0.15407903,0.06295214,-0.000304644,1963.505187,-3.785565675,18.0095461,6.277584789,101.1263199,57.31432724,41.31068039,30.66511154,-48.50868988,-14.55117321,46.23527527,-29.13160324,-17.84780693,-15.48424053,4.354979038,-23.29757881,0.073643386,0.486756444,0.097878441,-0.153603598,0.294696808,0.236100182,0.149023727,-0.197993577,-0.01239454,0.225025505,0.166735098,-0.131505072,0
Man00235.wav,83.36441116,339.2863816,248.3721691,249.8109744,274.0034879,233.9526708,-0.698010554,0.16887169,-0.000483126,2638.172388,4.645530489,13.78294124,6.811763634,69.61708832,-42.71077728,62.38930511,-3.524530888,12.34583759,-34.75600815,13.05502796,-25.96885872,8.041164398,-15.87491035,-9.232605934,4.038635254,-0.612613261,0.450918615,-0.370328665,-0.164442793,-0.28498596,-0.44657129,-0.011203008,0.174813688,-0.109349534,-0.411757141,-0.174666837,-0.363109678,0
Man00236.wav,115.2023535,116.5409404,115.2023535,115.2023535,115.869714,115.5282724,-0.00824855,0.12191932,-0.000194174,1908.225577,3.934495433,16.51669403,18.3359185,97.45747375,114.9653778,14.78917694,-52.68331909,-24.23296165,-5.962445736,18.24021149,-35.96105957,16.21362305,-3.921626091,-28.61973953,3.241666079,-0.175130516,-0.251614839,-0.17155318,-0.134735018,0.148729742,-0.219500571,0.048479144,-0.315801948,-0.02168614,0.506866753,-0.14697583,0.028303541,0
Man00237.wav,59.9779253,134.6458898,118.0658207,120.6507478,133.0993498,111.361134,0.084861475,0.10765052,-0.000218435,1674.632921,-6.165065579,17.19112337,12.26992724,124.8746109,-2.747617006,2.128063679,1.788058758,-30.45290375,4.442755222,-4.798230171,-41.12029266,25.40254402,-13.87157059,-11.74442387,4.422660351,0.181671411,0.432098478,0.020905266,-0.117821604,-0.020253284,-0.182057425,-0.150142312,0.272868544,-0.198651627,0.061907612,-0.239778355,0.032176785,0
Man00238.wav,249.8109744,278.7883336,249.8109744,273.9989169,275.5861765,264.3020337,0.299195356,0.19231649,0.000528238,2688.728736,-7.602345037,10.23070646,18.72356509,42.22468567,9.800478935,-18.35918808,-27.09674835,-53.2882309,15.41148758,18.68020821,-56.59054184,4.218421936,-8.664317131,0.14245677,9.374655724,0.241870686,-0.275229573,0.091821261,0.132613942,-0.015856115,-0.076425821,0.181793392,-0.143258661,0.06504637,-0.048446547,0.173636511,0.268706292,0
Man00239.wav,111.9227661,260.1187129,224.4938943,227.7582832,231.7394279,215.8902822,-1.962232285,0.16546611,-0.000233168,2486.288734,4.242283489,12.1067161,9.197822403,71.80734253,-27.91983032,20.80550766,-26.92980003,-43.53372955,0.519623458,24.10393906,-43.38372803,8.945327759,-8.480110168,-5.549438,1.060408711,0.189408645,0.730853379,0.313447654,0.531298935,-0.381198883,0.045580577,0.24141483,0.213156581,0.253201306,0.453930199,-0.397884756,-0.385597646,0
Man00240.wav,248.3721691,463.4788558,249.8109744,249.8109744,448.9877885,323.8611712,0.122734676,0.21551989,-0.000912422,3904.563081,4.19567223,13.23704515,10.91356734,-5.809566498,-2.856265783,10.38945866,-13.21039486,-30.66186905,-31.35614395,8.93693161,-33.516819,2.588498831,-21.46986008,-1.978881836,1.788545489,0.099826306,0.251815736,-0.231072888,-0.302748948,0.132264107,0.097490177,0.011403,0.105143875,-0.10748335,-0.099186383,-0.150109768,0.297758907,0
Man00241.wav,198.2751018,257.1309947,245.5193714,248.3721691,249.8109744,244.1669844,0.229647006,0.13937223,-0.000424339,2106.507856,9.146821636,8.552051355,12.42251806,91.9961319,-23.6416111,-30.14475441,-41.06468964,-37.61444473,29.9996376,-42.21733856,-13.02510643,0.936922014,2.26085043,-8.626404762,-22.05797195,-0.673386455,-0.303886116,0.242941454,0.145943359,-0.395932674,0.130524591,0.022409668,-0.207868263,0.134373665,-0.254738331,0.063557252,0.054237176,0
Man00242.wav,206.4563593,779.4754168,248.3721691,248.3721691,248.3721691,261.8757671,2.891498285,0.21882655,-0.000114791,2456.621773,2.342664097,9.989837735,15.69667297,53.30496216,-37.51041794,5.150079727,-50.60157394,-11.4057188,-22.30246544,-4.490502834,-55.60981369,43.50981903,-7.413072109,3.912225008,-10.11566639,0.165593222,0.333186507,0.377474785,0.106061347,-0.082188278,-0.257507861,0.026118366,0.036761887,0.059996806,0.078987144,-0.248110548,0.099862739,0
Man00243.wav,372.1377786,445.1125537,401.157895,425.0119847,440,422.6290933,-0.139960772,0.23739353,-4.95E-05,3720.20502,3.095806059,8.846325234,13.94173143,25.84417152,8.814068794,-7.808312893,-2.231051922,-32.34496689,18.22638321,7.977663994,-37.91772461,24.52602577,-15.83248806,-12.02659225,-11.57988262,-0.253041238,-0.075392172,0.131524518,-0.507081747,0.226542309,0.003354324,0.336716712,0.043144561,0.144401088,0.040814403,-0.069212936,0.332115501,0
Man00244.wav,217.4730845,468.8642207,230.404707,232.4106543,460.809414,306.3713151,-0.020543653,0.22591142,-0.000170594,2037.485887,3.54248189,7.553712715,19.14910047,87.93125153,8.002243996,11.66827488,-25.08881378,-43.56962967,-5.035215855,18.93938255,-60.91690445,27.28466797,-28.87206268,-4.668831825,-11.91116333,0.177178517,0.745944083,0.028534582,-0.039601788,-0.051421553,0.102201045,0.208021,-0.001940101,0.123500019,-0.128215969,0.117561333,0.143667459,0
Man00245.wav,110.6372235,229.0776736,112.5711281,112.5711281,208.8552666,149.4153673,1.720137863,0.12870932,-0.000144006,1615.5541,-3.214394993,11.48220327,11.02471437,140.5704346,-13.64238453,-8.717923164,-22.80919838,-53.69585037,-1.645852685,41.54529572,-62.36075592,4.424212456,-10.27495003,7.281245708,-13.88676643,-0.064886756,-0.477462411,0.041494451,-0.071703821,0.008208774,0.125413418,-0.459342033,-0.207142293,0.339023441,-0.116807736,-0.063473187,0.059550155,0
Man00246.wav,220,251.2581146,221.274447,248.3721691,248.3721691,240.7828691,-0.238721621,0.22640683,-0.000875912,3595.507482,7.813130492,14.88324767,14.52823888,10.4015522,1.17778933,10.46288204,-30.53713226,-36.75784302,-6.98675108,14.72720337,-27.06073952,8.881277084,-4.966698647,4.582690239,-6.321479797,-0.227842778,0.379322648,-0.025084496,0.249165699,-0.289444953,0.029219246,-0.038984023,-0.219330445,0.081694871,0.126020253,0.009270345,-0.347643644,0
Man00247.wav,121.3496704,133.0993498,123.4708253,124.1860845,125.6290573,125.5116794,0.082251375,0.11929088,1.33E-05,2122.003633,-0.424619745,16.94688622,9.893087013,107.6725998,1.235693097,6.241549492,35.44367599,-47.13772202,8.302309036,13.12029552,-43.0873642,-9.78166008,-2.531337976,-13.7883482,-3.446013689,0.06508816,-0.074971378,0.032260396,-0.003208346,-0.161142647,-0.05866497,0.011390232,-0.066609502,0.144902557,-0.140599817,0.084608391,-0.154228032,0
Man00248.wav,126.356819,403.481779,132.332754,134.6458898,401.157895,213.5639419,0.040657574,0.19734581,-0.000255618,2233.562628,1.516539771,13.83567124,16.9212729,82.7795105,33.74233246,-1.789123178,-26.21601486,-71.40390015,0.699314117,34.38814545,-51.94368362,11.40505791,2.166426182,-28.07487488,-15.43041134,-0.239412546,0.066256806,0.067663737,-0.110653572,0.236677185,0.078364432,-0.091525942,-0.028531395,-0.04729617,-0.041651621,-0.172023639,0.021508295,0
Man00249.wav,198.2751018,304.0208336,199.4236978,302.2698024,302.2698024,264.6490585,0.01483778,0.28336123,0.000177029,3168.949807,2.657679618,12.33628983,10.88405329,46.34428406,-19.22389603,11.54558182,-27.56742668,-30.80744171,-1.214560151,24.3285675,-17.56824112,9.951726913,-1.124847174,2.46429491,-5.069708824,0.219944343,0.200085849,0.007707451,0.053169474,-0.141068622,0.04509186,-0.174166501,-0.444956273,0.025197919,-0.107493185,-0.077784218,0.288027048,0
Man00250.wav,129.3102697,690.4340061,130.8127827,130.8127827,130.8127827,150.5858749,0.013850564,0.20387162,-0.000186258,3104.601094,-5.056613194,23.16512367,13.72581359,62.88597488,-2.451306105,-29.55829811,-15.68082047,-32.05279541,8.170986176,32.13463593,-49.34951401,39.34016037,5.327444553,11.85173988,-22.85640335,0.368514091,-0.531411648,-0.458934247,-0.00714326,0.3362858,0.082200915,0.071993843,-0.140996128,0.156858802,0.020738702,0.10059759,-0.099333666,0
Man00251.wav,134.6458898,176.643034,149.3989688,153.7766928,154.6675121,150.4969579,-0.110701,0.18790789,-0.000686046,2242.911731,6.014778373,15.01140675,11.34228138,85.63304901,-12.59897137,15.42260742,-24.67940521,-32.85297012,28.07504082,9.345877647,-35.67931747,16.075243,16.3000679,0.854538262,10.6169672,-0.4475905,0.052318592,0.058594465,-0.313727379,-0.194814399,0.081346668,-0.16679053,0.091293521,0.031180521,0.119780086,0.122082293,-0.093632363,0
Man00252.wav,146.832384,485.3986818,161.9823764,163.8645209,447.6910645,294.3309147,-0.019706598,0.16835673,3.34E-05,2444.315454,8.311150514,10.63100985,13.89201535,58.29870987,-15.78537941,23.33355904,-24.90987968,-12.84129524,-21.72993851,30.67518997,-45.21230698,-33.0680542,-16.21810913,-2.117235422,-15.14531803,-0.540479422,0.268310905,0.059943013,0.044575706,-0.090502717,-0.237041935,0.149357989,0.191240072,0.002167934,-0.060932543,-0.05004023,-0.14485991,0
Man00253.wav,34.44827206,118.5780401,117.2160552,117.2160552,117.8950809,105.7387687,-0.011931709,0.09759647,0.000156933,2372.727349,9.49336092,28.31837016,5.556355188,96.7906723,-4.320559502,26.55996323,-1.525423765,-76.62137604,9.303107262,25.75682449,-18.49872971,10.47594166,-3.582756281,-1.265627623,-14.37243271,-0.493773371,-0.044058379,0.130470887,-0.088950314,-0.4265365,0.25129503,0.184241608,-0.051512826,-0.458190769,-0.14022769,0.101053901,-0.037298378,0
Man00254.wav,114.5388368,137.7930882,116.5409404,119.9558506,130.8127827,124.7092033,-0.75309489,0.1363914,0.001726742,3628.822487,21.48965182,29.47038821,8.348622136,57.9605484,69.55221558,25.47399139,2.519540787,-89.98632813,18.92550659,37.10757446,-50.66086578,22.68006706,-16.56175232,-0.848086178,9.927886963,-0.670268178,0.184535265,0.5154562,1.011385918,-0.327864051,-0.528776407,0.219957203,0.197549686,-0.200798079,-0.250235796,0.07197617,0.278647035,0
Man00255.wav,133.8703865,452.8929841,226.4464921,261.6255653,272.4207993,273.1357029,0.396563349,0.24074295,-0.000506889,2126.023047,4.157134267,8.46798581,10.63319394,87.5018692,-19.39879036,7.498861313,-20.90355301,-26.86853981,-3.535370111,22.5579071,-51.67879868,15.90353775,-12.46337986,-7.95912838,-11.91807747,-0.097479813,0.063229427,0.110443324,0.257294625,-0.042298641,-0.043573536,-0.216510415,0.129217952,-0.001465399,-0.038185742,0.223019272,-0.311569959,0
Man00256.wav,133.8703865,307.5533855,136.2103996,136.9994585,305.7820084,214.370719,-4.384370334,0.10387934,-0.000620687,1399.871234,-27.47262547,6.781709757,12.09039673,142.3260651,1.033662319,-21.73275375,8.019701004,-30.17345047,3.837528706,15.65495205,-22.54266548,13.67440796,-25.19767189,-16.04190445,-20.40150642,1.135782003,1.497008562,0.958292544,-2.855475664,-1.613442421,0.450289488,0.271791726,-1.370213747,0.864665091,0.93275696,-0.1142224,0.458506733,0
Man00257.wav,99.71184888,110.6372235,103.2281796,107.4875965,110,106.0236844,-0.05426419,0.08618097,-0.000475237,2577.040626,-9.454271386,24.15617792,9.808470978,87.17713165,58.35704803,31.76526833,-8.36011982,-38.37199402,-2.047091484,29.78579712,-28.7088356,14.83363056,-7.142088413,-10.49724865,-0.590756059,0.308819205,-0.161001712,0.108228199,0.270557046,0.108696602,-0.043426599,-0.018094294,0.155506209,0.101540312,-0.074082442,-0.016718624,-0.010558095,0
Man00258.wav,66.54967491,252.7136381,117.3858116,242.6993409,249.8109744,187.7067042,-1.004970433,0.15614703,-0.000544459,2148.663929,3.246690041,13.81621437,10.50650699,106.8814087,-10.64358997,12.8151083,19.16196632,-40.6971283,-5.794212341,34.39356232,-55.16181946,2.416697264,-12.1420393,-13.2954607,-18.71834373,-0.276942968,0.287886322,0.551924467,-0.119133472,-0.726127148,0.161193222,0.115068831,-0.197222546,0.257193983,0.444740504,-0.381356895,-0.365462035,0
Man00259.wav,213.7370271,235.7901618,213.7370271,213.7370271,234.4321104,220.0058075,0.460054534,0.2074883,-0.00112191,2328.803159,-18.93205423,10.64792062,14.53554129,80.77471161,-31.94091797,20.91515541,-28.36671638,-17.76726341,-2.643442392,24.3939991,-62.82681656,20.32356262,-38.08985901,2.805629015,-0.238256291,1.602966309,0.643266916,-0.402366817,0.376411974,-0.402158141,0.71394074,0.237453699,-0.31860283,-0.201121464,-0.597323537,-0.007314693,0.2611022,0
Man00260.wav,114.5388368,267.740773,226.1204331,263.1411468,264.6655079,245.5035064,-0.077511402,0.2184148,0.000275401,1677.899474,-7.458712914,6.895896939,17.93030061,102.3194809,-35.18902206,16.37822914,-35.72534943,-14.83778095,-12.89181709,34.85803604,-43.70856857,5.56792593,2.276495457,-24.42603874,-12.96048641,0.616646171,0.532249928,-0.126953125,-0.005793971,-0.08089786,-0.046090048,0.055533465,0.193588972,-0.311829686,-0.302448839,0.155608714,-0.149406537,0
Man00261.wav,87.8128225,372.1377786,124.0072697,244.1052839,273.9989169,224.2174433,-1.656417299,0.09564689,-0.000228343,1776.156879,13.05972611,9.351081566,15.28319405,95.03456879,23.70446014,28.49720955,-22.65738869,-66.20355225,6.100048065,25.35645866,-32.16676712,-9.851733208,-10.70058155,-24.34173393,-12.36253071,-0.54102087,-0.182608753,-0.397843003,0.235722929,0.077546619,-0.113976851,0.06920813,-0.283192098,0.186614364,-0.346362859,0.271733999,0.064815968,0
Man00262.wav,111.9227661,127.8250146,124.9054872,125.6290573,125.6290573,123.1520384,-0.062255101,0.13768017,-0.000672296,2198.599514,-4.106439033,17.82065763,12.31735805,100.7544174,-7.130552292,4.869812965,-4.958906174,-65.92419434,-3.706721306,35.26818085,-45.63487244,3.036847115,12.3901062,-15.4575758,-15.33595467,0.549878359,0.362741858,-0.245930195,-0.658581018,-0.430520773,0.208568007,-0.044232026,0.162390128,-0.095824651,0.122075886,-0.004939514,-0.252817601,0
Man00263.wav,176.643034,202.9095626,195.997718,200.5789475,201.7408895,199.1444798,-0.014483837,0.15741983,-0.000204849,3600.254828,-0.096718045,18.09315948,14.20243319,21.59109306,35.25899887,10.56192112,-42.97232819,-41.44845581,23.05321312,1.424097776,-26.81444359,24.4405899,-20.12636185,2.218683243,-14.03533363,-0.119911902,0.179844007,0.03901976,-0.57317543,-0.089455202,-0.041757792,0.277098268,0.242241561,-0.099549577,0.177703738,0.102612011,0.064318307,0
Man00264.wav,118.5780401,255.6500291,121.3496704,125.6290573,245.5193714,167.0648905,0.107277465,0.120517105,-0.000322872,2970.018357,17.95071008,19.29017559,11.40475462,71.36087799,38.41793823,20.09464645,-8.474257469,-55.84083939,6.9925704,20.00210953,-42.18678284,20.15192413,-14.01923656,-17.62053299,-4.219833851,-0.761818826,0.707067788,-0.053780727,0.371037185,0.107205495,-0.294275701,0.786468387,-0.19732222,-0.02935837,-0.173007324,0.316899061,-0.569028378,0
Man00265.wav,210.0651529,474.3121605,212.5059924,217.4730845,471.5803235,292.7710033,-1.928095087,0.17181657,-0.000437533,3082.398988,6.487703975,12.01323397,15.25109125,22.49241447,6.376483917,4.538012028,-45.14586258,-29.0214901,4.540555,4.619565964,-37.62134171,2.435961485,-22.88083839,-20.67862511,16.6423378,0.239261121,0.485088646,-0.40007773,0.685385227,0.526568413,-0.158466741,-0.124041788,0.480972618,-0.054261446,-0.023954798,0.204827756,-0.08255478,0
Man00266.wav,57.26941839,318.3992322,85.68362162,226.4464921,229.0776736,183.5838528,-0.055900416,0.1781213,-0.000163629,1822.079002,-10.00660694,14.58536513,13.50449127,91.28264618,27.36714554,-0.152940437,-50.50680161,-55.85289764,-13.02855968,29.70287514,-57.06729507,12.49026585,-9.818630219,-30.85473061,-0.064330868,0.392757177,-0.156466946,-0.007759817,-0.156601787,0.207793295,0.006360671,0.032754999,-0.01087244,0.003450465,0.026270255,-0.288349479,0.123483621,0
Man00267.wav,195.997718,261.6255653,198.2751018,198.2751018,261.6255653,220.2589688,-0.063601141,0.20160237,2.01E-05,3432.739874,30.16708977,16.297648,14.18637977,32.742836,21.10330391,24.65210724,20.87321854,19.59681129,18.59000397,27.61315346,-55.6391983,-1.482228756,-0.783309877,2.510519028,-14.58427525,-0.604472637,0.386060387,-0.364758283,-0.147306457,0.199072808,0.329021573,0.314041734,-0.387302518,-0.078540362,0.090757705,0.091845594,-0.335309207,0
Man00268.wav,65.02967823,156.464662,124.1860845,155.5634919,155.5634919,136.5518923,-0.200719951,0.1667423,-0.000642354,2817.169103,2.29857084,22.51756426,11.81362894,74.89337158,19.48357582,2.346908092,-11.3144207,-41.94527054,8.999368668,6.685282707,-47.29613495,6.330779076,-16.93512726,-5.456755638,-3.021564722,0.335888296,-0.213607103,-0.482850313,0.331013858,0.434899211,0.003658094,-0.037960995,-0.214731976,-0.215958282,0.151119426,-0.064076848,-0.105668381,0
Man00269.wav,60.32537388,311.1269837,61.02632096,122.0526419,154.6675121,123.0097888,-0.017683711,0.13152602,5.07E-05,3090.573234,5.062998042,30.28547449,7.278922755,32.87737274,-22.0216713,60.7487793,47.20789719,-46.82133865,4.276746273,0.134265438,-25.65834427,0.411448717,-38.73840714,-17.86507034,-18.17274475,-0.088736922,-0.166440815,0.108152814,-0.457452625,0.22709839,-0.216941163,0.223851442,0.015777677,0.212972566,-0.340735376,0.181539297,0.183594659,0
Man00270.wav,111.9227661,117.2160552,115.2023535,115.869714,116.5409404,115.3043048,0.015797456,0.20776273,-0.00091419,2720.326738,-0.6026022,23.59402317,5.929328212,61.65427017,-9.238020897,27.534338,-8.803466797,-59.20327377,-5.03618145,21.22328949,-30.30999947,12.36463356,-8.84640789,-17.67258263,-14.82567787,0.085097373,-0.014130374,0.139386937,0.027394585,-0.378888667,0.141415805,0.124386311,0.052700333,-0.163570985,0.061217438,-0.137955308,-0.06448143,0
Man00271.wav,227.7582832,300.5288565,242.3498795,249.8109744,251.2581146,247.6133889,0.052076756,0.15962029,-0.000487436,2010.834001,5.306836084,8.12668803,14.75267811,88.15435791,-29.69429588,16.78318787,-44.984478,-22.81685829,-18.69808769,45.09753418,-74.6476593,-4.642364502,12.02307987,-27.31227303,15.82397938,-0.401604593,-0.10768377,-0.13388662,0.11020802,0.155368596,0.034086458,-0.134684771,-0.205939531,-0.006030592,-0.124503255,0.112913884,-0.077656135,0
Man00272.wav,113.8791416,153.7766928,122.0526419,122.7596857,152.0104168,131.5059313,-0.140201043,0.20111287,-0.000147935,2547.024509,7.746852242,19.64086586,8.076432012,81.47018433,14.46597195,-6.588883877,-10.13586903,-35.47678757,-6.903439522,-21.51154137,-37.59406662,3.853874445,-20.95268822,1.876877069,-7.68431282,0.108780421,1.009821057,-0.196601793,0.004584361,0.392254293,0.388734937,0.36656639,-0.109504789,-0.069632016,-0.304902256,0.137278587,0.356377393,0
Man00273.wav,257.1309947,307.5533855,304.0208336,305.7820084,305.7820084,294.8236433,-0.525507492,0.054170217,-0.001370995,2787.47055,-3.559533448,9.378471474,1.269743398,24.47319031,-29.0341835,14.09157276,-57.91901016,-9.397826195,4.897621155,-0.147825867,-54.01667023,-10.64634037,6.65844202,14.87197495,-7.170024872,0.270159841,-0.494915426,-0.058449972,0.549553037,-0.846711218,0.359239787,-0.332629949,-0.337056845,0.262476593,-0.11980027,-0.102725826,-0.264196336,0
Man00274.wav,76.88834638,290.2917404,137.7930882,229.0776736,272.4207993,206.4791878,0.525494842,0.118073545,-0.000584367,1942.73199,7.007467816,10.20078299,11.30033986,98.92511749,2.238431692,12.30343914,12.45756054,-6.595159531,-5.810448647,12.24409294,-46.83467484,35.16114044,-14.54677773,-0.436664641,-2.841702223,0.117772557,-0.359355986,0.124546818,-0.170982435,-0.32446894,0.002567619,-0.059704933,-0.016148468,0.0161332,0.049992073,-0.064113542,-0.110151939,0
Man00275.wav,120.6507478,482.6029911,121.3496704,121.3496704,122.7596857,140.5050678,1.629601318,0.19396345,-7.44E-05,2826.877445,1.674759543,22.66513939,13.03209587,75.8134079,35.30275345,1.642443538,6.232801437,-82.95469666,1.78654325,18.20321083,-41.63728333,-13.45175457,-15.09013557,-12.1697216,-23.89250183,0.293831706,0.290557653,-0.632227302,-0.373834789,0.016313687,0.069552682,-0.097487658,0.222003117,0.268949926,-0.242687792,0.070363745,-0.030192347,0
Man00276.wav,76.44550209,153.7766928,77.78174593,129.3102697,130.8127827,120.3416281,-0.312465093,0.1817116,-0.00034393,1616.656425,7.766114796,14.53096668,15.40269186,126.3218613,39.65365219,23.52616501,-27.6634655,-61.39472198,-5.860585213,24.84305191,-51.34582138,6.991790295,-4.197926044,-19.64322472,-12.00205898,-0.236018807,-0.351422906,0.178522274,0.060962837,-0.174506262,0.023349658,0.087449461,0.07057628,-0.038598079,-0.074342564,0.286210716,-0.169662252,0
Man00277.wav,111.9227661,1167.893533,113.223246,117.8950809,141.013849,151.1077273,8.121379168,0.13631535,0.000204144,1390.936252,1.791732329,10.85980359,10.1090314,148.7327271,19.5520649,11.38221645,-12.52788925,-63.86457062,30.41904831,17.66534042,-27.74494743,4.706693649,-4.814668655,0.14123182,-7.791720867,-0.041666999,-0.80920577,0.076995239,-0.28973031,0.527675271,0.239833459,-0.384920657,0.484151512,-0.018168436,0.017777815,0.187276483,0.428168148,0
Man00278.wav,133.0993498,134.6458898,133.8703865,133.8703865,133.8703865,133.9696639,0.000633035,0.22704864,-0.00014375,2452.818123,-4.932393706,18.30888006,9.253229684,84.15395355,-13.8427887,-4.045034885,-22.93357468,-54.4031868,4.017280579,24.72049141,-32.7351532,14.31619072,-17.88760567,-0.413332701,-9.008103371,0.349372625,-0.092691183,-0.211698487,-0.113229066,0.095360443,-0.187532961,0.014720703,0.010689631,0.047897942,0.051084012,0.066402905,0.150010139,0
Man00279.wav,87.8128225,176.643034,175.625645,175.625645,175.625645,164.997667,-0.025791105,0.29135743,-0.000496929,2597.698335,-2.113882079,15.91448019,10.83760665,58.30649948,-37.35813141,20.88253784,-30.97542381,-25.43214417,-3.118494034,24.81870079,-16.85600281,13.17087555,-0.26788494,-5.384013176,1.191011667,0.066106416,-0.030967891,-0.068958893,-0.082203552,-0.110998891,-0.019136272,-0.017073624,-0.065332368,-0.027346687,0.030385626,-0.112913169,0.151232556,0
Man00280.wav,155.5634919,347.2168248,169.6431908,170.6259238,343.2286994,236.41279,0.567971526,0.25351563,0.000195238,2157.590191,8.040596199,9.933232,10.64246739,81.3037262,-53.96678543,25.3708477,3.656055927,-24.32718468,-19.0600872,-15.04380512,5.713357925,10.57025719,2.57456851,-4.064379215,3.528330326,-0.718927085,-0.17034623,0.035559729,0.087406561,0.135186255,-0.134522215,0.036849525,0.120599605,0.170992672,-0.035683047,-0.015840976,-0.049183819,0
Man00281.wav,202.9095626,220,204.0850057,204.0850057,218.417941,208.1210951,-0.051374264,0.19691025,-1.57E-05,2587.404498,0.580266713,12.44656639,14.0840814,52.70737457,-25.73095322,0.903057516,-67.55911255,-9.212089539,-13.87039661,19.58078766,-47.29329681,23.19304657,1.379514813,-11.3932848,3.587320089,-0.153149337,-0.352501422,0.165623546,0.42416966,0.086477913,-0.093162455,-0.075243369,-0.143581823,0.210259452,0.14783448,-0.019292129,-0.091569848,0
Man00282.wav,191.5211239,207.6523488,195.997718,195.997718,202.9095626,198.361796,-0.191344915,0.12460874,-0.001368332,2537.297729,3.357740693,12.78841229,13.72504285,38.81087875,-30.89273643,25.80534363,2.647096872,-30.22091103,0.03982459,3.3153615,-46.31487656,0.795497596,9.205088615,-10.9331913,-2.416578531,0.50374186,1.710456848,-1.332351446,-0.884648204,0.387565106,0.70149684,-0.00376696,-0.346650869,-0.285355031,0.201745853,-0.215178668,-0.332989365,0
Man00283.wav,169.6431908,258.6205394,217.4730845,241.3014955,244.1052839,229.149629,-0.439815945,0.12203176,8.23E-05,2105.452301,-6.611607842,9.096224753,12.97578003,82.99830627,51.0939064,36.7293396,-13.86669064,-28.74591446,-3.020221233,36.99671173,-44.82459259,7.775651455,-10.45290565,-7.614184856,-26.16820717,0.267464727,0.4669393,-0.225589618,0.518066585,-0.325908422,0.12871933,0.15857704,0.165749654,-0.147513613,-0.087655142,-0.016909268,-0.117912553,0
Man00284.wav,272.4207993,316.5653876,280.403338,312.929324,312.929324,298.8843257,0.148217035,0.13756204,-0.000110563,2685.743332,-0.470529995,9.037761493,17.16920816,22.16415596,0.469552547,7.370952129,-51.16225815,-59.38412094,-13.85822201,10.37077999,-35.68371964,3.587417364,-3.080795288,-21.69282532,-14.2182827,0.049223304,0.069854677,-0.224577799,0.041435774,0.00323498,0.014182125,-0.010341512,-0.0428438,0.047406573,0.023002168,-0.076911226,0.256670445,0
Man00285.wav,227.7582832,251.2581146,248.3721691,248.3721691,249.8109744,247.1689213,0.088725579,0.21535522,-0.001609246,2315.737213,-8.189094866,9.362092046,18.4405997,58.98699951,-0.661529601,13.99451828,-17.4543438,-22.75393867,-1.758513212,8.029872894,-37.8272438,2.145716906,-24.20439339,9.850299835,5.744290352,0.568220675,0.330492228,-0.253240705,-0.13814792,-0.264976084,0.2479406,0.089209169,-0.004218432,-0.065986447,0.191818908,-0.142259941,0.085702136,0
Man00286.wav,65.40639133,269.2917795,252.7136381,257.1309947,258.6205394,230.5952877,0.559310644,0.14865379,-0.001069369,1877.535222,1.138866413,9.629962006,16.33464713,97.62145996,11.24734974,-1.938122034,-35.76089478,-28.01918793,24.80406952,-1.360365868,-46.58882523,-0.888727069,-6.858424664,-4.568569183,-3.856834173,0.191139132,-0.026386226,0.054889232,-0.09441787,0.064663731,0.310647339,-0.04338805,0.044889685,0.211127341,0.13132824,0.300461233,-0.064446643,0
Man00287.wav,48.15764863,264.6655079,87.8128225,113.8791416,248.7318704,140.7950174,-0.350722681,0.17512523,-0.000110764,2127.144958,1.316306322,20.32304984,5.419935708,123.6667328,25.41405106,21.08016014,9.302884102,-20.48016739,26.68845749,29.47236824,-35.37342834,5.567645073,-19.81613922,2.714110136,-8.331528664,0.044634402,0.358026743,-0.254687637,-0.363166273,0.20861806,0.013988096,0.495137572,0.062299144,-0.329323024,0.026815552,-0.024253646,0.045764361,0
Man00288.wav,248.3721691,269.2917795,248.3721691,249.8109744,249.8109744,250.4070853,-0.350713163,0.15287095,-0.001936983,3442.871815,13.34412729,13.76345701,11.86468329,31.66006279,3.30638957,7.798845768,-51.64298248,17.8588028,-44.95597458,21.03148842,-39.62212372,0.705910921,-14.53828716,-2.01600647,-6.083818913,-0.543638706,-0.254667997,0.489812702,-0.237757161,-0.720448315,0.217045546,0.616344213,-0.561021507,0.353354186,-0.24043113,-0.038599409,0.537839949,0
Man00289.wav,124.1860845,249.8109744,124.9054872,229.0776736,248.3721691,188.709915,-0.864458067,0.24522635,-0.001712542,1696.45982,-6.528451193,9.968904328,15.60030278,106.0872574,-38.67433929,7.706392288,-14.22622681,-15.13340664,-3.664043427,17.13606453,-27.20984268,9.600559235,8.858017921,-0.138866767,4.435463428,0.287742198,0.171305224,-0.021467816,0.339482993,-0.036768891,-0.061444506,-0.047519207,-0.228550956,-0.134303689,-0.042939909,-0.154105127,0.209937125,0
Man00290.wav,86.30425077,136.2103996,86.80420621,86.80420621,87.30705786,88.84787573,-0.065884502,0.11121436,-0.000822618,1268.784085,1.737295227,14.28079148,9.750486376,142.58284,52.04032898,-0.368079931,-12.83290386,-5.501485348,18.25626183,13.42866135,-36.97577667,-2.838638306,-13.80482483,20.95929909,-14.40975189,-0.102958359,0.870764554,-0.857425213,-0.142290905,0.933196723,-0.044324547,0.218220711,0.694731057,-0.533667564,1.377632141,-0.726960361,-0.68637991,0
Man00291.wav,113.8791416,123.4708253,114.5388368,115.2023535,115.869714,116.2488603,0.036171306,0.13016474,-0.000305598,1244.568068,-2.566848813,10.70267023,16.46106035,147.1813202,49.88114929,38.06932831,-28.28598022,-65.87104034,4.541109562,34.6429863,-49.93631363,13.48432255,7.135185242,-34.48889542,-1.417414188,0.279206783,0.133085951,-0.237557426,-0.22152698,-0.075933792,-0.056496859,0.267734915,-0.182077363,0.267323941,-0.172369525,-0.130561665,0.113847494,0
Man00292.wav,230.404707,230.404707,230.404707,230.404707,230.404707,230.404707,1.77E-15,0.18784179,-0.004287496,1718.219431,-53.84682498,7.457397259,17.39469949,78.46057129,-44.45595169,17.783041,-34.19930649,-78.08649445,-11.22279358,23.15044212,-31.92908859,0.360568047,-18.36100197,1.19771421,-14.91239452,5.253752708,-1.421903014,0.479375035,-0.745039642,-1.977157354,0.540490329,0.578192592,-0.456939757,0.566283047,-0.024265708,-0.881394923,-1.070175409,0
Man00293.wav,202.9095626,272.4207993,267.740773,269.2917795,270.8517709,265.3368041,0.157524096,0.15162373,-2.94E-05,2219.440503,0.850042973,8.370746767,19.93688743,47.5268631,-16.5638237,17.33179665,-8.298769951,-40.90420914,-1.941106796,8.312919617,-43.47160721,-9.111124992,-6.349023819,-9.956934929,-12.0142374,-0.031941418,-0.006325125,-0.381366968,-0.330802023,-0.114480816,0.161319971,0.271525532,-0.208390415,0.030596122,0.082126483,-0.029946972,0.140724614,0
Man00294.wav,181.81907,403.481779,242.6993409,242.6993409,244.1052839,245.4449646,1.250677719,0.16346999,2.00E-05,1218.129913,-0.657951042,5.038743268,21.61751058,119.8972244,-4.137806892,-1.474913478,-8.704256058,-44.35455322,1.468042374,0.941410482,-44.63878632,7.212003708,-21.87236595,1.067250609,-16.99324226,-0.189254671,-0.259939551,-0.197450489,0.14753601,0.179024711,-0.021138186,-0.216548443,0.105520643,0.097156018,0.009310948,0.09547817,-0.137220442,0
Man00295.wav,83.36441116,167.6946726,150.2644282,151.1349012,155.7887844,150.9404892,0.303169323,0.094998814,-0.000955198,2339.554155,8.315850166,15.65458288,6.616661144,103.5116806,2.31165576,27.20682907,-27.82017708,-51.69720459,-13.89938927,54.82106018,-50.06557846,11.99723911,3.550250292,-13.95270157,-9.589994431,-0.495297581,-0.081048973,0.160180688,-0.181946635,-0.870490968,-0.017303463,0.152203575,-0.212342098,0.153467625,0.305264831,-0.112478092,-0.136958614,0
Man00296.wav,107.4875965,502.5162293,122.7596857,242.6993409,246.9416506,244.8643098,-0.037183492,0.2722642,-4.20E-05,3509.10346,3.580678546,18.64810326,11.42460521,23.28602028,-12.65419292,10.20176697,-15.91811848,-11.17721939,-10.30099106,-7.469101906,-12.25855541,1.540320635,-9.030701637,-4.591110229,-1.15616262,-0.318811446,0.118051983,0.052444763,-0.010820071,-0.041579563,-0.003700902,0.016617417,0.086955875,0.015289431,-0.050079551,0.006046144,0.044969693,0
Man00297.wav,116.5409404,122.7596857,117.2160552,117.8950809,117.8950809,117.8347718,0.020400179,0.15610823,-5.62E-05,1656.835471,1.861836627,14.05996749,14.12599747,122.1349869,22.9337635,28.47679329,-8.184920311,-46.97405624,-22.16223907,44.24740219,-64.22743225,12.88231659,-1.577283502,-12.7086668,-15.4473238,-0.134324327,-0.420095772,-0.096018024,0.595295131,0.28386125,-0.008018107,-0.332000256,0.217413589,-0.093767904,0.007308257,-0.001161625,0.072820611,0
Man00298.wav,220,445.1125537,221.274447,257.1309947,432.4410634,313.0188454,2.534570679,0.19650106,0.000924278,2304.952438,-3.153041467,8.139546871,16.43973784,65.51566315,20.84887505,12.4860239,-24.38347626,-40.59025574,-7.997883797,8.156749725,-53.6742363,23.75910759,-25.87350464,-17.98488045,-20.10430336,0.325671196,-0.053844485,-0.243801579,-0.286331028,0.111970089,-0.271644443,0.260953039,0.132009134,-0.300979972,0.274720609,0.134093061,0.172045246,0
Man00299.wav,119.9558506,270.8517709,120.6507478,235.7901618,252.7136381,206.3769746,-2.276351452,0.0827314,-0.000645147,2517.916733,-5.165264586,13.29310311,12.49998022,62.51255798,1.546251416,3.254800558,-54.79827499,-34.48511505,15.59687042,7.288628578,-51.3047142,17.30250931,-21.74775314,-24.00860596,26.22460747,0.531174898,-0.47930342,0.139283851,0.394107759,0.093205981,-0.118586205,0.139295176,-0.369730353,0.054039072,-0.411170393,0.258235902,-0.00495302,0
Man00300.wav,62.09304226,590.7319012,195.1510701,258.6205394,314.7421051,300.4279412,0.783889944,0.21318637,-0.00065258,1956.53678,-1.732506087,8.316342145,15.42545663,78.72354126,6.065433502,17.57954597,-56.07431412,-1.610995889,-27.20458412,7.271093369,-32.65792847,13.32395077,-5.887137413,-16.03412056,10.69804859,-0.115290292,-0.042819738,0.197889864,0.35431245,-0.121360026,0.148322523,0.008959329,-0.103873096,-0.011791087,-0.024179829,-0.113848276,-0.069429018,0
Man00301.wav,109.3664466,220,110,110,110.6372235,126.7164514,0.003023189,0.19480138,-0.000698783,1714.428534,4.059657812,14.25626592,18.00753918,100.1541367,15.86341381,37.49903107,-13.01354694,-44.81609726,-13.40509701,6.977508068,-34.91580582,3.9188025,-12.9909668,-10.45963192,-19.38486862,-0.284681797,0.319241226,-0.05075537,0.245566711,0.167988688,-0.257544488,0.234679192,-0.152583301,-0.041583821,-0.217618912,-0.13701731,0.107761793,0
Man00302.wav,116.5409404,666.9152893,233.0818808,233.0818808,244.1052839,305.2892253,-1.004464073,0.30205205,0.000292492,3478.297189,1.309674718,14.02524172,14.6718092,11.20532703,-27.68745422,-0.69364208,-24.9542675,-15.957654,-28.00898552,8.153487206,-14.90919781,10.542243,-3.806935072,3.477634192,-0.25087443,-0.279513627,-0.08984179,-0.028300107,-0.168380842,0.040698633,0.155288026,0.185812384,0.026262844,-0.181064323,-0.026202962,0.028097371,0.009881044,0
Man00303.wav,103.2281796,442.5488941,220,220,221.274447,229.5589482,-0.973508676,0.14378144,-0.001267226,3952.113924,-6.675194336,19.00732248,9.696042552,1.069487333,40.36311722,36.62611771,-32.31926346,-27.67381096,-26.7051239,31.40645027,-30.5226841,-14.23843193,-13.42491913,-14.43925858,-29.50469017,0.630737245,0.421305597,-0.113175184,0.374356866,-0.099590831,-0.004626421,0.222199351,0.256809026,-0.210507005,0.09137772,0.000602812,-0.079251543,0
Man00304.wav,248.3721691,251.2581146,248.3721691,249.8109744,249.8109744,249.1974071,0.003291385,0.22574614,-0.000751873,1585.6043,3.208075272,6.361954639,26.46084179,71.26233673,-7.669091702,44.2864418,-23.4755497,-50.7616272,-1.23176074,7.354221821,-31.44074821,14.80469608,-13.40768719,-2.381543636,-4.863970757,-0.085584164,0.372802734,-0.298460513,0.058908522,0.033099547,-0.089093409,0.096336678,-0.1281133,-0.121775486,0.104933783,-0.036385011,0.051844291,0
Man00305.wav,207.6523488,520.2374259,218.7328932,230.404707,447.6910645,297.5603029,-4.048632384,0.14169511,-0.000661969,2213.599294,-3.430830138,8.494869738,8.82872826,73.91399384,-44.0325737,18.05275536,-56.90819168,-32.13943863,-1.962376952,23.80010033,-40.85783005,-21.42703056,9.339819908,-20.13639641,0.490865976,0.160160303,0.099868447,-0.401865631,-0.05635323,-0.148096681,-0.030847456,-0.222061619,-0.132280558,-0.138856426,0.052752592,-0.048111927,0.123144448,0
Man00306.wav,218.7328932,244.1052839,223.8455323,235.1111361,238.5299115,231.1732437,0.168810135,0.15503289,3.25E-05,2912.085269,-2.886205132,12.60648123,14.79553127,45.89633179,20.1905899,4.296322823,-42.4443512,-16.39789009,5.212889194,11.36585903,-24.67822456,3.652415276,-12.84119415,-9.801273346,7.475569248,0.210382164,-0.124301821,-0.377888322,0.037396893,0.160657689,0.097204581,-0.146775857,0.174126819,-0.197582498,-0.108279347,0.293040216,-0.041357078,0
Man00307.wav,248.3721691,264.6655079,251.2581146,261.6255653,263.1411468,258.8510649,-0.065420513,0.22337359,-0.000326091,2712.817764,0.398184928,10.49791996,17.23762952,21.52235794,-26.92375565,2.343698502,-47.78913116,-45.09630966,1.841761708,10.17001724,-62.396595,24.14464569,-8.234676361,-5.250303745,-6.149227619,0.09191414,-0.163800284,-0.371851563,0.103380941,-0.022004675,0.048907079,-0.074749134,-0.06999933,0.12796241,-0.041894425,0.02732289,-0.085946567,0
Man00308.wav,122.0526419,690.4340061,123.4708253,244.1052839,244.1052839,266.5567147,0.345574474,0.14916007,-0.000244787,2576.652173,10.10460125,13.3822333,10.30967923,72.67529297,-4.105740547,13.9718504,-17.63540077,-43.23586273,10.41510963,17.98574829,-51.1082077,11.46722507,0.978298426,-11.63642788,17.14717865,-0.416632026,-0.009375751,-0.085758589,0.332526982,0.017189089,0.195456967,-0.175530344,-0.00488911,0.204134852,-0.009050998,0.19285354,-0.192502454,0
Man00309.wav,230.404707,251.2581146,242.6993409,244.1052839,245.5193714,242.0373348,0.104775459,0.1834122,0.000374763,2999.197334,5.156666459,12.37834658,14.69036321,40.74616623,12.28434181,16.24295616,-14.35880661,-35.03125763,-5.334959984,-11.11808395,-34.52732849,15.02091503,-28.07822227,-11.24709034,-9.393721581,-0.072781496,-0.419512153,0.17732729,0.262618214,0.319885314,-0.360856473,0.183941737,0.045664098,-0.026076136,0.295157701,-0.056249961,-0.049356405,0
Man00310.wav,109.3664466,122.0526419,111.9227661,115.2023535,120.6507478,116.3785853,-0.050006534,0.11908778,7.76E-06,1450.946461,2.20056357,12.45087442,14.00320874,139.3444824,17.00678825,17.27892876,1.427410841,-67.42672729,-1.617878795,41.00321198,-43.88059616,2.112799406,-3.001636267,-7.767785549,-7.891843796,0.005934163,-0.364786267,-0.123650618,-0.342223972,0.247856081,-0.047138043,0.038496252,-0.001383628,-0.068189874,0.299656957,0.072751448,0.145173773,0
Man00311.wav,145.1458702,161.0494266,146.832384,146.832384,146.832384,148.4330487,0.072519609,0.18274656,-0.000340046,2040.722009,0.833563079,13.7729136,17.6482393,80.46360016,-34.19562531,21.61001015,36.47622299,-50.53173065,-2.180890799,-6.176250935,-53.3731041,6.722633362,-7.096364498,8.89567852,-8.513132095,-0.041654516,0.023705363,-0.1191983,-0.119454265,-0.104606986,0.08081267,0.167889386,-0.08074104,-0.225706011,-0.267144412,-0.073241532,-0.078145921,0
Man00312.wav,221.274447,300.5288565,248.3721691,249.8109744,288.619783,263.079978,-0.339054454,0.16088326,-0.000893339,2303.160488,5.784152457,8.905955658,15.50127298,56.85745239,4.620946884,1.549854636,-56.80089951,-22.23866463,-14.62442398,24.77866936,-52.02026749,0.484323889,-14.20872116,-14.47339821,-4.214869976,-0.128836811,-0.017696345,0.110302649,-0.017665435,0.078484632,-0.080777518,-0.023618165,-0.056602053,0.101360179,-0.040429089,-0.011131943,0.111441255,0
Man00313.wav,644.1977062,744.2755572,698.4564629,739.9888454,744.2755572,721.1550613,0.394231391,0.305653,-0.000525331,2663.655631,4.048772967,3.701374452,23.75271758,33.40109634,-14.10760307,-22.19786263,-9.051566124,-24.56602287,-20.27179337,3.50164485,-7.682236671,13.73998547,2.646753788,6.990195274,-14.34616756,-0.177649811,0.111293212,-0.028458409,-0.009095323,-0.074288301,-0.022924094,0.019769887,-0.006153153,0.071977817,0.038289029,-0.137674555,-0.133542299,0
Man00314.wav,248.3721691,282.027698,249.8109744,264.6655079,264.6655079,260.0010157,-0.181019903,0.27605516,-0.00048287,2506.451301,3.033593239,9.68883979,20.45946679,51.70225143,-19.32733917,-12.13401127,-10.06185055,-25.87430573,-4.412625313,17.01928902,-39.36135864,15.08324146,-3.944307327,5.679545403,-28.85416794,0.195222929,0.461630732,-0.149803415,0.107168727,-0.013990622,0.095426917,0.135026798,-0.223302022,0.145713761,-0.104839459,-0.072967842,-0.013325132,0
Man00315.wav,130.8127827,131.5705734,130.8127827,131.5705734,131.5705734,131.2127278,0.004457593,0.20079629,0.000112463,2432.576601,5.543936715,18.53946353,14.19296669,49.46767426,-49.80275345,49.83309937,-52.49279022,-33.61280441,-10.83196926,28.82891655,9.063484192,16.05431557,7.618279457,-5.541687012,-6.406266689,-0.686388493,-0.572467685,-0.094437882,-0.276751846,-0.185729176,-0.076935753,0.132694572,0.400017351,0.031376351,0.038280185,0.22818315,0.019787157,0
Man00316.wav,248.3721691,396.5502035,263.1411468,329.6275569,337.3322358,315.4155476,-0.727120097,0.20256634,-4.50E-05,3057.465271,1.625279628,9.899791669,17.41775604,26.71212959,18.84257889,-9.161179543,-16.51124001,-24.02774429,4.144847393,5.932565212,-48.82354736,12.14320278,-21.13223648,-15.32062626,-14.58611679,0.003598595,-0.251071811,0.014278183,-0.057512458,0.130535826,-0.142083898,0.178626135,0.13112478,0.168711543,-0.141996115,-0.036339086,-0.022341864,0
Man00317.wav,110.6372235,136.2103996,120.6507478,132.332754,133.8703865,127.8012685,-0.019246865,0.13396737,-7.93E-05,1879.822068,6.135728498,14.74754091,6.634101882,124.6263733,3.256942749,-0.879461408,-20.25252914,-17.64569473,15.35667992,21.31588364,-64.16880035,25.94161415,-14.56364059,4.871571541,5.521578312,-0.311572045,0.261079997,0.070672922,-0.526672304,-0.131514177,0.219068363,0.166146487,0.03727505,0.205647975,-0.142561287,0.076588847,-0.151574537,0
Man00318.wav,82.40688923,309.3350242,83.48514244,122.0526419,122.7596857,133.6381672,1.848735186,0.060194746,-0.000217769,2685.46507,0.123008889,22.83894499,10.79400901,64.54781342,9.894373894,23.29585075,-26.92866516,-56.70049667,23.45752335,-2.672120333,-43.82304001,13.7004261,0.516330481,7.616109848,-0.932215512,-0.045671955,-0.48329255,-0.434296429,-0.406993479,0.231079504,0.071286075,-0.486604571,-0.07074634,0.093230478,0.086372077,0.603055,-0.101337835,0
Man00319.wav,184.9972114,198.2751018,184.9972114,184.9972114,189.9330328,187.9028996,0.025133435,0.14231472,-0.000516402,3019.073366,6.975353974,16.15399011,10.55131,26.60969734,0.22683914,-8.918094635,-15.82804871,-67.65627289,9.047423363,21.41238976,-36.1906662,-8.231507301,-16.34871483,5.57692194,12.15650082,0.45066461,-0.45832023,-0.115779661,-0.17702812,-0.862568915,0.704579413,0.012170378,-0.564925969,0.076645449,0.008580146,-0.00677061,0.184349388,0
Man00320.wav,434.946169,458.1553471,440,440,440,440.1686419,-0.102702011,0.28761908,-0.00053573,3698.795188,1.308943296,8.404878412,19.6498383,-0.038991041,20.15317345,-0.992360592,3.691306591,-30.05034828,-15.29113865,7.39287138,-26.98459625,8.360934258,-29.08344841,-1.260330319,-11.75484085,-0.012925949,0.138211995,-0.501252711,-0.073629491,0.083709165,-0.096005768,0.168760315,0.326249629,-0.197893783,0.208588049,0.022161199,-0.125607625,0
Man00321.wav,227.7582832,264.6655079,249.8109744,261.6255653,263.1411468,253.4837586,0.205873845,0.18784833,-0.00036012,2840.650863,14.08393964,11.10945013,14.89933116,32.97972488,4.758569717,-6.672749996,-32.66348267,-22.98223877,7.858705997,-3.448732138,-49.14103699,10.45154572,-0.084892966,-17.95467377,15.38492393,-0.390159816,-0.40467751,-0.521369517,-0.125080273,-0.216756254,-0.088018954,-0.124391377,-0.240546644,0.191791832,0.029866701,0.085251629,0.172506869,0
Man00322.wav,85.3129619,245.5193714,242.6993409,244.1052839,244.1052839,208.9985201,0.116993982,0.3205179,-0.00025946,3109.155291,2.739168429,17.57976033,5.588998472,39.07590866,-55.17665863,-10.38620281,-31.66228485,16.00125313,-3.864737034,-1.829329133,-17.65876961,14.08423615,-0.906345248,9.452032089,-3.294975996,0.051578127,0.320512265,-0.156920657,-0.263793856,0.364847362,0.059261452,-0.054778688,0.033704784,0.110351875,0.149224117,0.077990226,-0.00399464,0
Man00323.wav,105.641024,615.106771,397.769273,535.481546,594.1539763,490.4375728,-0.008039349,0.2109325,-0.00093761,2649.350598,6.154920863,6.355055492,9.582444964,46.6558876,-25.49199104,33.21272278,-35.18146896,-24.80086327,-9.447828293,10.70687866,-59.52327728,11.00877762,-13.94230938,16.48098183,18.01955986,-0.499227554,0.273686737,0.555848539,1.318833709,0.164417163,-0.418501318,0.274110705,0.113718815,-0.018825155,-0.332202435,0.235095724,-0.537373066,0
Man00324.wav,222.5562769,249.8109744,223.8455323,245.5193714,245.5193714,236.8741342,-0.184742525,0.13404234,-0.000489423,3060.560118,3.354326826,12.92557484,15.87363223,20.14278984,-19.04273415,-18.51644516,-38.94932938,-46.68017578,16.75107956,1.037810445,-56.36119843,18.94656754,-13.13303375,-2.663573742,0.148470834,-0.117342688,0.036218368,0.208081618,-0.017918942,-0.032357063,-0.080976129,-0.054106783,-0.031897027,-0.011285216,-0.11582952,-0.037849046,0.115118288,0
Man00325.wav,255.6500291,345.2170031,258.6205394,345.2170031,345.2170031,314.3822279,-0.034186974,0.14932907,-0.000657302,2377.550142,8.498450056,7.740876628,19.3869824,39.06071472,-2.930295944,-3.326657057,-49.49700165,-31.90849304,3.584611893,-2.655610323,-23.39443398,3.325514555,-18.26017761,2.28012991,-2.302941084,-0.268276036,0.181542382,0.623577714,-0.913971484,0.209711611,0.551954627,-0.266536504,-0.120509803,0.104453713,0.584979653,-0.169786111,0.171603113,0
Man00326.wav,193.7464922,251.2581146,249.8109744,249.8109744,251.2581146,247.7262833,0.090456981,0.27083588,-9.88E-05,1696.701436,-6.911192429,6.87997661,19.70457696,92.9130249,-6.313772678,22.63617134,-36.52267456,-46.82781601,10.12344265,10.05319786,-32.87544632,18.76341057,-16.6763916,-15.79721546,5.213919163,0.381078422,-0.111211494,0.185750052,0.00639534,-0.35648793,-0.018443715,0.062520437,0.18602027,0.16024363,-0.235157952,-0.078891501,-0.103267223,0
Man00327.wav,238.5299115,880,249.8109744,249.8109744,251.2581146,373.6682268,0.419119223,0.1466172,-0.00048841,3771.119181,5.039703905,13.12329326,9.946186106,18.14163589,12.79434776,10.69273567,-18.85713196,-69.27911377,-15.41446972,36.93485641,-40.55771637,11.21180058,-10.79275322,-1.770033002,-27.16947365,0.40024817,0.381557703,-0.263782114,-1.93E-05,-0.290734589,0.28579852,-0.283076435,0.120604061,0.099542312,0.000751641,0.155457184,0.196827948,0
Man00328.wav,222.5562769,286.9574553,249.8109744,255.6500291,272.4207993,256.6058079,-0.06603889,0.22625911,-0.000583849,2690.888243,4.022065541,10.4597439,16.09985227,40.25022507,-1.066250205,4.691034317,-45.21995163,-23.90073967,-21.6846447,32.96555328,-42.80597305,7.631111145,-5.341763496,-19.03197861,1.041465282,-0.282037407,-0.118128158,0.543601871,0.18825455,0.162359461,0.242228597,-0.503634036,-0.082059115,0.046757482,-0.147465482,-0.099487036,0.181516886,0
Man00329.wav,157.3710526,485.3986818,158.2826938,159.1996161,246.9416506,237.0507173,0.484862599,0.26341885,-0.000466845,3751.053357,1.905202361,18.85994125,8.994175171,37.55787659,22.53391266,-0.405954093,-6.321843624,-21.23623085,-4.066868782,-15.6367197,-42.84796143,-7.490689278,-22.34779739,6.250566483,-11.15632629,-0.292669505,0.172926202,-0.048594423,-0.318934113,0.071223177,-0.116245531,-0.068187565,-0.009220204,0.088811606,0.134624809,0.081718944,0.184934705,0
Man00330.wav,261.6255653,269.2917795,266.1986996,267.740773,267.740773,267.1174473,-0.02315843,0.27031207,-0.00045479,2025.817832,9.511675066,7.587640959,23.60555923,65.87489319,-8.61678791,-10.48133469,23.97937584,-38.63307953,-18.99273872,16.38344002,-23.9466095,18.22937965,-35.27318954,-24.08008957,-19.53112793,-0.337479472,0.121215738,0.083767548,0.074364036,0.204971969,-0.021306647,0.060372327,-0.071456365,-0.054498162,0.077822581,-0.032067701,-0.008649911,0
Man00331.wav,120.6507478,136.9994585,131.5705734,132.332754,132.332754,132.2628706,-0.217044947,0.14289571,-0.000717149,2001.583758,12.0310111,15.17773762,10.11779429,111.7934265,-37.91353226,22.39306641,-20.3014183,-75.82073975,37.02374649,23.31421089,-32.21790695,6.072340965,7.599057674,-8.662852287,5.268679619,-0.459385872,0.276884675,0.060443401,0.536816716,-0.484751225,0.011222512,-0.048206214,0.173265234,0.146132424,-0.147746801,-0.044304717,-0.39236027,0
Man00332.wav,208.8552666,286.9574553,216.2205317,231.7394279,266.1986996,239.3978737,-0.119689503,0.13723719,-3.60E-05,1950.581805,0.279088419,8.243869485,15.85220898,82.94384766,-24.62190247,5.013566971,-27.10655785,-31.61636734,-8.276425362,12.07330036,-40.7473526,20.12251091,-8.560581207,-9.293077469,-4.020030975,0.186029017,-0.587947249,-0.237046838,-0.343943268,0.202035546,0.013835518,-0.103656307,0.338721246,-0.017864371,-0.05079991,0.322172552,-0.064256407,0
Man00333.wav,106.2529962,249.8109744,197.9896066,233.0818808,246.9416506,212.2953535,0.458872051,0.20066296,-0.00088617,2556.336116,14.15800599,11.76090314,11.21952773,67.38969421,6.902330399,44.87164307,-10.61641312,-19.77940559,-14.28149033,30.45121384,-30.51387978,16.17153168,-9.978610992,-6.303911209,-9.537403107,-0.721691668,-0.177842021,0.24700135,-0.046481512,-0.053886518,-0.08741758,-0.078777805,-0.256048262,0.199639842,-0.175970033,0.254155129,0.195069596,0
Man00334.wav,246.9416506,249.8109744,248.3721691,248.3721691,248.3721691,248.3802545,0.001490123,0.20788698,0.000201918,3536.62792,10.89858391,14.23834493,15.50898794,13.21960545,-0.384515256,19.71093178,1.667062044,-44.98591995,0.800573885,-3.736186266,-22.54084969,9.643881798,-5.968132973,0.389793754,-9.611460686,-0.808700621,-0.571059167,0.188873962,-0.076667614,-0.331495374,-0.029099558,-0.167701647,0.024329651,-0.063262947,0.053596869,-0.018165315,0.034341097,0
Man00335.wav,227.7582832,233.0818808,231.7394279,231.7394279,233.0818808,232.0416843,0.025389184,0.13375866,-9.65E-05,2186.480674,4.444190161,9.423751296,18.56745482,52.80289459,7.134524822,41.66706467,-21.22487831,-30.75460052,2.432613373,12.96455097,-50.67073441,9.803512573,-23.96557808,-2.710530281,3.30502367,-0.560726285,-0.34427169,0.683606505,0.116386592,-0.159116551,-0.178397045,0.292073846,-0.068021283,-0.080163121,-0.13749367,-0.127163425,-0.05673404,0
Man00336.wav,141.8307339,349.2282314,256.4181481,270.8517709,347.2168248,280.4693079,0.506368417,0.21435115,-0.00046741,1571.576996,-2.237305632,5.676251065,18.64079592,105.1505508,-31.52378273,-10.76195812,-41.57600021,1.792740464,-40.59446716,5.642040253,-41.48139572,-3.935863018,14.71615982,-22.75526619,-9.752813339,0.398033082,0.183053926,-0.181373388,0.278001428,0.222320899,0.029189648,0.082973756,-0.062178481,-0.162215456,0.242575303,-0.146223873,0.122771129,0
Man00337.wav,123.4708253,261.6255653,221.274447,258.6205394,260.1187129,222.9365404,-0.623813421,0.15990613,-0.000570995,2699.82722,21.61271809,12.61473427,16.22015792,49.75406647,40.07753754,8.869809151,-35.48703384,-14.75829792,2.610764503,26.67500496,-45.31195068,3.991761446,-8.394783974,-13.36560345,-8.659142494,-0.423046112,-0.025411885,0.097165875,0.081035741,0.108140692,0.047199756,0.206805304,-0.132403046,0.275594354,0.042214654,0.230524972,0.033243671,0
Man00338.wav,246.9416506,248.3721691,246.9416506,246.9416506,246.9416506,247.1988225,-0.011519156,0.21156466,-0.000421576,2343.227698,-7.289109918,9.477470343,22.23230155,35.74263763,-7.731178284,15.34673214,-18.11079788,-38.39719772,-42.83304977,-9.452614784,-18.88928032,-9.16203022,-15.55833054,1.641919255,0.316579133,0.2409399,-0.101693004,-0.30891943,-0.051927902,0.28524974,0.032122046,-0.448839873,0.23801516,0.178337634,0.110543072,-0.281978846,-0.293244898,0
Man00339.wav,85.80717486,160.1218501,116.5409404,117.2160552,156.464662,133.8500953,-0.022694118,0.17040223,-0.00059208,2426.765776,3.769240488,18.44089793,10.48515066,85.15641022,12.64684105,24.39596558,-18.60249138,-46.49229813,-11.67206478,38.94645309,-52.76633835,12.00554943,11.76046562,-6.492699623,-1.395049214,-0.056028079,0.559263289,0.241379201,0.062723033,-0.385271013,0.131782204,-0.125509158,0.016240988,-0.009134953,-0.077813625,-0.200072289,-0.233394086,0
Man00340.wav,124.1860845,312.929324,124.1860845,124.9054872,251.2581146,175.7176177,1.123929436,0.22065903,-0.000737212,2073.807033,4.289697947,13.34899811,18.8280436,68.58034515,27.73270226,37.95330048,32.84674454,-37.51110458,26.77467155,0.593616664,-60.05361938,-13.54580784,-17.17507172,-6.308737278,-26.49128342,-0.013398938,0.001356663,0.198662415,-0.335275978,0.420601904,-0.457563579,-0.16818738,0.049313452,0.189287797,0.123985976,0.006202819,-0.054501768,0
Man00341.wav,136.9994585,141.8307339,137.7930882,139.3941668,140.201669,139.0804592,0.018715755,0.15351461,-0.001366529,1389.526538,27.46303587,9.987659165,18.18730513,113.0574646,36.54050446,27.39568329,-39.24480438,11.84021282,5.799847603,19.39292145,-40.81035995,-4.481893539,-35.01907349,-19.20594215,-7.199140072,-0.927698612,-0.854017437,2.194540024,-0.139359295,0.586095572,-2.465307951,0.555799305,0.334094763,0.142355502,1.021580338,-0.725087106,0.751330554,0
Man00342.wav,99.71184888,100.8704448,100.2894737,100.2894737,100.2894737,100.2985445,-0.006178574,0.11950044,-0.001787148,1732.367119,-8.571087188,17.27131936,13.26666321,121.5923843,-21.79784775,7.967741013,21.30300522,-37.82105637,-7.739115715,-11.95980263,-32.40451431,28.84034538,7.43153429,15.74457169,-0.983491957,0.641495705,0.147978589,0.257381588,1.333925486,0.462813497,0.098066032,0.310711592,0.066711888,-0.551312745,0.106779389,-0.54820013,-0.394155622,0
Man00343.wav,70.91536696,802.3157899,371.0691869,478.4416127,482.6029911,423.7980714,-0.469387982,0.16256864,-0.002283093,2169.093625,5.31570428,8.99141959,8.107434391,70.19046021,7.671277523,31.76354027,-30.65902519,-69.20689392,-19.80188751,3.056509018,-29.80117035,6.298496723,-6.688987732,4.133701801,-16.68051147,-0.336228818,-0.126860738,0.664873719,0.062750354,-0.309344918,0.23196727,0.046996552,0.127334252,-0.476623267,-0.095827617,-0.024480537,-0.087854229,0
Man00344.wav,220,1095.995668,229.0776736,237.1560803,248.3721691,314.9869172,6.540768232,0.1926111,-0.000447586,2951.279964,-6.146275605,11.92439227,12.09338594,49.13349533,-37.68213272,21.74333,-11.91841125,-19.36100197,5.670483589,6.5944767,-45.09949112,0.163324997,-18.04239655,7.5793643,0.167831793,0.517039955,-0.628221631,0.061731584,0.181067184,-0.209153101,0.095224686,0.003441926,0.69750458,-0.037197258,-0.017767111,-0.02079843,0.371344477,0
Man00345.wav,231.7394279,267.740773,244.1052839,248.3721691,263.1411468,250.2277001,-0.088181492,0.12849808,-0.001090434,2134.701488,-1.903352539,8.550835847,11.77340476,86.23045349,3.458605528,1.454555869,-60.10364532,-47.53404236,-0.084987432,46.9563446,-54.37639999,10.2062397,-5.958614826,-27.78545761,5.223323345,0.234056011,0.470932484,0.252608865,-0.214150265,-0.280647933,0.29113701,-0.10477943,0.026409149,0.214581117,-0.025102673,-0.196310222,0.092512943,0
Man00346.wav,365.7446743,840.2606114,415.3046976,816.3400229,827.0214266,677.0154606,-2.63106577,0.14057152,-0.000620955,2587.956115,6.845995789,4.663720915,8.625936822,58.57576752,-50.40951538,10.83479977,3.134599686,-16.95911407,-38.96406174,-13.15886974,-34.46941376,1.804133773,-2.8676579,-3.035599232,-12.73005199,-0.722363949,-0.83326596,-0.398739606,0.087353572,0.435089231,-0.061770529,0.182517171,-0.365388006,-0.504226089,-0.030676242,0.185055807,-0.152063087,0
Man00347.wav,267.740773,357.3910544,309.783014,333.4576446,355.3326334,329.1296083,-0.309288562,0.1866838,-0.00078803,2892.56989,2.96300328,8.844277491,16.48058115,24.41693497,-2.574218273,8.543637276,-39.32276154,0.857301652,-14.47541046,0.959180713,-19.76795769,-3.330514193,10.83297062,8.346953392,-10.5267868,-0.094040424,-0.138277873,0.078598686,0.122112744,0.19955419,-0.138149023,-0.24437958,0.088667788,-0.015517388,0.251944005,-0.11747817,-0.143647164,0
Man00348.wav,440,440,440,440,440,440,-3.12E-15,0.19565286,-0.001643717,3528.785037,2.776814658,8.019965992,21.753693,12.49251366,23.29922104,-42.68338776,30.36338806,-8.904435158,-38.72933578,-16.31603432,-23.62026024,21.56501961,-37.36963654,-17.21021652,-4.896225452,0.081030443,-0.010414941,-0.267770469,-0.109165572,0.041447334,-0.147141814,-0.252354443,0.03963355,-0.062862344,-0.114247531,-0.275379598,-0.087163448,0
Man00349.wav,249.8109744,757.2852648,735.7268233,748.5871016,748.5871016,671.8530156,-5.442472325,0.1937971,-0.000582516,2463.451589,-20.83450461,4.241296101,22.53100246,61.12652206,-2.753895521,-44.82859802,-32.87086105,-4.530273914,-22.0340519,28.10723495,-25.60157204,35.13780212,7.217590332,26.35676956,-12.33244896,0.616398811,-0.589948535,-0.435435325,0.325079352,-0.202851117,0.067415349,-0.048123267,0.193699315,-0.300354213,-0.107413553,-0.055330124,-0.11403586,0
Man00350.wav,213.7370271,248.3721691,233.0818808,246.9416506,246.9416506,238.4303963,0.491269379,0.24026465,-0.001959719,2941.257201,17.36250133,12.32468432,14.10841762,37.86423111,-31.09713745,17.33427048,-42.35522461,-20.53665733,-14.10348988,15.20516396,-40.37200546,37.37955093,-28.36390686,6.363568306,-9.784412384,-0.341066271,-0.501082659,-0.502068937,-0.349877775,0.009706482,0.612043321,0.440381646,-0.253575474,0.250508219,-0.009043338,0.292522669,0.310643315,0
Man00351.wav,114.5388368,119.9558506,115.2023535,119.2649557,119.2649557,117.9730942,-0.028989165,0.10870337,-0.000780951,2587.458131,0.318692521,21.96753921,8.990324427,86.77039337,-3.344696522,11.5949173,6.273721695,-16.23974037,21.33982849,-7.940214634,-67.03272247,29.81197548,-4.556655407,15.74957657,-2.348769426,-0.074584864,0.511049569,0.040485498,-0.191673234,-0.155414656,-0.116352938,-0.065112874,0.308670998,-0.054774608,0.06291467,0.083011456,0.023339061,0
Man00352.wav,222.5562769,272.4207993,251.2581146,252.7136381,260.1187129,253.9530341,-0.494868201,0.20544456,-0.000574901,2976.59949,5.446308965,11.73670925,10.45003218,14.64505768,-31.33349037,9.991383553,-23.21666908,-47.6341362,-12.64459515,15.94317341,-36.10539246,-8.172842979,13.42691135,-18.48716545,-7.92132616,0.236088395,-0.098497115,0.068298459,-0.059738796,0.03227447,-0.09839426,0.085346028,-0.116573818,0.141089872,-0.1024777,0.030647345,0.278809309,0
Man00353.wav,107.4875965,119.2649557,115.2023535,116.5409404,117.8950809,116.1935127,-0.026971097,0.14607148,-0.000232575,1990.259229,-0.274705743,17.12099374,12.49004859,99.21206665,45.05715561,60.45886993,-32.14599991,-31.95285416,11.51726818,24.54061127,-30.17440033,18.58802032,-17.95338058,-19.91892624,-6.782022953,0.003627387,0.262022823,-0.193977922,0.152792647,0.031697996,-0.114410296,0.209314466,0.232980654,-0.297253609,0.109589942,-0.125563383,-0.130110756,0
Man00354.wav,291.9733833,583.9467666,311.1269837,311.1269837,583.9467666,424.0092012,-2.097062956,0.19025286,-0.000878172,2088.366993,13.36796154,5.930913447,21.58649395,61.95791245,3.667726517,-18.95928192,-57.51979446,-18.29441071,-1.369767427,0.407346606,-45.58553314,5.541306496,-11.07018852,10.97534847,9.607744217,-0.425117463,-0.026087191,-0.319654971,0.325197637,0.008077271,-0.014861595,-0.250950277,-0.169990286,0.107411243,-0.231736332,0.198518544,-0.541630805,0
Man00355.wav,260.1187129,273.9989169,261.6255653,267.740773,269.2917795,266.2941444,-0.006838778,0.14065672,-0.000281781,2502.400337,-19.43559155,9.389229547,-14.82558236,51.0072403,35.37187958,9.712072372,-56.07763672,-39.16926193,-0.546473682,3.172885895,-50.33028793,20.29933548,-18.50192642,-2.648655415,0.422014683,0.35001412,-0.158885047,-0.032740336,0.223860964,0.22787641,-0.084567316,-0.082815826,0.265985161,-0.218724281,-0.152650163,-0.125424713,0.003479433,0
Man00356.wav,121.3496704,127.0887967,122.0526419,122.0526419,122.7596857,122.3714977,0.003756036,0.1564521,-0.000400445,3073.028174,-2.002140926,25.10693248,10.7221403,44.46396637,17.56223106,43.29956818,6.18562746,-36.02891159,16.37795067,36.43828964,-18.31375122,19.94793129,-25.34719086,-23.44870377,-7.338021755,0.32510224,0.048321903,-0.114866219,-0.007915589,-0.151790097,0.018974926,0.203522876,-0.023698054,-0.101452209,-0.058319893,0.131701872,-0.033166673,0
Man00357.wav,217.4730845,554.365262,246.9416506,272.4207993,273.9989169,319.7053273,0.135562481,0.16626897,-0.000627786,2470.122806,-4.257257751,8.620726276,18.04230445,47.63922501,21.54714584,-3.004895687,-44.49325562,-59.86436462,13.80709457,-9.890236855,-39.3615303,17.17955017,-18.61527252,7.65775013,-5.63834095,0.465705454,0.109268978,-0.045716383,-0.222501457,0.230003417,0.194121242,-0.210400015,0.02362467,0.019050766,0.025983945,0.125573307,0.252907425,0
Man00358.wav,229.0776736,246.9416506,230.404707,230.404707,231.7394279,232.5630078,-0.53785346,0.1596746,-0.001897646,2165.277809,4.341057695,9.31668747,15.10911303,80.75175476,-20.54385185,31.4288559,-32.33740234,-32.99625397,11.35322857,28.24812317,-54.81015396,10.18519878,-4.999547005,-18.97053909,25.40987587,0.426609874,-0.05519278,-1.403998852,-1.917580485,0.197083786,2.357639313,-0.648526788,0.070065029,0.169342369,1.2623353,-0.836974204,1.402794361,0
Man00359.wav,114.5388368,325.8414615,115.2023535,123.4708253,125.6290573,135.706268,-0.798309385,0.13976355,-6.42E-05,2285.196566,-11.01839692,18.14752644,8.983643953,89.87111664,-3.855569124,0.01130187,-41.53478241,-42.16400146,-0.808912575,12.20935535,-61.86001205,6.790986061,-2.948723793,1.089834094,-11.61081505,0.297669202,-0.35141331,0.147490308,-0.167596281,0.215781182,-0.089158714,-0.273840606,0.226635754,0.050426744,0.063485771,-0.158827752,-0.104993686,0
Man00360.wav,245.5193714,270.8517709,246.9416506,264.6655079,267.740773,259.0359363,-0.174720026,0.1220535,-7.71E-05,2733.332223,2.746699789,10.65598922,13.82186383,62.43013763,3.467845678,-20.47198868,-22.78264999,-65.89669037,4.309474945,19.06024933,-56.14439774,22.29352379,-27.05626106,-4.484789848,-13.94159222,0.12102519,-0.149925679,-0.417914778,0.010483512,-0.07563892,0.227964491,-0.081270926,0.140534744,-0.005648847,0.16338031,0.083680868,-0.24421522,0
Man00361.wav,229.0776736,255.6500291,231.7394279,241.3014955,249.8109744,240.9138918,-0.010986195,0.21060553,-0.000280263,2426.092646,-4.767637068,10.09114238,20.37757831,61.11534882,36.27762222,9.828567505,-12.15685844,-59.16345978,29.27936745,-12.90770149,-40.19322205,15.80901241,-34.18080902,-10.17754745,-10.47239494,0.356740594,0.004333961,-0.397711933,-0.148810521,-0.003613841,0.052799542,0.024407113,-0.071842857,0.088894673,0.063004844,-0.059179757,0.02714956,0
Man00362.wav,130.0593565,149.3989688,146.832384,147.6829753,147.6829753,146.0062836,0.019822073,0.09463573,-0.00034593,2485.249712,12.22378917,17.02908996,9.948364762,74.57022858,-0.828021526,25.05725861,-57.30380249,-73.13313293,22.20141983,28.5783329,-56.13539124,28.00366211,-33.15221024,-0.831543207,-3.423027039,-0.681586146,0.465430766,-0.387671947,-0.370738029,0.526767552,0.407122463,-0.423042387,0.317353547,0.15865089,-0.610602438,0.188547879,0.452771813,0
Man00363.wav,239.9117012,252.7136381,248.3721691,248.3721691,249.8109744,248.7898378,0.080656587,0.1464974,-0.00077436,4138.786025,15.53053621,16.63261217,10.25434601,3.758798838,26.18778801,-6.145370483,-41.9450798,-40.59900284,-1.381112456,11.02961636,-39.85950089,-2.030341387,11.50563049,-17.10897446,6.457882404,-0.413308233,0.729358077,0.129311085,-0.421433657,-0.200083911,0.54475069,0.180030316,-0.388051748,0.187458873,0.310164362,-0.146135449,0.276631415,0
Man00364.wav,369.9944227,532.3973993,403.481779,426.2856845,526.2822936,453.6748369,0.2076483,0.19360486,-7.60E-05,2208.261724,0.494839473,4.884823378,18.5087952,58.32635498,-16.56393623,-21.38028717,-35.83120346,-4.62548399,-1.337661266,9.347578049,-39.21399307,3.764374018,-6.759744167,-13.38596916,9.608485222,0.316074252,-0.049699951,-0.096757323,-0.15707247,-0.113722593,0.05891386,0.103562556,-0.243198305,0.105643399,-0.032914445,-0.058790155,0.181295842,0
Man00365.wav,124.1860845,277.182631,130.0593565,130.0593565,130.8127827,159.208163,1.153260945,0.23616967,-0.000127011,1941.264416,-0.769184795,13.47952833,14.46162232,94.03070831,-26.57527733,43.0870018,-0.75465101,-10.21302414,-7.213578224,15.0213604,-48.40073776,20.30194855,9.156898499,-13.98616982,-2.3649683,-0.196273267,0.414103925,0.228894442,-0.095615849,-0.081715986,-0.008991641,0.062392779,-0.212503418,-0.069734097,0.038058899,-0.144482076,-0.139001086,0
Man00366.wav,217.4730845,363.63814,249.4512731,251.2581146,324.9058251,271.4442778,1.761829131,0.20520496,0.001777145,2448.348845,27.52293445,9.148328557,15.45654776,61.20640564,-21.66004562,12.37616062,-42.88002777,-16.39472961,-0.536295533,26.1457634,-36.58901978,22.61239433,-9.600381851,5.849617481,-2.543406725,-1.451321602,0.06009014,0.121125884,0.061220352,0.401928425,-0.079851821,-0.785432041,0.087275855,-0.004749848,0.103388041,-0.108741872,-0.007336861,0
Man00367.wav,86.30425077,731.4893486,129.1240766,244.1052839,245.5193714,301.3755286,5.13794388,0.12277211,-0.000455514,2711.737255,12.08042493,14.14193148,10.9234617,69.12598419,10.73482227,-7.07525301,-21.0661869,-40.4541626,6.572823524,20.49034691,-53.58686447,24.84869194,-7.979257584,0.428402245,-15.07629108,-0.830218077,0.644549549,1.08059001,0.021167599,-0.184884712,-0.214872524,-0.328954697,-0.462894052,0.385621369,-0.423035741,-0.065184951,0.231078029,0
Man00368.wav,389.7377084,410.5345163,397.7421847,410.5345163,410.5345163,405.3247999,0.202247896,0.17998983,0.000591106,3027.356873,16.6077224,7.459584455,14.80837815,31.76340866,9.135890007,47.92963791,-85.53639221,15.58916759,-26.87771988,-5.857787132,-32.83869553,9.946927071,-8.532474518,-13.33530712,-18.6341877,-0.823342979,0.387405455,0.119729944,-0.165183842,-0.109222993,-0.225908101,0.549890399,0.017572379,-0.285182565,0.103380501,-0.142175779,-0.049720671,0
Man00369.wav,114.5388368,131.5705734,115.869714,126.356819,130.8127827,124.1111025,0.014951594,0.08080117,-0.000320928,2472.787454,1.956046487,19.88087826,-2.221911501,84.29697418,24.50362015,24.16229439,-23.0680809,-71.01900482,11.41894245,41.9809761,-45.2387886,5.905735016,3.091498852,-17.86490059,-4.622000694,-0.231113255,-0.06974113,-0.086380228,-0.043198846,0.222072095,0.146172747,-0.009131708,0.113478519,-0.068845622,0.119134441,0.012114256,0.084961191,0
Man00370.wav,186.0688893,213.7370271,200.5789475,200.5789475,211.2820479,203.2359356,-0.12409544,0.26081097,-0.00107925,3148.56962,-9.751268796,15.50690764,11.3094935,45.56553268,-5.341575146,0.327293277,-13.99725819,-21.80935478,-6.875273228,7.593932152,-19.36497688,10.71243286,-14.27102661,-9.233449936,-8.22412014,0.564453483,0.21945557,-0.043599464,-0.03598053,-0.311426759,-0.121344753,0.171669334,-0.120080687,0.120898359,-0.099911794,0.021146853,-0.032911316,0
Man00371.wav,248.3721691,248.3721691,248.3721691,248.3721691,248.3721691,248.3721691,-1.66E-15,0.25812614,0.001884365,3753.079489,23.29943792,15.11070867,16.82263984,-2.658649445,-9.970067978,-7.736910343,-12.16862679,-23.38000107,-13.18599129,3.506186485,-28.34252357,20.59454727,-8.351206779,-5.055529118,-12.39851952,-0.592062235,0.270567805,0.007417634,-0.025519332,0.271331131,0.174642369,-0.029559387,0.521671712,0.036947522,0.165564224,0.244939178,0.030540042,0
Man00372.wav,220,258.6205394,244.1052839,244.1052839,245.5193714,245.7896665,0.097417822,0.19223191,-0.000883518,2093.506064,2.483702878,8.524376999,19.91489379,71.68347168,-48.04862976,24.90718842,-15.17793369,-31.17165375,-3.136868715,-2.857939959,-31.05656624,23.73221397,-6.188127041,6.575530529,-7.191847324,-0.020412596,0.113615535,0.110221311,-0.019525224,0.111403316,0.042425442,0.266639829,0.023596888,-0.005337803,0.092742279,0.044179142,-0.037475903,0
Man00373.wav,56.93957081,403.481779,132.332754,401.157895,401.157895,308.9597423,0.031157115,0.16954643,-0.000225403,2127.138883,-9.210504897,13.35329725,8.099399481,89.59584045,-26.41771698,25.01445198,-19.19771576,-35.62999725,-19.2458992,2.520745039,-24.38123131,8.063197136,-21.21734047,-4.788939476,-14.55796432,0.487525612,-0.366539538,0.432144731,0.412894607,0.186004266,-0.430402875,0.143441826,0.448220044,0.040548045,0.154161513,0.012100173,-0.043190267,0
Man00374.wav,245.5193714,266.1986996,248.3721691,249.8109744,264.6655079,253.63989,-0.109754267,0.19124313,-0.000442203,2388.089282,-1.127911154,9.47974947,16.47514665,47.21133423,-21.09836769,-0.526015162,-37.95213699,-32.23574448,16.53069878,14.95123959,-42.72221375,16.36863899,-13.71529865,4.165569782,-12.24239254,0.135731563,-0.163583443,-0.195829332,-0.241330877,0.086731322,0.167907268,-0.293710798,-0.112613298,0.277683228,0.134272188,-0.382101774,-0.001890543,0
Man00375.wav,148.5384941,229.0776736,201.7408895,211.2820479,211.2820479,203.8210585,-0.445937712,0.16111541,-4.72E-05,2554.79062,-1.719296676,12.50275375,12.136361,60.08650589,3.780899763,12.12530994,-31.82390976,-43.06763077,10.71081543,12.67114162,-61.37507629,9.455713272,-13.21299648,-6.164017677,7.873770237,0.218844533,0.373871118,0.129515767,0.08197394,-0.111828253,-0.174709424,0.08189512,-0.02773335,-0.007511726,0.159223855,-0.15056029,0.011372021,0
Man00376.wav,227.7582832,450.2845125,251.2581146,263.1411468,445.1125537,331.4236114,-0.392390302,0.25384635,-0.000995464,2632.87463,-8.846921608,8.677019813,12.30585032,45.97322464,-10.83911991,25.70864105,-22.76455688,-13.92043686,-8.073435783,-1.156759262,-37.08823013,7.279472828,-22.84134483,-18.58018875,-1.732325673,0.643110931,0.284930468,-0.273530602,-0.40155673,-0.290025949,0.217151836,-0.115779728,0.06983503,0.2936773,0.135793075,-0.202149257,0.069863968,0
Man00377.wav,124.1860845,130.8127827,128.5654973,129.3102697,129.3102697,128.8087548,0.020002246,0.1575185,-0.00013726,2021.736428,5.7047651,15.68516674,10.66314808,114.05896,20.43997574,20.99609756,-36.5017662,-60.77650833,20.3649044,17.8607254,-29.40871429,29.66080666,-26.13963509,-22.95403481,5.910822868,-0.079309821,0.282633185,0.40881899,-0.113295153,-0.469699502,0.172998711,0.495548129,-0.598465979,0.105210945,0.271700501,-0.146978855,-0.139791146,0
Man00378.wav,62.4527436,141.013849,62.81452866,125.6290573,125.6290573,110.232407,0.092109705,0.18152303,3.17E-05,1992.572447,0.486163381,19.5918043,12.87579932,109.3400574,-16.06961441,23.57818031,-25.81272125,-40.98656464,35.43827057,8.358456612,-44.59173584,13.96215057,-13.41018581,-2.610868454,4.559463024,-0.215558141,-0.22533907,0.201457605,0.293406039,0.092259966,-0.33986184,-0.04243682,-0.041312579,0.051878195,-0.188162312,0.125317499,-0.027892368,0
Man00379.wav,260.1187129,270.8517709,266.1986996,269.2917795,269.2917795,267.8877732,-0.0634474,0.19577321,-0.000380221,1927.390923,0.729942585,7.196772612,20.92185941,66.69471741,-51.55838013,9.496507645,-17.84262466,-28.8062439,-3.317961454,-5.034313202,-40.84448242,25.67507553,-16.27191925,-6.608079433,-18.39201546,-0.13147673,-0.14482972,0.066473201,0.261329204,-0.016054595,-0.154131576,-0.196514279,0.125665992,0.027696813,0.057860922,0.046248376,0.03949986,0
Man00380.wav,115.869714,706.572136,155.5634919,164.8137785,277.182631,261.9126854,0.291753417,0.19348048,-0.000626673,2643.281353,12.26390483,13.47895117,10.22983567,66.22813416,12.22212601,9.028169632,-25.57161713,-61.91017532,-1.264953971,10.48852253,-21.55716324,10.6759758,3.629475594,5.063511372,-15.89955616,-0.530788183,-0.042958375,0.16185981,0.236208484,-0.11384023,-0.11199338,0.367684513,-0.142615452,-0.118773356,-0.082555674,-0.357222468,-0.203825206,0
Man00381.wav,76.88834638,117.8950809,115.869714,115.869714,116.5409404,109.8148594,-0.180580118,0.1311513,-0.000147566,1698.376138,-2.104942016,15.27863187,14.51870405,116.3431244,46.92559433,23.92225266,-33.41539383,-70.8872757,-0.628869772,31.72074318,-39.43770981,8.321251869,-15.04455376,-21.21651268,-14.41270065,0.184946761,0.017588362,-0.18379578,-0.074159525,0.018699504,-0.054031398,-0.059481919,0.230292305,-0.092558235,-0.078341894,-0.060348261,0.072067551,0
Man00382.wav,,,,,,,,,,,,,,,,,,,,,,,,,,,,,,,,,,,,,,0
Man00383.wav,333.4576446,670.7786902,337.3322358,666.9152893,670.7786902,509.2982366,-0.101248739,0.32878017,-0.000930889,2686.322547,5.570809873,5.68906584,26.24134384,9.046076775,-6.772249222,1.036192775,-10.07095051,-26.4724865,-14.78079414,-2.87472415,-15.32253075,12.56222057,-9.527486801,12.1691618,-3.374448299,-0.188543081,0.115288019,0.169271111,-0.144864023,-0.158747926,-0.043400839,0.098882712,-0.157446921,0.301245123,0.20212847,0.152887791,0.084620543,0
Man00384.wav,83.36441116,124.9054872,124.1860845,124.1860845,124.1860845,118.986661,-0.006741107,0.13768686,-0.000103894,1777.053769,-0.746360803,15.20887085,16.7437457,129.9434509,27.61956215,-0.22382693,-16.45890427,-44.91415024,15.67107201,-12.6494875,-20.56877899,29.52825737,-44.51421356,-1.0877285,-10.25488472,0.000641682,-0.052797623,0.255796611,0.792710006,0.008742157,-0.148465917,0.340378881,-0.373918384,0.39043802,-0.010474019,-0.225779608,-0.091839716,0
Man00385.wav,107.4875965,119.9558506,115.2023535,115.869714,116.5409404,115.3006256,-0.018145607,0.16092922,-0.000307255,2100.82355,-5.204708171,18.21021837,11.31047656,104.6435318,22.83393097,25.51338959,-33.97814178,-51.56533051,1.207924008,19.59317398,-48.68422318,22.93684196,-30.81252289,-6.736918926,-22.25120926,0.337353587,0.297090411,0.12443281,-0.124015391,-0.204167843,-0.025176648,-0.061117329,0.127209276,0.392587423,0.035770256,0.018089103,0.008733754,0
Man00386.wav,124.9054872,138.5913155,133.8703865,135.4258855,136.2103996,133.4493682,0.018897864,0.08016277,-0.000404873,2216.546351,3.236130574,16.67150467,10.99321415,88.68782806,36.79265976,30.44024277,-33.97089767,-55.61728287,12.26564789,23.05286407,-32.68198776,11.54588795,1.608389854,-39.54369354,-5.845036983,-0.229401857,-0.206571251,0.173073903,0.410764962,0.361148953,-0.263273627,-0.086733118,0.187552899,-0.448317975,0.102930889,-0.098689862,-0.124201313,0
Man00387.wav,50.72739065,425.0119847,51.9130872,229.0776736,231.7394279,225.5370391,-0.0737983,0.17457129,-0.000354042,1371.685252,2.603776318,9.144908456,14.05395615,138.0749359,-1.892576337,34.6870575,-20.61738968,-65.69473267,-3.640216827,34.44512558,-52.98962021,15.38432407,3.914523125,-30.1343708,-10.1432209,-0.498059481,-0.156801,-0.198953062,-0.072839215,0.193742573,0.116551779,-0.202087864,-0.165733919,-0.058471683,0.034140743,0.017961264,-0.146824658,0
Man00388.wav,235.7901618,248.3721691,244.1052839,244.1052839,245.5193714,244.6618674,-0.081246986,0.28635237,-0.000947428,3373.439439,-9.067461444,13.78638502,16.72403587,12.57350445,-8.114635468,-3.337680578,-30.14960098,-20.69228363,5.289394379,27.73571587,-16.53079224,0.256995201,0.038922276,-2.805166721,-9.678990364,0.576251209,-0.350610107,0.340487808,-0.404627025,-0.197696805,-0.12820065,0.017139057,-0.07283894,0.093862489,-0.044455785,-0.161933646,-0.03437373,0
Man00389.wav,133.0993498,450.2845125,234.1860845,249.8109744,279.5958358,278.1747954,0.540639675,0.19664638,-0.000882584,2847.595454,19.09615256,11.39104232,12.00977737,47.36785889,-6.262234211,7.295620918,-17.77779007,-39.52627182,1.386474729,13.27377033,-31.31880188,0.019174784,-7.944749832,-2.637804508,-11.5759306,-0.703111053,0.463297516,0.013995597,-0.01493094,0.457914829,0.199747026,-0.443146557,0.246231601,0.214710459,0.206559241,-0.271231383,0.206514776,0
Man00390.wav,49.56877544,491.0387428,96.8732461,99.71184888,479.8234024,242.4904836,0.377515202,0.1014886,-0.000108109,2102.151699,6.139471738,16.79834159,7.150333353,113.8336258,59.58210754,22.77294731,10.9778862,-93.50111389,19.09958458,49.79891586,-27.68553734,6.787744999,-17.89435577,-5.817203522,-12.37141323,-0.338022947,0.257301658,-0.289526075,0.191313937,0.228843272,-0.064993747,-0.39350152,0.242721722,-0.077984259,-0.09654063,0.283475012,0.17458339,0
Man00391.wav,116.5409404,136.9994585,117.2160552,118.5780401,133.0993498,124.6435428,-0.088355768,0.15421088,-0.000364736,2414.84617,6.389450935,19.43672794,14.3083914,76.70856476,52.1515274,48.87236404,-23.68149948,-44.92631531,-10.56564045,44.97134399,-30.12857628,0.360286802,11.18574715,-28.94234276,7.036746502,-0.136715099,-0.076277494,0.235803023,0.289042383,-0.210510567,-0.204983637,-0.015516824,-0.004314657,-0.04753368,0.031892672,0.26742962,-0.032034937,0
Man00392.wav,207.6523488,471.5803235,249.8109744,249.8109744,251.2581146,273.8761246,0.29330139,0.12816581,0.000225557,2615.322816,-5.822824268,10.18584889,13.23233384,54.55654907,11.09350586,26.71652412,19.41149902,-31.4748745,0.908506632,12.95951939,-22.90097237,30.51990318,-29.04819298,2.288088083,-1.069377542,0.284128964,-0.018275078,-0.460987478,-0.62496835,-0.18144159,-0.170003876,0.160738721,0.131007239,-0.220349312,-0.074135296,0.041436352,0.045749478,0
Man00393.wav,179.7306999,278.7883336,220,249.8109744,251.2581146,236.258147,-0.222900384,0.23029462,0.000249019,3309.412037,-1.655823692,14.05210759,14.51979275,27.55972862,5.750639915,-9.916695595,-21.72077179,-23.34326363,-12.3662653,12.80295372,-40.00571823,-7.307734489,-6.69545126,-9.369635582,-0.783806026,0.256856412,-0.152967274,-0.284845412,0.075093068,0.101190232,-0.033677455,-0.029859385,0.034844276,-0.078273028,0.014310721,0.194584504,0.036281515,0
Man00394.wav,152.8910042,249.8109744,234.7716232,242.0004182,249.8109744,237.000804,0.092850164,0.24872299,-0.000945191,2281.107071,3.08533361,9.644728994,18.60015533,65.3470459,-15.64962959,-5.860644341,-31.03968048,-23.80456924,-11.72380638,30.18336105,-18.42249298,-1.482532263,-15.34985733,0.551873088,-4.228965759,0.133528113,-0.190457493,0.089897022,-0.069821045,-0.074269079,0.159130514,0.00335784,-0.063354798,-0.082415991,-0.108056262,-0.084539562,0.054015767,0
Man00395.wav,217.4730845,260.1187129,245.5193714,257.1309947,258.6205394,247.8547911,-0.222049741,0.25471836,-0.000269131,1838.209073,0.0175296,7.461105797,20.95389981,78.80099487,-42.64804459,13.00846958,-28.40171623,-31.51389313,14.97075462,5.812094212,-44.33602524,19.84615517,-10.39244366,-0.068728015,-13.23283482,0.054510251,0.229317516,-0.182816401,0.048457008,0.032962624,0.156127781,-0.033451945,-0.07774125,-0.029467627,-0.159254044,-0.013328209,0.040438548,0
Man00396.wav,110.6372235,1523.344347,119.2649557,126.356819,129.3102697,331.7593695,31.12037652,0.12079319,0.000220875,2467.536158,-64.14236736,19.41348545,-8.21990449,95.13451385,30.91222191,14.82915115,-9.986327171,-55.28884888,28.39773941,9.180065155,-27.16927528,6.236066341,-6.275951862,-12.47149754,0.021577653,1.357296228,0.023171121,0.2772699,-1.287846088,-0.118080698,0.127513975,0.594865084,0.681706607,-0.415101707,-0.555347741,0.538032472,0.55715543,0
Man00397.wav,114.5388368,117.8950809,115.869714,116.5409404,116.5409404,116.3647751,-0.012225982,0.18510412,-0.000381943,2546.19018,5.393501615,21.88697372,11.39752954,92.2795105,-13.70023155,1.994326234,-11.87922001,-30.19997597,4.208423615,18.87426376,-58.14551163,40.55965042,3.112776518,2.061597586,-6.08690834,-0.417172134,0.106747925,0.218314469,0.353461146,-0.057467949,-0.158028722,-0.12216679,0.243294507,-0.129117772,-0.116090722,-0.348335773,0.092546441,0
Man00398.wav,111.2781384,141.013849,117.2160552,124.9054872,124.9054872,122.6831285,-0.156717271,0.13586545,-0.000328261,3082.768284,4.102708572,25.22052895,10.71799537,74.65988922,18.52206612,-8.536763191,-27.04331398,-55.6607666,4.964271069,17.51663971,-63.75673676,21.95349312,-11.04190922,6.35913229,-0.324884951,0.184338212,0.089756511,-0.17357035,-0.24058421,-0.131754562,0.528765023,0.167936012,-0.276139498,0.154547945,-0.24847056,0.201053888,0.058397897,0
Man00399.wav,249.8109744,251.2581146,249.8109744,249.8109744,249.8109744,249.8480806,0.010513412,0.21376625,-9.72E-05,3143.442858,2.661929537,12.58138047,18.81775842,14.50579071,19.78102684,22.79780197,-30.06124878,-4.385351658,-8.62798214,-1.955949187,-15.48984337,11.68233871,-43.63180161,10.29272652,-9.165244102,0.183199063,-0.005838306,-0.060918495,0.021410128,-0.07379315,-0.076233618,0.127618819,0.479832858,-0.31936413,-0.151943907,0.202199146,-0.015691513,0
Man00400.wav,282.027698,283.6614679,282.027698,282.027698,283.6614679,282.7538179,0.272294972,0.14809088,0.001118549,3612.283677,67.68103755,12.77418322,15.70804477,28.31134987,30.64762688,-12.63649368,-13.70549774,-19.52808762,12.51910877,22.42990875,-51.01039124,33.73802185,2.152093649,1.099983811,7.18243742,-2.074831724,-2.283446312,2.305939436,1.088705301,1.397133112,-0.45124498,-2.511940241,-0.095798425,0.804479778,0.995693922,0.318734795,-0.565468848,0
Man00401.wav,263.1411468,266.1986996,264.6655079,264.6655079,265.8154017,264.7009498,0.016594739,0.22265483,-0.002146896,3218.450836,5.213301574,12.15822589,11.46987594,11.42350864,-18.72085571,20.19067764,-12.67906761,-61.54325104,-5.14180851,18.44714737,-34.30426025,10.62179279,-7.404345512,-14.2696867,-29.88194466,-0.304460377,-0.19960843,0.487307012,0.404488504,-0.392045051,-0.060545515,0.714855671,-0.271277398,-0.020199725,-0.223198488,0.217414677,-0.100968637,0
Man00402.wav,77.78174593,255.6500291,156.464662,227.7582832,230.404707,200.2024704,0.068245588,0.18025784,-0.000248293,2223.624754,-6.783989601,12.43814558,9.932927407,83.30442047,17.63775635,39.00829315,-16.43377495,-72.46492767,6.348018169,-7.230962276,-18.92202568,-5.20424509,-3.106571436,10.89014149,-33.18366623,0.534503639,0.165356874,-0.132992849,-0.363681525,0.098822258,0.204612866,0.075051218,0.081662923,-0.081860811,0.330111086,-0.116428308,0.103011005,0
Man00403.wav,198.2751018,322.0988531,245.5193714,248.3721691,251.2581146,246.4327056,0.38595075,0.08253399,0.001743799,2299.80497,15.75989905,9.234620371,-51.78842092,54.55345917,33.35113144,22.03542709,-8.979269028,-37.15415573,-7.78635025,9.602577209,-36.12660599,-4.079968452,-14.76976299,-17.11257935,-1.509138465,-0.114667058,-0.224231929,-0.053738803,0.055850253,0.209061652,0.302375436,0.05933886,-0.072490603,0.001887932,0.0371693,-0.040637288,-0.18452391,0
Man00404.wav,168.6661179,233.0818808,204.0850057,206.4563593,229.0776736,212.33378,-0.143533398,0.1632512,-0.000170531,1694.833339,-10.5542101,8.03658967,13.62501049,110.61866,-0.244629517,15.77981186,-9.668690681,-46.71066666,12.02300262,11.05683899,-37.66998291,2.225419521,-2.817373514,-11.17249966,-4.51322031,0.326381445,-0.100132309,0.065011822,0.18125385,0.260089546,-0.081411012,-0.131925106,-0.050394047,-0.050476074,0.005429333,0.019766996,-0.121429384,0
Man00405.wav,238.5299115,242.6993409,239.9117012,241.3014955,242.6993409,241.3657698,-0.108862031,0.1106134,-0.002656556,2985.410413,29.2659321,12.37186969,12.72108102,62.91858292,-20.7681942,10.65968418,-38.55442047,-25.61878967,-6.621580601,4.237313747,-33.93120956,37.45724106,-69.12585449,37.43533707,-5.319844723,1.11767602,1.644584179,-1.385913491,-0.547729015,1.550918937,-0.010894169,0.158280551,-0.329514444,0.668899059,1.066149712,-0.780841529,-1.103294015,0
Man00406.wav,233.0818808,245.5193714,234.4321104,234.4321104,235.7901618,236.2530905,-0.092037771,0.22785608,-0.000621262,3187.868939,9.711663938,13.52348777,13.12742334,33.15336609,0.29086864,21.7517128,-13.82963657,-5.352031231,-13.657094,9.476417542,-41.63558197,0.69677794,-4.405193329,1.208173156,-0.841607034,0.062936917,0.262658089,0.059620105,-0.096635237,0.097663239,0.113276996,0.463773072,-0.255716562,0.023769161,0.332658947,0.164532527,-0.186531872,0
Man00407.wav,244.1052839,275.5861765,245.5193714,261.6255653,272.4207993,259.725938,-0.244436956,0.16553026,-0.000204742,2879.296805,-6.783449906,11.10545786,14.60831239,41.17972565,21.99091721,23.95079422,-65.88713837,-33.24048615,-17.94256401,21.16159821,-62.95642471,52.35082245,-15.9994669,-13.10761166,0.994596362,0.476451755,-0.316222578,-0.804299176,0.050710808,-0.070192434,0.676609516,-0.002271463,-0.136848167,0.545053005,-0.136150688,-0.010599511,0.096399799,0
Man00408.wav,129.3102697,132.332754,130.0593565,130.8127827,131.5705734,130.8530708,0.032147766,0.104785874,0.000274073,2659.358771,15.9160167,20.30338842,13.58262995,71.28130341,69.74098969,21.78174782,-27.99432755,-64.74302673,6.746515751,36.92389297,-54.41290665,15.48195839,-1.799000859,-52.92460632,2.390675783,-0.686719179,-0.762344658,-1.108260989,-0.064321168,-0.022095641,-0.205035776,-0.025316931,0.092726573,-0.518888891,0.270551652,-0.291118294,0.357916921,0
Man00409.wav,195.997718,403.481779,220,248.3721691,248.3721691,238.9207607,0.178585577,0.1662549,-0.00042781,2494.854151,12.94076547,10.64647509,16.53581811,53.81209564,-8.93088913,5.721403122,-43.5489006,-21.71844292,-11.98411274,23.35582352,-54.69477844,25.67434692,2.316931963,-13.20983505,-8.236408234,-0.171121702,-0.429183215,-0.075741746,-0.100921459,0.124483176,0.224505767,0.249182314,-0.359973222,0.29450357,0.123167083,-0.092659742,0.268654048,0
Man00410.wav,193.7464922,252.7136381,194.8688542,195.997718,251.2581146,210.2135622,-0.797369559,0.050342143,-0.000107438,2053.356179,-10.52668052,9.819312831,-37.31786018,95.18378448,34.58533859,14.41020679,-19.83355331,-38.74836349,11.47469997,-6.752898693,-24.3875351,32.69453049,-6.527754307,-12.9163475,-10.79211235,0.616028368,-0.662874341,-0.299510002,-0.614464104,-0.10529457,0.44413963,-0.686721921,1.062765002,-0.059274647,-0.146823436,-0.060017068,0.570970297,0
Man00411.wav,182.8723372,594.1539763,245.5193714,248.3721691,249.8109744,260.1846097,-0.320717118,0.0943614,6.01E-05,2174.985944,18.97341582,8.806153857,15.78201289,53.64018631,-36.1962738,-11.51730919,-50.09130478,-60.40270233,-9.912155151,32.31463242,-43.50390625,1.537127733,-3.045094967,-22.93686867,-4.807380199,-0.569640636,0.616805315,0.118875094,-0.01754237,-0.501034081,0.31619963,0.054117579,0.195113093,-0.204148352,0.203136936,-0.321954221,-0.250557005,0
Man00412.wav,116.5409404,123.4708253,116.5409404,122.7596857,123.4708253,120.6110691,0.141196592,0.14922322,-2.57E-05,1828.865732,-17.27559608,15.33011441,13.63837054,113.1651154,-5.798135757,34.76242065,45.91269302,-5.838046551,-13.02301311,8.750779152,-36.79309464,-19.26264381,-0.784772217,1.976634145,-9.697527885,0.473944843,-0.720227003,0.064013615,0.726016462,-0.915142,0.173127562,-0.329996258,1.077566743,-0.473010778,-0.097564876,0.070972741,-0.752952754,0
Man00413.wav,112.5711281,113.223246,112.5711281,112.5711281,112.5711281,112.6642878,-0.010351078,0.12673256,-0.000869175,3272.550763,-14.46203629,29.04703383,7.723166592,28.29160309,4.503800869,46.26981735,1.868290544,-69.9770813,-8.466056824,-18.12365723,-45.14651489,17.73060036,-10.69465446,8.987010956,-4.096933365,0.920733869,0.803568721,0.259085238,0.041777633,0.230470151,0.622043192,-0.100623831,0.052316178,0.160744622,-0.387614697,0.594523191,0.02549834,0
Man00414.wav,164.8137785,266.1986996,179.7306999,183.9317058,235.7901618,199.091771,-0.600656859,0.13374382,0.000389825,1611.266378,-4.071587044,8.294323324,7.236095363,122.5722122,-21.21858788,-0.687603474,-21.68263817,-28.19341469,9.119626045,1.392739296,-23.81864738,-0.987878442,-5.048089981,-21.32550812,-1.381133556,0.41030705,0.708392382,-0.356214255,0.44626984,0.727837026,-0.065591164,-0.079808287,-0.126183301,-0.133262545,-0.32856068,0.377251953,0.035167672,0
Man00415.wav,323.9647528,325.8414615,323.9647528,325.8414615,325.8414615,325.0552727,0.012680464,0.19824508,-0.00010858,3833.226723,-5.529305793,11.79444785,19.85552105,-20.56419373,-3.801699877,-4.389947414,-24.25258636,-25.15875244,-11.18876076,-7.8976717,-12.95195103,18.29869461,1.018023133,19.70025826,3.755619526,0.064265408,0.058589369,-0.047855664,-0.099093638,-0.062106963,0.023743853,0.042205859,-0.001317629,-0.061142191,-0.05774612,0.090534993,0.092228509,0
Man00416.wav,245.5193714,541.7035419,249.8109744,251.2581146,251.2581146,297.9487195,-3.976982979,0.1977024,3.55E-05,2891.21709,23.90864916,10.7793715,13.73239831,77.73178101,31.0880928,0.910158217,-19.44162941,-29.20320892,11.12474632,8.436533928,-30.84273148,18.20618248,-8.685385704,0.983854592,11.34509468,-0.204659745,0.288081855,0.917126358,-0.262903631,0.09133634,-0.379608721,0.563962638,0.530874431,-0.406251967,0.308781892,0.295531482,-0.530056715,0
Man00417.wav,220,273.9989169,229.0776736,231.7394279,233.0818808,237.1431045,-0.210896899,0.15727542,4.53E-05,1430.04161,-3.666758508,6.077530603,19.02426992,123.7570038,-4.429867268,-2.528275728,-39.91559982,-38.02227402,13.50338459,19.01859856,-51.72512436,1.405039787,-7.347356319,-18.3789196,0.520350516,0.300069392,-0.205606475,-0.285707861,0.077777773,-0.094350033,-0.169617161,0.235570192,0.064191125,-0.345585376,0.096593261,-0.118473202,-0.071396627,0
Man00418.wav,106.2529962,1052.564587,108.7365422,109.3664466,1010.854552,352.5653909,-0.021811143,0.20462418,-0.000246567,3055.985086,-4.897687745,21.39368521,7.287465304,72.62779999,-16.92956543,-8.975522995,14.8679657,-11.48666,19.79494286,49.64396286,-14.75191498,14.13958931,-32.38529205,29.37669182,-0.525043607,0.281288892,0.46224758,0.174723357,0.008782793,-0.08195468,-0.043469872,0.105323799,0.013076957,0.171502933,-0.189344853,-0.26392442,-0.073015325,0
Man00419.wav,79.59980806,97.4344271,80.9911882,89.3477636,91.96585291,87.24179262,0.050135254,0.13968055,-0.000465255,3232.634729,14.5543763,37.28743949,4.657945134,69.60158539,6.531068802,10.90761948,-23.01070595,-40.01989746,7.160904408,33.02214432,-32.36024094,15.91315269,-12.13877583,1.585086703,-8.117740631,0.0537939,0.885104775,0.161754489,-0.033761859,-0.712830365,-0.157148987,0.465239882,0.00104599,0.413460433,-0.081063576,0.03062623,-0.359239936,0
Man00420.wav,96.8732461,127.8250146,120.6507478,121.3496704,121.3496704,119.7842413,0.127042364,0.14502776,4.21E-05,1403.927629,4.04220892,11.65326387,12.52147632,157.7633667,8.75234127,-16.4115696,33.95089722,-30.62564087,20.46949959,35.28245544,-73.94798279,-1.063305974,-5.772639275,6.92616415,-11.96106243,-0.203781351,-0.18264696,-0.333467066,0.211441427,0.302610308,0.107251458,-0.398114234,0.076982789,-0.121764824,0.035958048,0.228964075,0.011217739,0
Man00421.wav,116.5409404,312.929324,229.0776736,254.1775933,258.6205394,238.1021385,-1.708966728,0.1771601,-0.000123847,2408.031311,1.447712826,10.5607691,14.26441025,74.80590057,7.000189781,20.22537231,-20.63624763,-45.5527916,3.611107111,15.79228973,-46.90821838,8.543164253,-17.50303268,-21.07528305,3.846135855,-0.317957729,-0.814157426,0.310507804,0.236304492,-0.035651054,-0.393520117,-0.172235712,0.235162452,0.273275167,-0.420225382,0.210949108,0.301281959,0
Man00422.wav,200.5789475,410.5345163,227.7582832,254.1775933,401.157895,295.5451176,-0.181959557,0.22352825,-0.000470115,3155.950388,-2.512429349,11.36245877,12.06772076,44.25531387,-9.166923523,-5.257221222,-41.17960739,-20.71767807,-15.04117107,20.81448936,-39.87155151,30.40666962,-21.59050179,-8.439086914,5.8995471,0.302182049,0.013481108,-0.224519864,0.135575369,0.000304907,0.2027767,0.210894853,-0.070204586,0.018034147,-0.129751891,0.205642834,-0.007951032,0
Man00423.wav,261.6255653,442.5488941,263.1411468,394.2662424,440,362.6653829,0.018162174,0.24684979,-0.001035742,2345.963925,-1.848570082,7.010097173,18.97661792,48.41004944,-19.01994896,4.25030756,-21.61684036,-20.23284149,-10.99738216,14.96389961,-26.75391769,0.930407584,-18.20091057,-6.108338833,-10.27178955,-0.025152396,0.186176181,-0.014580329,-0.015487582,0.048506632,0.086855352,0.218000695,-0.188769221,-0.009301953,0.00118963,-0.053198498,0.013661489,0
Man00424.wav,255.6500291,257.1309947,255.6500291,255.6500291,257.1309947,256.347377,0.008387345,0.18550394,-0.000309793,2418.620646,-2.485443718,9.435000429,20.80644255,26.17487907,-8.810869217,8.796292305,-23.40768623,1.42342627,-22.45642471,-2.12670064,-37.45749664,-23.74028587,-15.11291981,17.88635445,1.719460964,0.376690626,0.016970245,0.054019734,0.006481427,0.115360111,-0.042518336,0.101858854,0.012394994,0.084271997,0.089207031,-0.099611133,0.002404711,0
Man00425.wav,254.1775933,541.7035419,325.8414615,325.8414615,327.7290419,334.4219726,-0.024544193,0.22089164,-0.001620251,2773.734601,-9.204603493,8.440640257,14.56539242,33.17486954,9.136498451,0.007059385,-12.14048672,-31.37146568,-22.26052475,4.25616169,-43.85266495,22.19821358,-30.74116135,-6.439781189,1.373413801,0.593826056,0.381131381,0.078607641,0.073625721,-0.079186335,-0.014098773,0.034226429,0.00521908,0.026237167,0.050441977,0.012236549,-0.090843521,0
Man00426.wav,85.80717486,90.909535,86.30425077,87.30705786,88.83315835,87.58651574,0.004588742,0.14431939,-0.000600622,1703.513924,-6.01575988,19.4570772,15.67879614,119.5766907,41.87277222,25.19939423,16.89243507,-33.47824097,3.855821133,32.07260895,-42.27710724,13.0220108,-11.75397491,-13.32300854,-15.35611439,0.358025223,0.239060268,-0.014210866,-0.480982959,-0.352722257,0.273358881,0.162365466,-0.044955507,0.110127196,0.0836403,-0.087427177,-0.008701654,0
Man00427.wav,124.1860845,189.3213162,125.6290573,125.6290573,126.356819,129.5009017,-0.056281536,0.21128283,-0.000711675,2767.645997,-16.17802272,21.67754341,10.14102252,58.95682144,-13.88013744,17.08390427,-28.76734924,-29.45354462,-2.480389833,28.51010132,-1.606669903,8.331885338,3.486929655,-3.745426655,-7.552135468,1.014140129,0.070770726,-0.13001582,-0.228671163,0.390350074,-0.049494237,-0.200564653,0.383879095,-0.201311097,-0.150036603,-0.435506135,0.011427557,0
Man00428.wav,234.4321104,249.8109744,248.3721691,249.8109744,249.8109744,247.5035168,0.070373393,0.18544954,-0.000220457,2409.901703,0.328820995,9.759548494,19.51618961,47.50027847,-9.566278458,1.503463149,-15.7443819,-46.5621376,-19.91610527,35.95804596,-36.86385345,-1.972649693,-16.07086372,-2.71797514,-7.175821781,-0.106686085,-0.145133778,-0.135990158,-0.051754508,-0.066628031,-0.050276231,0.18805258,0.100515924,-0.119282395,0.029431434,-0.039051775,-0.034839019,0
Man00429.wav,359.4613997,633.1307752,604.5396049,615.106771,625.858648,568.1626157,4.507020811,0.2435191,-0.000698374,2815.33395,-2.102203882,5.050619726,6.362210631,48.52666092,-45.8365593,4.061263561,-9.492576599,-3.933629274,-21.44663048,2.336165428,-11.0275898,8.4152565,8.40063858,11.87171078,-1.254498124,-0.011712841,-0.346952796,0.156674132,-0.225893825,0.059720013,-0.294631392,0.297276676,0.117130406,0.263321042,0.115050636,0.256655872,0.24890393,0
Man00430.wav,248.3721691,300.5288565,275.5861765,275.5861765,277.182631,274.3378584,-0.282169543,0.21095628,-0.000800042,1649.819602,-2.816720461,5.97474233,19.19913779,87.00802612,-8.426005363,25.32349396,-30.12915039,-67.30595398,13.92394352,8.341762543,-36.94099808,22.60395432,-4.387870312,-14.63486195,9.887599945,0.327476472,0.211746156,0.055802085,0.036363192,0.044109408,-0.00419676,-0.007473029,0.126466066,-0.039309543,0.086030528,0.015487838,-0.058717009,0
Man00431.wav,54.36827112,124.9054872,115.869714,119.9558506,121.3496704,105.1138673,0.391990118,0.21716806,-0.0006489,2810.883852,2.359111592,30.06768337,5.860851448,96.04656982,52.12373734,7.543783665,17.27468109,-47.36656952,13.23178196,33.01966858,-33.76869583,31.2046299,-27.32390594,-4.079881191,-16.03762627,-0.170493066,-0.187927812,0.144865334,-0.084399596,-0.130692139,0.22285679,0.077763855,0.113177471,0.127955556,-0.127173901,0.016385747,0.074700326,0
Man00432.wav,248.3721691,327.7290419,249.8109744,249.8109744,275.5861765,267.7270479,-0.12865171,0.13591693,-0.00054106,2440.387032,1.687271059,9.131869397,14.04023569,62.91588974,-24.24045563,-2.602367401,-30.97608185,-36.58233261,6.169516087,23.99854279,-58.53029633,7.93713522,5.111764431,-0.538468242,-15.04222679,-0.199837133,-0.04854086,0.086566173,0.278989971,-0.186496153,0.110204823,-0.001005076,0.068808123,-0.301633567,0.154549569,0.089938685,-0.174952894,0
Man00433.wav,124.9054872,137.7930882,125.6290573,125.6290573,136.2103996,130.0809967,-0.128525919,0.09151434,-0.00060351,2420.260843,6.656775765,18.66875187,11.83858716,131.1622467,-7.374990463,0.135455191,-43.037323,-5.354806423,-28.58340645,29.17381287,-71.08035278,14.46939468,8.594572067,-43.26913071,24.94910049,0.232354581,-0.747157216,-0.181043729,0.421108574,0.58027792,0.15726164,-0.632087111,-0.638592541,0.194241464,-0.454959065,0.692521334,0.099300228,0
Man00434.wav,113.8791416,401.157895,207.6523488,378.6426324,398.8473955,331.3981765,0.172845387,0.16891557,-0.001110307,1790.680126,-1.818893544,6.015571932,13.85933565,103.4559097,-25.38047981,21.05655479,-56.62592316,-7.47996521,11.8931303,10.09285069,-38.40634918,16.60659409,-2.261052608,-21.68522644,-9.344849586,0.107056424,0.023129025,-0.24486275,0.047309026,-0.010723406,0.20564495,0.144369304,-0.145002559,-0.021669736,0.1308126,-0.090809569,0.14102222,0
Man00435.wav,104.4276333,113.223246,107.6432639,110.6372235,111.2781384,110.0144239,-0.028368732,0.15063614,-0.000350619,2297.484568,2.323965162,20.82254799,10.45661215,110.8245621,-3.768565893,-4.866325855,-15.36178875,-44.36779404,-4.757936954,22.55734444,-35.8891716,7.22187233,-21.45547676,5.943892002,0.705105543,-0.389349222,0.06319809,0.228663087,-0.248219624,-0.304849416,-0.039380472,0.146503732,-0.011224455,-0.0685727,0.033111379,-0.194570854,-0.009440617,0
Man00436.wav,178.6955272,237.1560803,217.4730845,223.8455323,227.7582832,216.9341837,0.396633994,0.18025818,-0.000355473,2575.310903,-5.076414585,12.01176011,13.57342111,53.43479156,-8.625946045,18.7433815,27.9417038,-24.17973328,-12.08171558,20.75102997,-37.25090027,12.29849625,-16.29750252,-10.53193569,-16.20573807,-0.155696496,-0.177325398,0.509374857,0.841657043,0.237736806,-0.144464582,-0.369156808,0.195386618,0.027310455,0.023266956,0.332985312,-0.308842689,0
Man00437.wav,96.31529725,752.9236226,183.9317058,188.2309057,193.7497244,265.6939913,3.931365788,0.21058516,-0.000110625,2447.900817,-2.478280775,11.95953218,8.850954291,77.93201447,-9.152663231,5.896033764,-22.3588295,-14.1241684,0.951148212,28.49950218,-17.02849007,9.955992699,10.14780998,8.130382538,-0.905492425,0.077754781,0.061138585,0.162275955,-0.099709645,-0.196543872,-0.170545027,0.038845379,-0.057985727,0.149222761,-0.145981207,-0.163840055,0.008667173,0
Man00438.wav,120.6507478,149.3989688,131.5705734,136.2103996,136.9994585,134.763531,-0.077850112,0.12354891,-0.00041443,2344.629839,6.382120267,17.36834828,10.35137427,97.30755615,-5.609753132,-5.697022915,-11.64304543,-26.6916275,22.66541481,12.18403244,-53.6337204,27.52340126,7.07600832,-15.93243885,6.682441711,-0.336832076,-0.267332375,-0.103336245,-0.080033757,0.348201931,0.145374373,0.015746407,-0.093986116,0.138271585,0.064087905,0.197427988,0.1069986,0
Man00439.wav,222.5562769,252.7136381,246.9416506,249.8109744,251.2581146,246.7454532,-0.169646728,0.2111446,-0.000169491,2942.254689,8.888558471,11.97716923,15.98540811,24.14868927,-20.00744438,6.070572376,-4.589454651,-43.04781723,-21.00526619,-27.90754318,-9.897283554,30.90276718,-29.19587898,3.428442955,-13.28176785,-0.398027301,0.054609872,0.154538423,0.293151438,-0.103506334,-0.014937038,0.093906321,-0.031722356,-0.13156563,-0.323566914,0.0145989,0.096659489,0
Man00440.wav,222.5562769,264.6655079,239.9117012,249.8151419,254.1775933,247.6476677,0.062810441,0.24301434,-0.000118226,3653.550951,-1.350802659,14.75864556,8.603954374,19.81979561,-12.61810589,-13.60508442,-34.28380966,-21.85808563,0.699189305,22.60221291,-24.78053474,8.001351357,-1.182523847,-4.619685173,-4.846466541,0.215235189,-0.111303508,-0.023398122,0.188163161,-0.027105156,-0.054374419,-0.116981484,-0.02076518,0.119552873,0.007745147,0.056409396,-0.098563448,0
Man00441.wav,112.5711281,122.0526419,115.2023535,115.869714,120.6507478,118.0279926,-0.03919763,0.15856537,8.72E-05,1831.704846,-1.880806968,15.51247233,12.91304452,116.6326752,27.54752159,17.88384628,-15.28443527,-55.62395477,-13.08740234,45.00567627,-47.54956055,-7.121755123,7.218402386,-21.4039402,-18.46070671,0.163199902,-0.257847816,0.187138796,-0.136906102,0.047989566,0.111994661,-0.130607307,-0.002635179,0.090892784,0.11593543,0.052637368,0.209327891,0
Man00442.wav,175.625645,374.2935508,204.0850057,205.2672581,361.5437384,247.7426394,-0.182015884,0.15197763,-0.000349754,2106.83844,2.557160417,9.152378216,9.598657951,97.03831482,-28.96285439,35.08084869,-41.1772728,-57.38352585,26.16670036,5.760463238,-36.77721786,28.70091057,-2.973336935,-13.39173412,10.40736008,-0.162505001,-0.746545136,0.350427002,-0.074985534,0.196343929,0.031626258,0.04267979,0.140905216,-0.042244453,0.280615091,0.036208361,-0.061014082,0
Man00443.wav,207.6523488,249.8109744,234.4321104,246.9416506,248.3721691,242.1223879,0.127547001,0.25298542,9.11E-05,2960.546623,12.56086157,12.19809122,13.21462293,38.30117416,-25.08255577,-0.505642533,-34.5567131,-28.65688705,-1.502771378,6.045518398,-24.49502754,16.88875008,-14.08866596,5.450767517,-7.822454453,-0.769589543,0.354922175,-0.027662262,0.066137224,0.096102044,-0.158056393,0.056501679,-0.064215153,0.364499867,-0.04370115,0.080010533,-0.217473984,0
Man00444.wav,249.8109744,249.8109744,249.8109744,249.8109744,249.8109744,249.8109744,-2.31E-15,0.27883917,-0.000653512,3882.496633,-8.51276943,15.54173768,18.6958866,-17.49791908,-13.22899723,1.351593733,-24.813097,-26.50778008,-6.894993782,5.296539783,1.895933747,4.440818787,0.82154417,0.615770996,-7.655602932,0.535930753,0.058921326,0.032056812,-0.090790212,-0.019408783,-0.053648919,-0.06070637,0.012550471,0.074490033,0.032479715,0.034198452,-0.057350822,0
Man00445.wav,115.2023535,167.6946726,115.2023535,123.1152555,124.1860845,120.5784594,0.004547004,0.17093036,-0.000349971,1707.93757,2.940715568,14.29641171,14.28447436,118.0020905,16.72838974,50.83283997,-39.85817337,-62.5692749,-13.5385294,18.50670242,-51.24803162,26.64792442,-1.289481044,-18.27866554,-3.023227215,-0.106105357,-0.18681334,-0.051443115,-0.618259907,-0.198142573,0.136390537,0.028602613,0.443235666,-0.011166962,-0.053077176,0.218261212,-0.025954382,0
Man00446.wav,369.9944227,744.2755572,412.9127185,412.9127185,415.3046976,442.9810037,2.834538187,0.14808422,0.002205356,2003.770206,-2.877036462,4.662575816,13.21378783,76.85073853,-38.9053688,19.6493988,-36.61377716,-19.92811012,-23.67474747,27.08312607,-13.70214939,22.27863503,-2.149470568,16.42032814,-8.409578323,1.469037175,1.228324652,-1.018053651,-0.154537395,-1.561068416,-0.117129363,0.652599037,1.545625806,-0.697130859,-2.799780846,2.212463856,-0.502813339,0
Man00447.wav,206.4563593,237.1560803,208.8552666,213.7370271,230.404707,217.4723253,0.188316031,0.23414497,0.000272235,2091.412277,-2.967966862,9.658114551,17.96740669,71.56038666,-27.56933594,26.0310154,-38.66599655,-23.24315643,-12.00458813,15.05063343,-66.56706238,25.15394783,-13.32144356,4.769640446,3.624425888,0.120477766,0.151381999,-0.133304074,-0.066918068,0.062918618,0.065043226,0.005940191,0.104234755,-0.086448669,-0.051985905,-0.005261059,-0.001135522,0
Man00448.wav,93.03444465,710.6652668,110,110,121.3496704,120.7715254,-0.166335478,0.1564088,-6.33E-05,1534.439099,6.067541598,13.48946823,5.878987601,147.2153931,-47.31814957,-24.1626091,-37.46593857,-32.43632126,37.64151382,22.70464134,-41.39045715,27.2962532,9.150465965,3.557731628,-9.744321823,-0.221678689,-0.471271068,0.025110196,0.029610325,-0.357348174,0.316350549,-0.218399704,0.553657711,-0.076955743,0.173671663,0.092955761,-0.37761119,0
Man00449.wav,109.3664466,115.869714,112.5711281,114.5388368,114.5388368,113.6310302,0.024051258,0.17245376,-9.96E-05,3317.047788,-14.45904083,29.25106069,13.22676966,65.12780762,71.99205017,31.84410667,-1.948091269,-46.17924118,5.994570255,39.73364639,-51.14112854,16.50674438,-29.08123207,-7.097127914,-26.96847153,0.592147171,0.424645215,-0.043827899,0.373435438,-0.346330166,-0.21839568,0.413921982,-0.126015499,0.231889129,-0.265174121,-0.144268364,0.02454403,0
Man00450.wav,260.1187129,261.6255653,261.6255653,261.6255653,261.6255653,261.5859113,0.005617651,0.29291278,-0.000188009,1957.451849,0.839068259,7.483025541,25.4362038,35.35256958,-15.92516518,69.75757599,-15.56763935,-34.25393677,48.78168869,-22.01311684,-26.44906044,-26.96206093,-17.1422596,10.41998768,-26.56147003,-0.176519006,-0.216721579,0.196107596,0.170604825,-0.010315278,0.010436549,0.027826371,0.096860036,-0.297325969,0.09434291,0.121977963,-0.079572737,0
Man00451.wav,161.0494266,670.7786902,244.8557091,651.682923,653.5705034,504.9724629,11.40646523,0.17544949,-0.000126076,1504.544993,-18.4775458,5.52165179,17.12829562,113.078804,-1.588459253,22.51154137,-21.34693718,-79.82206726,-20.45835876,3.651360273,-30.6584034,12.16378212,28.29137421,10.82306385,-11.57121849,0.884792864,-0.396504641,0.549444556,0.103695676,0.6293208,-0.237355992,-0.345187932,0.312585175,-0.441914707,0.550039113,-0.389630675,-0.027784433,0
Man00452.wav,115.2023535,234.4321104,125.6290573,126.356819,127.0887967,145.9211856,-0.017346082,0.22097959,-0.000181975,2971.44868,-11.52803006,21.29432714,10.64577548,52.93537903,-16.70618057,20.86628914,-25.21259308,-35.34331131,-16.03965378,14.53325748,-26.87347603,13.34133053,-13.82151508,-3.241404533,-5.093883991,0.900129557,-0.294952899,0.016943026,0.068386227,-0.631437898,0.177676082,-0.0314788,0.16278106,0.037319329,-0.101038165,-0.075521521,-0.108697295,0
Man00453.wav,207.6523488,258.6205394,245.5193714,248.3721691,249.8109744,243.5324664,-0.460474729,0.121606864,-0.000529493,3517.256913,-4.855930864,14.44289291,6.187093344,3.535048246,9.749287605,13.2914381,-78.31685638,-22.68802834,-14.64251518,-2.816540718,-31.81149101,12.37639809,-10.64483929,-6.191678524,-5.334181786,0.279923618,-0.001238751,0.077244371,1.123324752,0.286663324,-0.194743291,0.353096962,-0.105075099,-0.318365514,-0.215698034,-0.167963177,0.40752399,0
Man00454.wav,200.5789475,290.2917404,234.4321104,242.6993409,275.5861765,250.0227303,0.007214942,0.15758692,-0.000428641,1944.0246,4.612724425,7.787757395,12.51260248,86.61624146,-35.24731827,14.00224781,-27.72820473,-60.97628021,-7.542071819,36.84380341,-61.62586975,-6.431304455,-14.92656517,-3.899064541,-16.30972672,-0.202235684,-0.256100446,0.049856283,0.176263943,0.029545406,-0.140123531,-0.154133081,0.072880968,-0.076064214,-0.041758824,-0.057293043,-0.347724795,0
Man00455.wav,136.9994585,139.3941668,137.7930882,138.5913155,138.5913155,138.3175497,0.003532704,0.09059861,-0.000204381,2218.409134,2.434753017,16.03640772,12.11593204,86.60320282,-25.43422699,49.79044724,-22.97870064,-30.11942482,18.48370743,11.89125919,-71.48518372,14.11677742,-4.255772114,12.27891541,-3.279816866,0.293363005,0.133081645,0.163829699,-0.493432373,-0.340252161,0.105173238,0.056065675,0.144406229,0.260133535,-0.122792803,0.15137513,0.267857164,0
Man00456.wav,230.404707,275.5861765,249.8109744,252.7136381,258.6205394,253.2457915,0.269399058,0.20401953,-0.000372322,2006.921062,0.842882194,7.926306189,12.73414963,74.72885132,-12.25683594,-4.278837681,-13.46762943,-45.75198364,7.058174133,14.85634327,-46.51115036,8.206375122,-12.33107948,-1.822545409,-9.416222572,-0.182419747,0.445373356,0.121287301,0.196857244,-0.023721103,-0.073548086,0.000699412,-0.045074288,0.051935811,0.073445313,-0.038104281,0.020765834,0
Man00457.wav,116.5409404,333.4576446,120.6507478,331.5370699,333.4576446,230.8805222,-1.717698897,0.1971244,-0.000962456,3127.031019,-6.805203382,15.59709981,5.291047961,84.09451294,19.33733368,28.30884552,25.21623039,-29.86485672,-3.93353796,22.83049583,-24.92504501,-2.00006938,-8.2457304,3.261465549,5.187612534,-0.395438701,0.57421869,0.149908304,0.201534286,0.070637323,-0.015830344,0.037876207,0.221268475,0.056775153,0.101495862,0.088188224,0.101114921,0
Man00458.wav,204.0850057,249.8109744,248.3721691,248.3721691,248.3721691,240.7431249,-0.30127322,0.19146393,-0.000363393,3167.048844,3.708564637,13.19916559,16.68025618,30.37617493,25.72017097,-1.9886235,-38.40950394,-29.16478157,-19.18092155,29.43414688,-30.61368179,-1.58567071,-4.993631363,-17.4211216,2.91328907,0.215523481,0.140629426,0.02732905,0.194264114,-0.011906344,0.421287954,-0.208209783,-0.243124485,-0.142896727,0.09002959,-0.15038307,-0.140706897,0
Man00459.wav,105.641024,233.0818808,230.404707,231.7394279,231.7394279,228.5773394,0.918220703,0.20246033,-8.72E-05,2013.09879,7.888920028,8.863704164,16.02336619,81.87815094,-29.5416584,28.30031776,-38.16813278,-23.08660316,-25.97112656,21.87776947,-41.35215759,7.827000618,-7.417992592,-28.00825119,4.842686176,-0.673302233,-0.272217363,-0.035456855,-0.30238989,0.347692907,-0.202719778,0.15489164,0.091322646,0.024503969,-0.22939539,0.359995842,0.155899823,0
Man00460.wav,,,,,,,,,,,,,,,,,,,,,,,,,,,,,,,,,,,,,,0
Man00461.wav,,,,,,,,,,,,,,,,,,,,,,,,,,,,,,,,,,,,,,0
Man00462.wav,113.8791416,647.9295056,121.3496704,122.7596857,611.5640167,297.5536606,0.175974599,0.13819966,-0.0002931,3082.529052,6.677535566,18.25214547,8.860895816,64.29836273,-12.37689781,-10.88849258,-22.53452492,-59.31900024,13.61819267,-1.712102056,-12.33213806,-6.991445065,13.95054436,11.69698143,-10.93801689,-0.166641042,-0.048345607,-0.012133583,0.103716843,0.080500096,0.161343113,-0.2371393,0.041108444,0.057882063,0.250981599,0.066799894,0.338323981,0
Man00463.wav,205.2672581,248.3721691,205.2672581,221.274447,238.5299115,222.7796922,-0.073993095,0.21009718,-0.000850287,2012.686365,5.440241809,8.930622849,22.08284572,80.00967407,-0.273882151,-16.18029594,-15.25750637,-34.9831543,-13.81929588,10.92938137,-55.36444855,13.37899876,-12.06506824,4.534464836,11.24206924,-0.10597603,0.271216989,-0.312894374,0.630201817,0.286578953,0.086681262,0.150129199,-0.298229784,-0.061819956,0.304053307,0.568248212,-0.33637473,0
Man00464.wav,76.88834638,155.5634919,77.78174593,77.78174593,154.6675121,105.6898392,0.007192525,0.17407608,-0.000196756,2045.514917,-3.961438326,19.72152882,15.23015873,114.71978,7.961241722,-15.44125175,-25.03603363,-8.040675163,-24.21398354,11.8750248,-18.67743111,1.960698962,35.10796356,11.83453083,9.668987274,0.252637833,-0.156613231,0.096290633,0.537243783,0.050799534,-0.035424836,0.330458134,-0.166878998,-0.119969591,-0.410965681,-0.001197335,0.06113857,0
Man00465.wav,234.4321104,264.6655079,244.1052839,245.5193714,246.9416506,247.1115032,-0.045389651,0.09708075,-0.000125091,1901.275116,7.269811558,7.691966569,4.301461765,97.59587097,16.81474113,10.64070225,-28.58490944,-30.04867172,-9.136165619,21.60419655,-42.855793,16.16349411,-17.99054337,-2.564696312,1.785547495,-0.057925299,-0.025572337,-0.079182088,-0.103749,-0.035315055,0.061076038,0.17093946,-0.285654396,-0.186977893,0.24805887,-0.070227347,0.221487418,0
Man00466.wav,114.5388368,116.5409404,115.2023535,115.869714,116.5409404,115.8372605,-0.004324597,0.18112484,-0.000257832,1412.499405,2.416684874,12.1949636,16.85679798,131.1173859,31.71218109,36.1735611,-17.98285103,-95.04023743,18.2283802,18.47149467,-35.98012924,3.168400049,0.715872288,-12.26268005,-17.51594543,-0.210731447,-0.090152435,-0.095578231,-0.233980209,0.29480508,0.149342269,-0.040909778,-0.153935164,0.223509833,-0.254482627,-0.056458719,0.031356703,0
Man00467.wav,226.4464921,608.0416672,278.7883336,378.6426324,380.8360868,355.0318562,0.566139086,0.2110106,-0.000191997,2553.947026,-5.814631294,7.684112931,13.12547344,65.21471405,-2.997284651,3.846418142,-28.11279106,-7.14406395,-3.191851377,13.95720959,-42.43475723,5.56346941,0.420654595,-5.484053135,10.76738262,0.421785176,-0.057816356,-0.017558485,-0.008420778,0.162266344,-0.096991651,-0.087534107,-0.02988538,0.040109444,0.261000544,0.087771408,0.031659506,0
Man00468.wav,229.0776736,458.1553471,450.2845125,452.8929841,455.5165665,443.51685,-0.168329904,0.11372456,-0.001380978,3207.295478,19.87429248,7.423971344,11.26772743,32.93201828,36.02537918,47.58091354,-20.27579117,-38.56715012,4.163950443,35.59476471,-44.65554428,-5.277150631,-36.34649658,-6.111104965,-33.47649384,-0.265889794,0.494165123,-0.434303761,-0.219929397,0.163450167,0.021987947,0.273313433,-0.464200109,0.10557659,-0.430031449,0.217074469,0.191989437,0
Man00469.wav,227.7582832,295.3659506,252.7136381,254.1775933,265.0488059,257.0113641,-0.322312,0.13914044,0.000190396,2370.617305,6.92528998,9.289217992,15.66722599,77.12581635,-2.727800608,-10.9124279,-40.71916962,-26.20599937,-20.64631081,29.71209526,-41.68090439,3.896618366,3.318341494,-19.75204849,3.367920637,0.164137274,0.311128527,-0.523323953,0.170145735,0.679462552,-0.644573867,0.087153159,-0.074996628,-0.188113332,0.25466007,-0.124976359,0.074340351,0
Man00470.wav,115.2023535,267.740773,266.1986996,266.1986996,267.740773,260.6123293,1.942663972,0.23337531,-6.99E-05,2132.252495,22.69741817,8.304534569,16.85184081,72.13008881,-28.2286644,12.24748802,18.48050117,-40.07712173,-11.91005421,34.32345963,-41.50807571,6.689024448,-30.49978256,-8.959974289,-10.27890587,-1.404473543,0.361490667,1.113188267,-1.076872706,-0.100365087,0.419150174,-0.303648621,-0.16620487,0.137319639,0.178361282,-0.178664312,0.604930878,0
Man00471.wav,100.8704448,526.2822936,269.2917795,269.2917795,270.8517709,314.8280795,-0.10693409,0.22253388,-0.000811451,1783.214588,-7.928081918,6.350603262,15.67034798,110.6227188,-22.13008308,30.1832962,-24.16123962,-42.50000763,8.161280632,38.70796204,-57.71217346,13.77695656,-13.74620914,-2.843559027,-4.195427895,0.567942858,0.535121262,-0.008332599,0.259515136,-0.004125199,0.027584584,0.170124322,-0.018231578,-0.528241634,0.028092651,0.06134063,0.105909325,0
Man00472.wav,113.8791416,116.5409404,114.5388368,115.2023535,115.2023535,115.0849459,-0.024533608,0.13555908,5.58E-05,1993.715083,-6.280412117,17.31799895,14.01854992,104.5753403,34.02040863,31.7313633,-12.4529438,-74.74608612,37.79807281,16.1132431,-26.10171318,20.79094315,-4.217094421,-3.288548946,-6.302399158,-0.011187832,0.571630836,0.206202894,-0.167337313,0.385637224,0.037270654,-0.415495217,0.381143808,-0.402504027,0.091398872,-0.073089331,-0.05424457,0
Man00473.wav,162.9207308,252.7136381,174.6141157,246.230511,251.2581146,219.9619577,-0.412376904,0.1754743,-0.001092039,2856.828845,7.177396764,13.20382623,14.3884657,45.23778534,18.94519997,17.14949226,-23.17638588,-35.44100952,11.22222137,-1.57951653,-15.94923306,4.027065277,-15.10241413,-5.053907871,-15.77743816,-0.180883884,0.152992845,0.051279332,0.047617763,-0.074420251,0.059004996,-0.059897687,-0.039668366,0.098266713,0.051294547,0.03486634,-0.112269305,0
Man00474.wav,245.5193714,774.9859688,251.2581146,252.7136381,744.2755572,450.6694484,7.675637877,0.24639386,-0.001114197,2900.570505,34.05854752,8.208267753,7.883630108,86.05108643,12.62802696,0.58674854,-10.84863377,-12.05166054,-33.91835785,32.21498489,-21.97125244,28.78871155,-7.544352055,2.036771774,-5.754016399,-1.317481637,0.77053225,0.334632188,-0.461822063,-0.050278168,-0.049759444,0.775616825,-0.166806072,0.473535776,0.157383114,-0.284763068,0.132460028,0
Man00475.wav,249.8109744,258.6205394,249.8109744,255.6500291,257.1309947,253.6903312,0.066459306,0.17710665,-0.000706899,3003.238992,-6.865993343,11.8516999,14.48595004,-7.197188377,-64.85327911,13.72306824,-53.88632202,-11.30631256,-20.18707275,-29.5398941,-2.901600838,8.365552902,-0.208216608,-10.96779728,-8.53986454,0.53846544,-0.17263703,0.053365272,0.249657869,-0.153639078,0.363512427,-0.200269938,-0.273476958,-0.291952103,0.165007666,-0.015950708,-0.062471226,0
Man00476.wav,111.2781384,149.3989688,130.9850485,149.3989688,149.3989688,139.6831929,-1.934771241,0.20243904,-0.001000357,2202.224495,-8.688180597,15.96588085,16.67850919,83.4743042,-4.344612598,17.7875061,-1.980043054,-2.006827831,-14.19283295,6.579992294,-44.199543,22.46498108,-34.27106857,-5.320467472,-12.93507862,1.548131466,1.977701426,-0.177558303,-0.076922402,-0.587933064,1.20070374,0.6874457,-1.166503429,0.985073447,-1.538150072,0.250891447,-0.011352689,0
Man00477.wav,239.9117012,425.0119847,244.1052839,249.8109744,257.1309947,256.9095041,-0.830007841,0.15646683,8.89E-05,2060.48151,7.429882457,8.130515259,1.028836526,98.78492737,10.08593178,-16.1655159,-1.404598475,-38.55783463,26.67925644,11.87301922,-51.15407562,8.296836853,-0.063529111,-5.03454113,-3.334880352,0.539913833,0.006463122,-0.208257124,-0.399878919,-0.676359296,0.052323055,0.045303501,-0.473221719,-0.014553563,-0.206558809,-0.27344498,-0.039017268,0
Man00478.wav,103.2281796,117.8950809,113.223246,115.869714,116.5409404,114.3907761,0.022076606,0.12974197,0.000211467,1557.521509,-7.048169757,13.62680063,14.12588104,110.7957458,23.0048027,66.72299957,-13.64599133,-34.18448257,-3.333241224,26.11997986,-42.09046936,12.0298624,-14.89104366,-16.11982918,-2.450500727,0.933080852,0.06672772,-0.772121906,-0.969528556,-0.448708802,0.406761587,-0.383191645,0.020307453,0.308113843,0.065191165,0.042501941,0.192273691,0
Man00479.wav,246.9416506,251.2581146,248.3721691,248.3721691,249.8109744,248.7236634,0.00347829,0.15070775,-0.000545438,3291.967846,6.390263627,13.23525379,17.37557566,-7.024129391,-30.39918518,-13.51702213,-33.11872101,-24.409729,-35.36810684,-3.589880943,-18.89190674,5.452193737,1.784232378,-27.14830589,-14.39065361,-0.215051904,0.16421546,-0.084564485,0.255546242,-0.013420908,-0.087010399,0.005777272,0.006094449,-0.086225204,-0.107205473,0.007074393,-0.062849864,0
Man00480.wav,122.0526419,141.013849,123.4708253,123.4708253,124.1860845,124.160062,-0.154600067,0.1039582,-0.000773717,2890.883429,11.03414213,23.32093961,8.095673098,74.3758316,23.85836792,5.464575291,-23.76692581,-64.40516663,10.64185143,36.64328766,-30.74752808,18.5133667,5.725055218,-15.5415802,-7.846204281,0.097949512,0.45135209,-0.876001835,-0.610176146,0.071883187,0.181659326,0.131479114,0.265066475,0.245680615,0.134880021,-0.213227913,-0.0937194,0
Man00481.wav,124.9054872,133.8703865,124.9054872,124.9054872,124.9054872,125.2896034,0.105308119,0.15406485,-0.000519032,4349.985677,-20.65670976,34.76508624,10.92391871,14.11503601,26.24642181,27.83326149,-10.90235233,-52.42559814,7.329353333,9.042655945,-29.28264427,11.91006565,-3.063109398,6.328477859,-18.63898468,0.858149707,-0.390869468,0.306117922,0.408966392,0.540962756,-0.582511246,0.198883295,0.034119155,0.41894117,-0.41295141,-0.185551226,0.073802277,0
Man00482.wav,110,420.1303057,140.404714,223.2009046,417.7105332,269.3296028,-3.643782881,0.14234127,-3.00E-05,2605.506537,-6.505711475,12.90425813,12.27587741,67.85340881,15.6624155,49.26392746,-11.16587067,-60.37661362,-2.078932047,33.31330872,-49.46656418,1.970285892,-17.41695595,-20.60283661,-2.24987793,0.551247835,0.519160986,-0.804035723,0.646208405,0.935036302,0.017876703,-0.499739468,0.627579212,0.091488101,-0.049182333,0.421371281,-0.45788604,0
Man00483.wav,86.30425077,355.3326334,231.7394279,260.1187129,348.2225281,273.4472437,0.185688937,0.18198048,1.11E-05,1507.115037,-3.283308286,5.932051258,20.07762398,89.73384857,10.74626732,27.74380875,-17.67716408,-39.04730606,-0.99921906,23.80992126,-47.13789368,-4.028680801,-2.102750778,-22.11089134,-7.827247143,0.346194506,0.246396348,-0.1735356,-0.227885991,-0.05899081,0.109609522,0.06664414,-0.078299016,-0.074282795,0.162580386,-0.09040124,-0.085498795,0
Man00484.wav,109.3664466,120.6507478,110,111.9246333,116.5409404,113.6895846,0.027871731,0.16320579,0.000240156,2665.418953,-1.530448531,23.68586854,11.24136059,86.1620636,52.34745026,23.70224762,-15.00352097,-45.37135315,-4.065021992,30.86133194,-46.96337128,0.285995513,9.567392349,-33.43202972,-1.618418336,-0.183010682,0.217749134,0.641673088,-0.390383542,-0.495701104,-0.15789704,0.153565839,0.213377163,0.069642082,-0.346384317,0.01621546,0.219773546,0
Man00485.wav,172.6085015,244.1052839,173.6084124,194.4892259,243.0508266,201.8969724,-1.364121312,0.1353448,0.00101025,2895.547715,0.60252582,14.54780443,11.08530135,58.07420731,-6.771850586,-2.12308383,5.919893742,-38.08443069,15.12315464,-1.056003809,-59.32366943,10.6878891,-10.29847622,-0.65746218,-5.648869514,0.655251384,0.830515504,-0.111494683,-1.079707861,0.067505114,0.764632165,0.807898521,-0.916027904,-0.01492341,-0.508289337,0.069933742,0.54654032,0
Man00486.wav,218.7328932,260.1187129,231.7854658,244.1052839,245.5193714,239.6055415,-0.240963812,0.20805927,-0.000667991,2398.257244,-16.4820372,9.99996498,13.3268045,66.73683167,4.770414829,18.89393997,-12.22243977,-42.84321976,-23.2769146,20.34335136,-53.17440414,4.259173393,-7.746091843,-12.76740646,-2.124229431,0.790600657,0.167329893,-0.083706602,-0.22129555,-0.327293009,0.236023054,0.071811333,0.227190956,0.004844235,-0.013106022,0.019807816,-0.340605766,0
Man00487.wav,122.7596857,229.0776736,124.1860845,124.9054872,125.6290573,131.761642,0.755263176,0.15118964,-0.000300885,2494.303925,-4.814660303,19.59449321,11.23812708,96.19700623,43.81413651,17.93173599,-26.98757362,-56.02527237,11.62242985,35.69779205,-65.4680481,23.84819984,-26.69514847,-7.437619686,-4.977037907,0.326269716,-0.09541101,-0.097135864,-0.358729661,0.163799211,0.280859977,0.173046514,0.148133919,0.096927382,-0.078348897,-0.168522626,-0.050900556,0
Man00488.wav,146.832384,152.8910042,150.2644282,151.1349012,152.8910042,151.107619,-0.014054939,0.11575661,0.000849406,2078.90305,10.2686548,13.73423555,13.69944678,93.51026154,7.177585125,-5.460137844,-20.91981888,-32.6724968,9.42988205,31.88431358,-50.88641357,-0.595906794,0.093892626,0.059635952,0.544135273,-1.185562134,-0.905143738,0.429824382,0.326639712,0.507168174,0.691901088,-0.106468245,0.564736962,0.343051195,-0.118201025,0.185081169,0.306211948,0
Man00489.wav,216.2205317,252.7136381,233.0818808,239.9117012,249.8109744,238.4709908,0.123536255,0.2588314,-0.000506944,1818.653663,13.77965473,7.629812542,17.42745811,84.72782898,8.959451675,20.10035706,-17.97283554,-31.14168549,-10.28304577,24.60803604,-39.63009262,16.79948616,-16.25807762,-20.74225998,-1.161251187,-0.584560513,-0.781335413,0.185852617,0.634004951,-0.220180228,0.270110369,-0.073993005,-0.656462491,0.033713963,-0.152041391,0.332132161,0.135760173,0
Man00490.wav,218.7328932,239.9117012,238.5299115,239.9117012,239.9117012,236.1215802,-0.00099053,0.17916895,-0.001099632,3443.282044,-4.208740537,14.58597692,10.89444898,36.57265472,-4.503959179,-18.60657883,-25.72272301,-1.274204373,-22.56729889,43.22989273,-35.06845474,-19.31890488,-3.279931545,0.335109949,-6.935777187,0.400881052,0.084598362,-0.119558141,0.134080306,-0.051926926,0.053958569,0.088625439,-0.294961542,0.030235654,0.088814192,-0.069771573,-0.011105269,0
Man00491.wav,122.0526419,146.832384,122.7596857,122.7596857,123.4708253,123.556067,-0.004406665,0.15525518,-0.000100104,2585.812172,-3.044286233,20.94161188,4.530680738,73.8167572,-75.0671463,-1.428773165,-24.34028625,-19.36609268,-11.61957932,-6.258970261,-40.08182526,50.47419357,-19.96318436,3.848742723,-17.15028191,0.130743742,-0.035633989,-0.001513125,-0.064801753,-0.178345069,-0.041228972,-0.085437663,-0.186684802,-0.198240802,-0.107248902,-0.155608907,0.035265185,0
Man00492.wav,81.93226047,535.481546,82.40688923,294.5251857,471.5803235,304.3133686,-1.117601005,0.13756613,-0.001834695,2626.260873,-8.630923892,15.64540043,6.192998667,57.74216461,-9.724535942,35.40147781,-41.89322281,-54.8230896,-3.425103426,14.00083733,-25.74765778,-4.379115105,-16.55002022,-5.38822031,-5.336325645,0.364018768,0.302460313,0.047890656,-0.793590128,-0.181209922,0.150812805,0.313509524,0.023693476,-0.207841069,-0.067416787,0.127353385,0.02050503,0
Man00493.wav,48.9994295,445.1125537,211.2820479,246.9416506,440,281.405095,0.104428265,0.24218537,-0.00048753,2245.588693,6.724142256,13.87771731,17.40872419,60.06316757,-8.276229858,-1.737346411,-22.65016937,-20.72043419,-5.300782681,-7.866093159,-34.52381516,-0.128389254,-9.747601509,-8.549795151,-10.25886917,-0.169612572,0.016891263,-0.040516861,0.140675858,0.115061566,-0.119214773,-0.177797586,0.153886199,-0.049493402,0.093171611,-0.108560905,0.03251528,0
Man00494.wav,83.84733628,341.2518476,152.8910042,293.6647679,298.7979376,246.8599049,-0.444398826,0.15444729,-6.87E-06,1694.848268,1.417785242,7.768012278,12.41097443,110.09729,-0.938924253,-3.792646408,-42.71640396,-50.7942543,22.02745247,32.34254837,-51.41117859,9.350937843,6.665753841,-4.347949028,18.17386627,0.120798811,-0.195805088,-0.237547711,0.477574944,0.248796165,-0.187310115,-0.140215456,-0.12423896,0.031572532,-0.077321693,0.146923721,-0.080505848,0
Man00495.wav,111.9227661,117.8950809,113.8791416,115.2023535,115.869714,114.8535419,0.020375083,0.11827137,-0.000379877,2300.170041,1.89347538,20.01899802,9.428160729,101.1577377,-15.42160988,6.818471909,-7.001066685,-36.35484695,28.03412247,11.17848206,-60.25278854,13.8615427,-8.324353218,10.28140926,3.598989725,-0.026285939,0.30643034,0.013850007,-0.012166881,-0.187983319,0.105616748,0.091488391,0.135459647,-0.050370518,-0.195002407,0.013294906,-0.197742358,0
Man00496.wav,249.8109744,254.1775933,251.2581146,251.2581146,252.7136381,251.5722093,-0.045883745,0.20762773,0.000592104,2598.987473,12.58555698,10.34052507,16.28785577,42.94756317,-2.320685148,3.731333494,-35.5526886,-45.86991882,4.45539999,5.573050499,-44.57171249,6.3931427,-22.7828331,-12.87064362,-1.662395239,-1.16313839,-0.911425829,1.239856362,-0.333905578,0.381006092,-0.115593478,-0.168580741,0.200346947,0.148817703,0.06148804,0.275315821,-0.200796261,0
Man00497.wav,264.6655079,272.4207993,267.740773,267.740773,269.2917795,268.1756747,0.004065356,0.2273354,-0.000532857,3482.215308,-3.03543782,12.98324282,15.13412509,33.70691681,26.77103996,-8.784244537,-2.725376368,-60.20950317,-2.193420172,23.13710976,-38.01600647,5.378776073,-8.757878304,-3.142445087,-33.89592361,0.141684964,0.106410146,-0.144901752,-0.109363109,-0.104774147,-0.023472192,0.324276507,0.182019308,-0.0426245,-0.034431703,-0.033254176,-0.216220528,0
Man00498.wav,220,267.740773,222.5562769,249.8109744,252.7136381,244.7236629,-0.276585274,0.16699006,-0.000493969,2047.376777,-6.825864367,8.290335034,16.36084192,84.80740356,-6.659430981,-1.874641418,-43.06155014,-58.74753189,-0.772208929,33.06119156,-69.05864716,14.89060593,-13.34497166,-15.34790897,-19.49268341,0.43037653,0.091549031,0.063258655,-0.128066123,-0.032280829,0.112575486,-0.046195786,-0.066626318,-0.094494522,-0.189368069,-0.111374415,0.005847672,0
Man00499.wav,217.4730845,252.7136381,241.3014955,241.3014955,244.1052839,241.4763961,-0.53132039,0.23273031,-0.000851555,2012.960882,4.271981762,8.351126481,15.46640192,72.6960144,-43.29128265,-13.52925777,12.10483551,-24.6240406,-3.70163393,-13.27007294,-56.66032028,10.66841316,-5.56701231,-1.585886598,-10.83765888,-0.763806164,-0.708371818,0.38779065,-0.241618052,0.210162044,-0.508615434,-1.158721685,1.196977258,-0.196343407,-0.428070903,-0.052592464,-0.910862327,0
Man00500.wav,114.5388368,119.2649557,115.2023535,115.869714,115.869714,115.6807498,-0.002120041,0.18585607,-0.000167072,2950.320833,-0.579981175,25.50380735,13.58869744,78.50707245,48.69073486,11.84218121,0.140281349,-80.85540009,3.18453145,22.41582108,-22.74766159,10.1355257,-20.66559982,0.985905349,-21.65863991,-0.246918276,-0.252135694,0.09300185,-0.341652125,0.197193518,0.079898402,-0.160731196,-0.065503769,0.125695139,0.049122769,0.160471991,0.05565007,0
Man00501.wav,200.5789475,272.4207993,258.6205394,258.6205394,260.1187129,258.9609527,-0.622645036,0.21561123,1.28E-05,2409.78807,-8.727996778,9.310829396,19.0203685,54.4828186,-3.464920998,-17.31603813,-10.18454075,-30.21076965,6.913062096,2.613234043,-40.83734131,10.24837589,4.843166351,-8.828034401,-17.02140617,0.656004548,-0.091321371,0.185269654,0.493747294,-0.239774525,-0.550777197,0.15307653,-0.000570231,0.171973288,-0.593012929,-0.052586079,-0.087915555,0
Man00502.wav,251.2581146,361.5437384,312.929324,351.25129,353.286068,335.289216,-0.266019564,0.27217904,-0.000174022,2239.629457,-2.270394816,6.693638775,21.33256434,45.70733261,-23.76516342,16.53563309,-57.89429474,-17.7062664,-24.91109848,17.76422119,-51.19384766,17.3963871,-5.402967453,-10.20996284,6.251489162,0.216787547,-0.078407712,-0.061317109,0.25247848,-0.031249091,0.0481546,-0.129529774,-0.084492065,0.152170941,-0.005231575,0.0989682,-0.218856543,0
Man00503.wav,120.6507478,266.1986996,127.0887967,261.6255653,263.1411468,211.5220607,0.64129883,0.23641792,-0.00014703,1870.974657,2.438045591,10.1353817,16.6896202,98.04701996,32.04838943,16.20886803,-36.7623558,-56.60678101,6.539674759,7.305532932,-32.26354599,11.75549126,-10.48323536,-21.98908806,-0.351853877,-0.072048262,-0.063710041,0.101048194,0.207804218,-0.241798833,0.118814118,-0.023946265,0.161729604,-0.238439322,0.153290242,0.020706996,-0.051052775,0
Man00504.wav,231.7394279,597.5958753,251.2581146,252.7136381,580.5834807,350.0551884,1.99999282,0.10679483,-0.000738402,3167.934518,7.657787419,10.6447535,2.930508801,22.91874504,34.37166595,10.67300415,-67.71375275,-25.60880661,-15.67623997,20.00654602,-58.02273178,10.20671844,-8.092869759,-17.30623436,7.877209187,-0.12667267,0.219981566,-0.321976215,0.251530468,-0.021598024,0.084661894,0.142351165,0.101014748,-0.044056542,-0.058642216,-0.136418834,0.028991887,0
Man00505.wav,114.5388368,156.464662,116.5409404,152.0104168,153.7766928,136.891148,-0.26534262,0.106033005,-0.000537143,2033.846893,-0.112930699,15.02564472,4.691863561,116.0251694,22.97424126,52.85254288,-31.61240387,-95.13039398,12.08127499,33.73885727,-53.51525497,14.86346531,-27.07021904,-19.78067207,-11.39692879,-0.195532694,-0.076735258,0.152624339,0.103227951,0.106613189,0.204596862,-0.244443953,0.182497248,-0.217709541,-0.023495523,-0.067328222,0.030568887,0
Man00506.wav,115.869714,155.5634919,117.2160552,152.0104168,153.7766928,141.7588215,-0.032919555,0.16832241,0.000866422,2147.838075,12.62834754,15.03578522,14.30882137,66.66921997,20.34651756,34.70411682,-20.36345673,-45.27361298,-7.59452486,0.942669392,-42.69792175,-7.235561371,-11.00327682,-16.67621803,-7.122551441,-0.859179914,-0.433262318,0.162877604,-0.181402594,0.139996067,0.090548672,-0.163178533,-0.208530098,-0.152291596,-0.138585925,0.087406561,0.252336651,0
Man00507.wav,47.60451086,325.8414615,198.5918592,322.0988531,323.9647528,248.9978831,2.41135884,0.10100002,-0.001312962,2904.631298,24.2987657,13.15552436,9.302476626,67.79246521,26.49561501,-15.70144463,16.48437691,-32.45702362,9.655528069,-0.546861649,-38.77153778,8.506037712,-3.373853922,12.30811214,5.788563251,-0.108104736,-0.508800983,0.073030092,0.399618864,-0.244728997,-0.804207981,-0.01301394,-0.085727438,-0.258405149,-0.653655946,-0.659672856,-0.802691996,0
Man00508.wav,242.6993409,466.1637615,245.5193714,245.5193714,249.8109744,261.4843915,1.435433591,0.2662224,-0.000302253,2265.756232,-2.911359933,8.996446145,15.44947844,67.26203918,-24.4330864,-3.912868023,-12.79867458,-16.37983513,16.52721024,8.822406769,-36.86444855,-7.761565685,0.529634356,6.441283226,5.28107357,0.324595422,-0.022177823,-0.444065452,-0.241942927,0.123827785,0.121489055,0.055052821,-0.048766375,-0.019068548,-0.09188807,0.046563718,0.013966442,0
Man00509.wav,113.8791416,122.7596857,117.4154459,122.0526419,122.0526419,120.1667824,0.170775364,0.23168585,-1.34E-05,2863.02282,11.61263522,23.76293021,10.7568967,54.63027954,-18.46339798,25.13507652,-23.33747673,-13.69589996,-0.486234099,34.40682983,-23.56072235,5.080132484,-4.354963779,9.731416702,1.437030792,-0.703793049,-0.15076904,0.146274075,0.152203143,0.146342054,0.156299919,0.369362086,-0.861467004,0.146146894,-0.161642656,-0.195569739,-0.146606252,0
Man00510.wav,229.0776736,825.8254371,231.7394279,235.7901618,369.9944227,381.9600944,-0.651764964,0.19504206,-0.0021458,2871.767606,4.692089234,9.640278273,10.32917294,53.20034027,-10.0254488,-43.26287079,-11.25097656,-29.60244942,-49.92639542,12.11371136,-25.21325684,13.88798904,7.817650318,-11.43604279,7.914326191,0.098715201,0.344536871,-0.393118352,-0.086337589,-0.05010261,0.243621275,0.553807974,-0.56456244,-0.546417713,0.207828343,0.175396591,0.008264861,0
Man00511.wav,86.30425077,261.6255653,118.5780401,119.2649557,260.1187129,168.6315949,-0.447333528,0.20939441,-0.000616781,2038.49913,3.282961114,14.24403375,8.483548245,97.70678711,-18.29748917,14.12492943,-20.14269829,-27.50809479,-6.462758541,16.86533356,-40.58763885,-1.164799094,-7.977723122,-10.67335606,6.445438385,0.487748504,0.183693737,-0.449616879,0.371278644,0.41756916,-0.035293009,0.267338663,-0.121948346,0.0697456,-0.082013935,0.069279946,-0.00072597,0
Man00512.wav,135.4258855,644.1977062,136.2103996,136.9994585,137.7930882,178.8031439,3.03997859,0.19020171,0.000351235,1798.486417,-3.164210068,11.93982349,15.19048571,103.9450073,-2.739196062,10.12987423,-33.88587952,-47.90812683,22.75050545,-9.363920212,-34.55747986,32.63068771,-17.77648354,1.7183038,-5.854475021,0.166513681,0.059714526,-0.317994148,0.229964688,0.087649114,-0.001944558,0.150582045,-0.14813593,0.019552182,0.282227427,0.085219152,0.125263944,0
Man00513.wav,246.9416506,278.7883336,248.3721691,248.3721691,251.2581146,252.4055187,-0.560645539,0.19384374,0.001510376,3883.091281,27.47739872,15.46304289,15.5912104,-2.353198767,16.8043499,-10.91415787,-27.04158974,-27.44135284,14.35636711,-7.997087479,-31.80247879,-7.732706547,-0.10582725,-5.114525795,-7.462275028,-0.516933441,-0.284210891,-0.778699219,0.359431952,0.65584147,-0.129262909,0.617071033,0.354260057,-0.308027536,0.091931708,0.594542682,-0.514555514,0
Man00514.wav,65.40639133,367.8634116,145.2352012,161.0494266,228.4179784,191.2005599,-2.22445365,0.21406104,0.000113104,2536.119728,-1.844458058,16.71763336,6.613635006,71.03985596,-15.76697922,0.263087839,-42.17763901,-37.6313858,-0.89500767,16.16610336,-27.13845253,14.85855293,-1.216620564,-17.46069336,-1.756955624,0.070930555,-0.312583864,-0.167197406,-0.306509405,0.71424365,-0.131766081,0.129280642,-0.295609593,0.055388484,-0.118916482,0.135148987,-0.056158781,0
Man00515.wav,305.7820084,331.5370699,309.3350242,311.1269837,314.7421051,312.9239934,-0.001005134,0.17553635,-0.000879356,4265.690352,-6.317378448,13.64004705,5.292832428,-14.93377686,-19.99697685,-3.023181677,-27.98041534,-15.62518692,-4.554632187,11.09611607,-20.82471275,15.21123219,-12.67634487,6.513978481,0.884809434,-0.744366169,-0.84096998,1.071035028,0.089095578,-1.279405713,-0.510371745,-0.416493505,0.873703063,-0.48634094,-0.246680349,0.475183129,-0.266233176,0
Man00516.wav,218.7328932,248.3721691,242.6993409,245.5193714,245.5193714,239.0217126,-0.036879643,0.21241185,-0.000218153,2040.110187,-1.597664656,8.48279543,14.03645065,87.1238327,-29.28293991,17.16107368,-8.011159897,0.839670837,-16.06587982,-8.911542892,-32.48101044,-3.399275303,-10.86619568,-3.65415597,-8.002607346,0.055155937,-0.216800779,-0.161922291,0.272723347,0.307451963,-0.083210886,-0.202225775,0.069552235,-0.161791667,-0.035679765,0.114090972,-0.119783886,0
Man00517.wav,113.223246,122.7596857,117.8950809,120.6507478,122.0526419,119.4761705,0.019053318,0.15353063,-2.79E-05,2447.864714,15.03476757,20.54377267,10.81065824,88.02757263,11.66265106,30.25233269,0.881253242,-47.85194778,2.191115856,23.4006958,-33.43598938,-2.676274538,-13.02054214,-14.04964161,3.823715687,-0.408603132,0.606030107,-0.094016805,-0.033793397,-0.327779919,-0.115790181,-0.018362511,0.27412495,0.036103599,-0.01796847,-0.134103298,-0.131629556,0
Man00518.wav,223.8455323,471.5803235,463.4788558,468.8642207,471.5803235,412.9436109,-0.210645329,0.165481,-0.004917583,1613.305605,-2.917367498,4.22877309,11.241771,108.321167,1.151353002,-15.02663898,-29.0071907,-35.25699615,6.705674648,55.37688828,-67.608078,4.112400532,-17.98857689,-13.93437862,-3.53847909,-0.383042514,-2.04138732,-2.062675476,-0.867625654,0.465401679,2.26636076,-0.443500489,-1.303787112,0.153898612,-0.33132872,-0.645235896,1.306071162,0
Man00519.wav,127.0887967,128.5654973,128.5654973,128.5654973,128.5654973,128.3600446,-0.029951613,0.059633173,-0.0006478,1900.117941,-15.92992317,14.8024203,5.74091122,140.8150177,-38.63803482,-25.73993111,-15.12719345,-66.02169037,56.98631287,13.00496197,-47.97352982,20.90232086,-14.79265976,2.238461256,-7.095235348,1.193421483,0.450792938,-0.651393116,-0.274206758,-0.547729194,-0.185245991,1.113751411,0.071977116,-0.074261948,-0.488700747,-0.069641992,0.022375915,0
Man00520.wav,180.7718692,278.7883336,270.8517709,270.8517709,272.4207993,261.4945332,0.156413678,0.2049149,-0.000220593,2127.170572,5.154105646,8.20073256,18.007403,67.431427,1.384594083,10.37470245,-40.71080399,-31.17203522,3.780307055,6.102088451,-39.65894699,20.41082001,-25.64626694,-4.810717583,10.46408176,-0.594400048,0.413647383,-0.080630034,-0.444733173,-0.122823775,0.069904573,-0.0194054,-0.11577227,-0.010259142,-0.174213529,0.009341963,0.012275883,0
Man00521.wav,160.1218501,1567.981744,266.1986996,312.929324,374.2935508,471.7135821,22.28304239,0.22381468,-0.000499291,3308.218526,6.72507883,11.05011329,14.18826455,17.75719833,5.013399124,14.0760107,-33.33774185,-9.54690361,-8.981072426,3.370975971,-41.7906189,12.55920792,-8.9193964,-4.139248371,-9.64302063,-0.97506094,-0.739469647,-0.073542602,-0.041688103,0.142531052,0.066463098,-0.045714561,-0.256133556,0.460672587,0.198672011,0.13091065,-0.078981645,0
Man00522.wav,49.56877544,238.5299115,233.0818808,234.4321104,235.7901618,219.9090061,0.012483053,0.22559804,-0.00022429,2425.137455,8.166087628,12.03914967,16.79524625,54.41829681,22.90622902,23.04948044,-24.68116379,-60.19512558,-10.76175785,2.085157633,-33.44754791,7.368990421,-7.28971529,-2.311739445,-14.43338013,-0.238586798,0.315126657,-0.553219616,-0.352829874,-0.065420642,0.164739251,-0.225542873,0.065190054,0.299349576,-0.114121728,0.036068548,-0.149860784,0
Man00523.wav,125.6290573,1121.613352,228.747826,244.1052839,245.5193714,342.5824796,0.652572826,0.24835935,-0.000879698,2419.987767,4.932936341,9.180492801,10.03548109,75.18049622,-23.94303703,-5.102104187,-19.18403816,-57.68387604,-14.41361618,20.52276039,-28.97480011,17.53044891,-25.27617645,-7.079819202,-3.166088343,-0.141066015,0.337329894,-0.110499501,-0.171283141,-0.295344591,0.149707109,0.215879977,-0.374650061,-0.053914908,-0.035618413,-0.177744403,0.200729221,0
Man00524.wav,206.4563593,270.8517709,242.6993409,245.5193714,264.6655079,249.5182663,0.580792556,0.20438182,-0.00016984,2246.978683,19.08399476,8.947540531,11.73747949,72.87715149,-38.52044296,0.548859954,-3.880841494,-31.97480011,0.247805491,14.36304188,-38.82173538,5.409354687,5.661319733,0.066148393,-6.902028561,-0.828614175,1.311958551,-0.086794674,0.109846175,1.004004598,0.111175694,-0.062751412,0.284907967,-0.167165637,0.203488424,0.102753997,0.043329496,0
Man00525.wav,124.1860845,125.6290573,124.9054872,124.9054872,124.9054872,125.0511315,-0.0051312,0.16347301,-0.000885402,1660.855883,4.391620976,13.28301188,19.37331002,113.3792496,40.70008469,-25.35374451,-32.99214172,-88.52117157,8.305322647,6.749107838,-34.96752167,24.44384384,2.857976198,-22.72854042,-6.880934715,-0.194312468,0.297007561,0.132393107,-0.114379197,-0.140215248,-0.099307954,0.277163297,0.034928281,-0.104559951,0.057328269,0.040745448,-0.152551353,0
Man00526.wav,226.4464921,272.4207993,230.404707,251.2581146,267.740773,251.5046223,-0.202798799,0.20409498,5.15E-06,1960.533738,-1.499292547,7.690834708,17.84790899,92.93952179,6.059851646,-9.511366844,0.021012103,-18.06852341,-15.46427441,17.48592567,-37.06659698,7.884781361,-11.56056023,-15.70858765,-14.17494869,-0.070543393,-0.040618148,-0.041175757,0.426101476,0.518362641,0.029028807,-0.093434922,0.156403616,0.026678193,-0.218874872,0.087360822,0.047766048,0
Man00527.wav,226.4464921,254.1775933,229.0776736,249.8109744,251.2581146,243.8093767,-0.135283236,0.15469888,-0.000487361,2746.206541,0.223489297,11.20939425,18.43882136,23.60232162,4.507510185,23.81617546,5.281042099,-26.16070557,-7.074549675,-1.797777414,-44.83108902,5.567902088,-21.3095665,-19.94841385,8.458987236,0.038062226,0.226203531,0.015834779,-0.51861912,0.407435298,0.278215885,-0.065896727,0.095503084,-0.18212083,0.323139936,0.122910723,-0.133000746,0
Man00528.wav,223.8455323,452.8929841,225.1422562,244.1052839,254.1775933,279.7718717,-0.12476268,0.19992384,-0.000284051,1373.346078,-1.251352806,5.33186784,18.3166697,129.1710815,-11.51751518,18.0482235,-44.94454575,-25.34292412,-4.156075954,27.5523777,-55.66001511,-3.912940025,-8.77252388,-16.08494377,3.373297215,0.192793667,0.148567617,-0.195237502,0.361666411,0.101641499,0.099721685,0.293609023,-0.176215231,-0.18719317,0.099355154,-0.170301259,0.090702057,0
Man00529.wav,245.5193714,802.3157899,248.3721691,249.8109744,249.8109744,256.5085857,-0.041782351,0.17242908,0.000268131,3980.493416,-3.398048344,15.84212081,7.524234583,22.43109322,-16.87169647,-12.25540829,-37.06319427,-46.55976105,-11.26410866,25.34902191,-49.04735184,42.91886902,-26.34903526,7.273832321,-4.745405674,0.619512558,0.279058009,-0.785892189,-0.882294595,0.193331838,0.891031444,0.376186132,-0.188330993,0.398639858,-0.077426009,-0.057912141,0.291168064,0
Man00530.wav,225.1422562,244.1052839,244.1052839,244.1052839,244.1052839,243.4107858,0.147603937,0.22001994,-1.20E-05,3671.912854,3.74451263,15.07418196,15.07866123,31.78442001,19.72278595,-30.7036705,-7.4156394,-15.03783894,2.111176491,11.99194908,-48.23465729,9.087529182,-9.51790905,-3.443717241,-4.438554287,-0.069537923,0.076704815,0.138478488,0.266205966,0.058278847,-0.238987252,0.462213993,-0.216717765,0.083135948,-0.092914172,-0.30041939,-0.0617074,0
Man00531.wav,81.93226047,278.7883336,82.40688923,82.88426748,84.57803469,122.0086731,6.190333353,0.22335844,-0.00030949,3121.566358,-15.30607163,33.19532686,7.594460798,42.22081757,-0.88381654,47.51808548,41.56469345,-16.09559441,-20.21119881,17.43964767,1.423113942,2.400914431,-31.40051842,5.409068584,-28.25281143,0.891338229,1.591361284,-1.322679758,-2.549871922,0.706349432,0.582701206,0.813672841,0.172171324,1.050716639,0.961562455,-0.237719819,-0.126332179,0
Man00532.wav,263.1411468,341.2518476,290.2917404,295.3659506,337.3322358,307.0903367,0.068827567,0.22373809,-0.001114033,2481.166667,1.082099121,8.076642693,-1.424809757,52.65239716,-21.00105858,9.793896675,-40.85005569,-15.73832989,-23.16109085,10.07109165,-21.35157585,8.656028748,-20.83553505,7.104859829,-12.54532528,-0.268528104,0.375003099,0.227140784,-0.244646773,-0.160373449,0.005071528,0.058988109,0.059760474,0.05853793,-0.0298372,0.063767821,0.031306028,0
Man00533.wav,115.2023535,452.8929841,221.274447,222.5562769,225.1422562,216.6800896,-0.073459452,0.13938753,-0.000403645,1987.566001,3.936980508,9.550036333,17.41394078,76.3115921,-0.041440856,10.94495201,-52.89772034,-60.55282211,28.56693077,-5.742442608,-45.63307571,0.53971982,-24.71660423,1.973239899,-19.69594765,-0.169061527,0.072902508,0.216592506,0.184430897,-0.177418038,-0.133385971,0.127948135,-0.109949894,-0.003158935,0.012337127,0.041425176,-0.132663652,0
Man00534.wav,124.9054872,257.1309947,248.3721691,248.3721691,249.8109744,233.945121,-1.09908263,0.17979744,-0.000300601,2884.577924,9.488665853,12.82728322,15.80754407,40.73124695,1.971053243,-39.73920059,-21.07997322,-14.64771271,-35.99575043,28.48048782,-23.5164299,-6.382556915,-12.40333366,0.485657334,-0.731706679,0.190512285,0.759013116,0.008455354,-0.282240123,-0.330494076,0.145382807,0.301204562,-0.256587386,0.139226705,0.035170246,-0.193423674,0.289041191,0
Man00535.wav,192.6305945,220,216.2205317,217.4730845,218.7328932,214.7087439,-0.023497543,0.15549798,5.31E-07,2311.017743,10.0129729,10.78950427,10.56815425,78.0390625,-42.82442856,28.67315865,-52.56589127,-25.07819366,1.528640509,15.1808176,-51.72576904,17.88439178,-4.393474102,7.151035786,-1.247614861,-0.224662095,0.647738397,-0.093008146,0.176845416,0.235911429,-0.589824021,0.651899815,-0.179739878,-0.144241482,-0.219591409,-0.378811598,-0.007872678,0
Man00536.wav,121.3496704,471.5803235,179.7306999,183.9317058,190.4180434,205.7005376,-1.645635231,0.22606774,0.000166922,2158.422575,1.205516026,11.5063688,9.468773823,91.74975586,-27.96058655,23.05597305,-11.97345448,-4.454041481,-6.608833313,3.03600049,-15.82009888,20.08563614,-1.624848127,-3.556494474,-1.172816038,-0.054170068,0.057166066,-0.083846383,0.124169253,0.193894446,-0.006904243,0.052559026,-0.018282572,0.04034676,0.063057914,0.052898906,-0.000615922,0
Man00537.wav,122.7596857,141.013849,128.195256,130.8127827,131.5705734,131.5351689,0.186557467,0.12839757,-0.001357851,2556.019007,-1.006024538,19.52254367,11.25018038,69.12732697,8.147485733,4.649821281,-28.72444725,-64.70452118,26.09761238,17.77605438,-55.4080162,20.83699989,1.3231709,10.58284283,8.809649467,-0.402942866,1.53555119,0.271038741,-0.079986289,-0.05870245,-0.751856208,0.234022498,-0.149472535,0.273504466,0.077926002,-0.461015373,-0.249866828,0
Man00538.wav,244.1052839,651.682923,248.3721691,249.8109744,249.8109744,269.1643835,-0.027579526,0.26443422,-0.000674114,2156.811795,-7.9290795,8.498948185,22.78213549,51.33044052,-42.97036362,-0.278982282,-14.67572212,-30.77227974,-18.56983566,21.58158112,-42.57292557,18.58394432,2.56170702,20.46863365,-18.12698174,0.538800657,0.026960788,-0.264708638,-0.189887002,-0.309630483,-0.018081775,0.044968542,0.10134992,0.010548384,0.193736777,0.166814566,0.240867943,0
Man00539.wav,249.8109744,788.5324849,252.7136381,779.4754168,779.4754168,542.2231629,-11.65884186,0.14695753,-0.000881619,1945.36118,-10.50739031,4.922851212,17.82222428,58.67899323,-34.536129,-6.961159706,-35.8607254,-18.30505562,-6.572677135,5.310284138,-32.67474365,33.38378525,-3.202385664,-14.72453213,-7.354166508,1.211937308,0.752101362,-0.146282762,0.122635022,0.267555922,0.02298207,0.288988858,-0.167882144,-0.753625989,0.093064666,-0.203309,-0.279731065,0
Man00540.wav,110,156.464662,115.869714,117.2160552,155.5634919,132.0979336,-0.037785682,0.24602285,-6.23E-05,2306.77033,-1.082651101,17.71576548,12.11100821,74.54574585,11.00453377,34.5496521,-8.34151268,-58.07646942,-4.420325756,25.19036293,-26.90620804,4.564491272,6.444841862,-15.89762306,-5.602031708,0.012125659,0.212611258,0.022057276,-0.05134657,-0.159477666,0.064600766,-0.143118769,-0.082864463,0.23247312,-0.176463306,0.191797614,-0.203548357,0
Man00541.wav,221.274447,273.9989169,248.3721691,249.8109744,251.2581146,244.8733152,-0.31271725,0.15413009,7.72E-05,2511.478337,4.153819742,10.20980708,13.34288048,51.97666168,-32.39538193,5.720842838,-44.17230988,-39.31065369,2.161457777,23.6275959,-55.77058792,7.760814667,-1.349613309,-9.135597229,-3.778413057,-0.654655814,0.174856588,-0.10166236,0.003942206,-0.030528421,-0.018931599,0.046460185,0.024795219,0.10712634,0.045486588,0.141555727,0.038594324,0
Man00542.wav,72.99334583,120.6507478,73.41619198,73.84148765,115.2023535,89.96853053,0.016820822,0.09406998,0.000591011,1077.092383,13.07503006,12.7775551,11.6263908,182.3038788,24.36500168,39.34770203,-8.360985756,-60.32899857,15.63376045,28.59900093,-46.10763168,5.392725468,-3.425186396,-24.11719894,-18.60300636,-0.509980857,-0.610185266,-0.250115126,-0.230574682,0.928321838,-0.168151587,-0.105531573,0.149570271,0.252060562,-0.112981044,-0.058481034,0.332491249,0
Man00543.wav,204.0850057,230.404707,206.4563593,206.4563593,225.1422562,213.3610183,0.21700754,0.20801726,-0.000533991,1923.888826,-3.749793729,9.093999136,15.02120225,71.26248169,-51.48744583,9.436911583,-52.77955246,-32.61083984,-7.488491535,14.44185543,-51.07764435,-3.349287271,7.882563114,-5.055026531,10.3917799,0.605812252,-0.431139857,-0.763793945,0.157128021,0.213078871,0.130575463,0.211757064,-0.303866059,-0.094844155,0.151661098,-0.033501916,0.159157857,0
Man00544.wav,221.274447,452.8929841,222.5562769,445.1125537,445.1125537,363.1302236,0.017080927,0.27544153,-0.000889033,2300.651535,12.14501759,8.215901815,22.03309693,47.80330658,3.27656436,34.82222366,-6.981884003,-49.13763046,-7.754831791,-3.873502016,-26.81667328,8.865744591,-18.25366211,-4.273623943,-14.41547966,-0.245298773,0.364912033,0.247369513,0.275065392,0.022515729,0.130849257,0.282995462,-0.15271847,-0.040321134,0.109528266,0.091541238,0.054978143,0
Man00545.wav,68.89654412,160.1218501,129.3102697,136.9994585,137.7930882,124.3189538,-0.033783306,0.23078343,-0.000416723,2443.625742,-4.287582673,20.80068515,7.263267261,76.58195496,-28.92427254,24.11406517,0.740621626,-2.135700226,7.597023487,10.08556652,-31.57628632,3.071695328,-1.86965239,-18.39075661,-12.56696224,0.477487743,-0.649413466,-0.162007481,-0.383974999,-0.013539456,0.366384119,-0.411526144,0.040638886,0.08057376,0.014880059,0.119789228,-0.111483157,0
Man00546.wav,122.7596857,437.4657865,245.5193714,245.5193714,434.946169,306.4544715,-1.254517147,0.22684318,-0.000291318,2443.051061,-5.513888598,9.009418958,17.74202587,57.85776901,10.86153316,5.650107861,-9.892748833,-25.20787048,17.20566368,16.88055992,-33.35848236,9.161643028,-25.05759048,-15.52491093,-14.49870586,0.379248023,0.180599585,-0.051080514,0.0724416,-0.028942766,0.062316619,0.025071301,-0.082553193,0.009325308,-0.107522994,-0.034348331,0.223053023,0
Man00547.wav,225.1422562,234.4321104,229.0776736,230.404707,231.7394279,230.0507317,0.038240982,0.16929068,0.000191957,1765.157193,-13.30352746,7.681369189,17.80521342,94.10483551,46.14099503,21.13014221,-36.83417892,-58.23503113,9.386205673,20.29589653,-28.99453545,-7.551867008,-13.77464008,-15.95601845,-30.41060638,0.767596304,0.148588985,0.104842685,0.294334501,-0.077499978,-0.508272827,0.224316582,0.119132213,0.001218412,0.051592249,0.016438415,0.111967601,0
Man00548.wav,239.9117012,333.4576446,255.6500291,275.5861765,323.9647528,284.3228815,0.425273629,0.15747538,-5.70E-05,2439.855767,10.22092921,8.530951914,15.28814454,52.90902328,-8.133000374,-2.156113386,-17.65751839,-32.25297546,-7.933819294,-8.819402695,-46.29308319,14.25404167,-15.18978596,-7.210686684,-0.808174133,-0.369722515,0.269689649,0.113010183,-0.214055076,0.114879727,0.001521134,-0.115271643,0.038731661,0.27786541,0.126609385,-0.122551151,0.001405099,0
Man00549.wav,114.5388368,706.572136,129.3102697,130.8127827,133.0993498,161.4206461,3.321158476,0.13756403,-5.08E-05,2469.310099,3.524933327,17.99102733,8.472578982,84.01496887,32.63401794,29.9536953,-56.85148621,-54.83943939,-9.030090332,53.95219803,-51.42723083,25.8279686,5.092821598,-18.94725418,4.820820808,-0.117903888,-0.009145104,-0.142550752,-0.162543625,0.041978031,0.092549592,0.146416098,0.176019087,0.207218349,0.057841163,0.011049903,-0.053658389,0
Man00550.wav,227.7582832,270.8517709,229.0776736,270.8517709,270.8517709,257.2208494,-0.362111526,0.17153153,-0.000400091,2335.37203,1.039474578,9.094192196,15.97214641,66.00157166,-36.80993652,-0.711436033,-48.45847702,-9.382419586,-4.899775505,2.321392298,-68.07830048,53.88853073,-22.17973518,-7.074738503,-13.15671635,0.112402909,-0.283911049,-1.054316282,0.545364261,0.425674945,-0.44918716,0.340392888,0.275471151,-0.02013712,0.301326752,-0.586184084,-0.428005368,0
Man00551.wav,175.625645,178.6955272,176.643034,177.6663167,177.6663167,177.3256607,0.014106984,0.15464658,-0.00096562,2473.790346,-6.675396762,13.95036186,15.01794144,72.62265015,-52.87034607,45.01568985,-47.39219666,4.421048164,-10.57941914,23.43519783,-61.57010269,11.7166853,-7.402647972,7.254960537,19.86639977,0.645995855,0.722246766,-0.129589498,-0.247825027,-0.050553568,0.214783564,0.013616035,-0.273933858,-0.068421438,0.169804379,-0.18230547,0.12337108,0
Man00552.wav,200.5789475,273.9989169,270.8517709,272.4207993,272.4207993,262.8716118,-0.778839703,0.15617703,-0.001912454,2362.767662,-23.85887418,8.888338857,17.37159614,42.322052,2.510735512,18.89307594,-59.60767746,-30.76989555,-9.471000671,12.1100111,-51.90438461,6.66421175,-11.46722126,-1.206747174,-1.682551265,0.864695966,-0.149444729,-0.005870007,0.830364168,0.355355263,0.277144581,0.114348896,0.259595841,-0.195256665,0.400387526,-0.175661162,0.00805153,0
Man00553.wav,96.8732461,122.7596857,110,110.6372235,110.6372235,110.4663565,-0.111561479,0.15108131,-0.00026653,1403.905723,9.276533796,12.7730416,11.70287628,133.9909515,33.10927582,19.70962143,-14.48751831,-25.53035164,-10.81992054,30.78970528,-27.26737022,2.123750448,-12.77269173,-6.068789482,-23.46119118,-0.636260092,-1.057006121,0.518063366,0.737405658,0.161692336,0.201247349,0.093196087,0.219022587,-0.29997614,-0.215496525,0.268399239,0.156765074,0
Man00554.wav,178.6955272,251.2581146,221.2781384,244.1052839,244.1052839,232.5318653,0.821767378,0.16109745,-0.00085633,2060.635061,3.093678559,8.952517636,14.98569966,84.45411682,-24.67765045,1.236573458,-19.83185196,-14.95122623,-11.25396729,2.374158144,-32.00322723,10.45433903,-16.25968742,-4.841389656,-14.06142616,0.655512094,-0.431253493,-1.386604071,-0.605429053,-0.325909793,0.67540437,0.459824562,-0.438972652,0.884176731,0.247073978,0.183835566,-0.171186283,0
Man00555.wav,111.9227661,115.2023535,112.5711281,112.5711281,113.223246,113.0594194,0.020876612,0.16698785,-0.00018948,2150.964652,1.660176477,19.02349619,11.1815017,107.3111801,-22.04997063,-25.1993103,-32.5901413,-46.63595963,-9.260825157,61.50800323,-62.30753326,3.602900743,-0.212621227,17.45520401,0.233072102,-0.150128335,-0.344528824,-0.372917116,0.12447723,0.664975107,-0.313578546,-0.105051555,-0.061285045,-0.067891277,0.384097159,0.110845625,-0.026514661,0
Man00556.wav,194.8688542,229.0776736,195.997718,217.4730845,217.4730845,211.8202984,0.630246079,0.17654444,-6.04E-05,2685.611222,21.19032145,12.66497482,13.91615063,42.71259308,-21.28038788,7.282008171,-45.2504158,-44.19119644,-11.93972683,11.48797703,-47.5437355,23.73449516,-13.75268269,-17.72374344,10.47873116,0.533679128,0.629862428,-0.754927039,-0.832831144,-0.770400643,-0.118365496,-0.656892419,0.000953254,0.560242116,-0.219567552,0.340730458,0.379779905,0
Man00557.wav,221.274447,442.5488941,440,440,440,438.9729956,0.009683299,0.11814025,-0.000852895,2418.048896,-3.962240648,5.528038995,18.93421224,25.93987846,-17.97835159,48.94384766,-31.82596588,-37.05875397,3.450005293,-1.805050969,-9.040513039,2.211587906,-24.76844788,-6.546671867,-14.43487167,0.405065149,-0.198778763,0.106986932,-0.072933584,-0.26786837,0.20392555,0.029850338,0.079642646,-0.064790063,0.038980439,0.071447626,0.17905432,0
Man00558.wav,115.2023535,118.5780401,115.869714,116.5409404,116.5409404,116.463784,-0.030911632,0.06394458,-0.000425507,1230.729233,-2.028681482,10.56030256,17.49780555,150.841507,12.21422958,58.91511536,1.643187881,-72.00500488,9.667860031,47.10752106,-45.86389542,-7.285601139,2.947290659,-37.03633499,-1.034063101,-0.272231162,0.817510426,-0.536094725,-0.056827441,0.157560363,-0.006235904,-0.014078593,-0.103775322,0.123568803,0.205091894,-0.010628326,0.066762462,0
Man00559.wav,225.1422562,254.1775933,232.4106543,234.4321104,251.2581146,239.8628211,-0.036283204,0.17876433,-0.000326422,2345.754579,-4.57018143,9.82352834,18.37950099,42.59809113,11.88317966,14.8329401,-28.45523834,-64.62615967,-11.83967972,14.75939369,-48.02827454,-0.734596074,-12.66521549,-22.43920517,-3.052340031,0.184977099,0.055829596,-0.16081433,-0.352168381,-0.05297846,0.231855541,0.101280101,-0.020521175,0.184519291,0.041959342,-0.090926573,-0.062707476,0
Man00560.wav,81.46036538,1251.717296,97.4344271,98.56656061,110,295.934039,0.81656507,0.13519515,-3.13E-05,1342.405535,0.556072069,11.86652983,12.23446284,139.4661865,3.630036592,32.21583176,7.299711227,-24.24583054,-1.850814342,27.08108902,-24.34043503,10.63449383,0.824429512,-6.309618473,-7.614771366,0.185093716,0.323800176,-0.244708821,-0.181689069,0.327922583,0.135315016,-0.143746749,0.09912879,-0.210184008,0.125247478,0.007440605,0.029250748,0
Man00561.wav,251.2581146,255.6500291,251.2581146,251.2581146,252.7136381,251.8119805,0.009908493,0.0699139,-0.001669854,3568.45868,-25.51029852,14.17274883,-46.50509598,38.02893829,53.586689,1.604595184,-20.5864296,-73.6100235,5.226724148,18.57769012,-45.00345612,9.380768776,5.784267426,-17.04296684,-12.0204134,0.802776396,0.027269661,-0.075508423,0.091943339,0.347639501,-0.003595114,-0.323684931,0.396796077,-0.202001512,0.083673932,0.193506747,-0.065931797,0
Man00562.wav,181.81907,183.9317058,182.8723372,182.8723372,183.9317058,183.1031653,-0.010641105,0.1881128,0.000837146,3059.628743,50.55419021,16.70639633,13.36002496,85.24767303,26.36507797,-12.56673527,4.237644196,-33.50052643,30.17910385,6.019640923,-62.14100647,2.219951391,-11.18370342,12.37125015,-14.00170135,-1.217419744,-0.448592305,0.137822002,0.220030397,-0.541494548,0.55493778,-0.588529706,-1.369773507,0.388299823,0.391389757,-0.206389233,-0.125313863,0
Man00563.wav,109.3664466,126.356819,124.1860845,124.9054872,125.6290573,124.2681848,-0.101009591,0.16677739,-0.000304822,2659.368906,-6.291806684,21.39296337,10.87261605,81.29454041,22.13170433,7.526476383,-11.34534931,-99.74843597,13.45640278,24.37386894,-23.79240799,4.531871319,2.685263872,-26.8525238,-7.21029377,0.146698132,-0.084106274,-0.085628748,-1.052938581,0.878851056,0.077487051,-0.055992745,0.203251004,0.226323321,-0.286457866,0.24321413,0.120428279,0
Man00564.wav,249.8109744,269.2917795,251.2581146,251.2581146,251.2581146,254.6022533,-0.091987911,0.2923246,-0.00086655,2791.414905,0.462061995,10.98062578,15.11211831,22.0536747,-53.80867767,20.14907646,-19.88054085,-20.44714546,7.038898468,2.495840788,-15.93060017,3.282365322,-3.005335569,4.239840508,-1.887007475,0.062371563,-0.35321486,-0.110879503,0.141933545,-0.09470097,0.088810302,-0.067070313,-0.09465868,-0.065888815,-0.017033305,0.131323323,0.14990516,0
Man00565.wav,138.5913155,502.5162293,225.1422562,246.9416506,491.0387428,316.9783888,3.128624571,0.12581284,-0.000142422,2348.698328,11.29071065,8.256376037,10.35072454,79.80939484,18.61660385,30.51302147,-8.915597916,-2.78195715,-15.1287365,16.2086525,-29.87133789,-14.40667152,-10.83922482,6.148747444,0.262930363,-0.822055459,-0.068575881,0.422410369,0.049929444,0.608765066,0.010521387,-0.197336391,0.033974074,-0.25277409,-0.241868675,0.47117877,0.051900823,0
Man00566.wav,241.3014955,241.3014955,241.3014955,241.3014955,241.3014955,241.3014955,3.69E-15,0.10123836,-0.000873681,2950.01853,28.37480046,12.22544653,14.31183771,76.57957458,15.7438221,-1.45837605,-33.68303299,-18.30264091,0.628529191,31.24430466,-95.40686798,33.10108566,-46.2036438,2.573136091,-2.489869356,-0.646005332,0.047244165,-0.330127031,-0.113408566,-0.150459006,-0.446349889,-0.011177123,-0.272613108,0.025399065,0.020072758,-0.118172579,0.040834121,0
Man00567.wav,94.11545283,249.8109744,201.7408895,202.9095626,211.2820479,189.6125882,1.309283062,0.115016535,2.94E-06,1796.468939,2.490986022,10.00981577,11.45920812,106.891037,-7.678560257,16.90912056,-30.58574295,-36.51361847,-11.24677181,31.7880764,-56.43136978,7.877745628,0.711839199,-25.75349808,9.759505272,-0.312175483,0.293253899,0.181710988,-0.443181694,-0.238936886,-0.030601906,0.292162627,0.109429829,0.13789542,0.063242048,-0.079224363,-0.017417643,0
Man00568.wav,235.7901618,248.3721691,245.5193714,246.9416506,246.9416506,245.7566852,0.112895089,0.23577748,-0.001865183,1894.90765,-3.652215461,7.723078356,19.04076182,85.32314301,-32.14178848,4.365711689,-20.02754593,-61.27610397,7.475435734,0.806447089,-28.7195797,-5.65115881,-6.865926743,-12.29230213,-0.862918079,0.630344331,0.27972129,0.519436419,0.29548341,0.05248639,0.235756367,-0.050632969,0.362016499,-0.02783153,-0.124982946,-0.250201941,0.315661997,0
Man00569.wav,137.7930882,394.2662424,338.7978451,339.2863816,339.2863816,337.113729,1.02590154,0.279334,-0.00041783,2385.163876,3.198653784,7.102834223,16.2416397,43.74943542,-42.11143494,-8.801135063,-18.60015106,-17.30176926,-8.623543739,9.179085732,-28.64888954,-0.136228099,16.3745079,11.2157259,-11.49662685,-0.277334422,0.115527473,0.066838659,-0.149628043,-0.115027882,0.224426806,-0.053932611,0.143080637,-0.153065816,-0.177275166,-0.047622744,-0.163753629,0
Man00570.wav,218.7328932,300.5288565,220,220,291.9733833,251.6333803,-0.828968167,0.20589466,-5.35E-05,2549.008793,-1.459467467,10.20613571,14.44892642,57.23333359,-8.936250687,13.21479416,-18.23497009,-29.3539238,2.317392826,-2.060790777,-31.17653275,6.029686928,-15.26246262,7.73817873,11.29323387,-0.145964444,-0.57427007,0.382034749,0.489649206,-0.048596457,0.298324347,-0.381262779,0.133160338,-0.396927565,0.352320164,0.061415218,-0.2307906,0
Man00571.wav,225.1422562,474.3121605,233.0818808,251.2581146,468.8642207,315.1963187,-3.37977529,0.16911954,-0.000611892,2163.369746,-17.76059568,7.82918012,14.02534786,75.24591064,-15.25642776,-3.62481904,-27.84358788,-43.96058655,-10.9368,7.484664917,-38.44813538,0.727870643,-27.80173874,-12.81136894,-8.900240898,0.734044552,0.174401835,-0.210867494,-0.378377467,-0.024942091,0.468942791,-0.108928218,-0.143281251,0.394694179,-0.063532725,-0.149912253,-0.016878495,0
Man00572.wav,564.055396,604.5396049,577.239566,577.239566,583.9467666,580.5760721,-0.249205541,0.29276484,-0.00022828,3181.482947,-0.993080729,5.481870932,3.774981059,46.78778076,-36.28465652,6.272028923,-12.39720631,6.318552494,-28.42458916,-3.759217978,-7.093674183,7.336732388,-4.102645874,1.571473718,7.164259434,0.178269655,-0.090355083,-0.140060648,-0.193405077,0.036862008,-0.034809157,0.045008507,-0.08990147,0.046337586,-0.087040737,-0.029847307,-0.031377826,0
Man00573.wav,107.4875965,221.274447,110.6372235,117.8950809,220,161.1718289,-0.671929061,0.17353861,-0.000663264,2069.119139,-0.878977786,13.96360418,9.461588585,107.4449081,-16.66220665,25.17956734,0.451899141,-30.62448883,-15.79624367,37.67602158,-49.74861145,-1.653184652,-22.73677444,-7.651320457,-21.15281296,0.454640001,0.264894247,-0.498450369,-0.199187681,0.504770875,0.206924394,-0.278742254,-0.196657717,0.124369912,-0.089071155,0.207454935,-0.120991267,0
Man00574.wav,93.03444465,311.1269837,206.4563593,206.4563593,206.4563593,212.723148,1.173002453,0.16344737,-0.00019206,2215.480071,0.074492616,10.77682471,18.17814564,72.75888062,-8.233865738,-8.276709557,-36.2166481,-25.10575867,-11.87970066,24.37730026,-59.08592606,-4.307686329,-8.644106865,2.508318663,-11.74698734,-0.221385315,-0.589098632,-0.237110972,-0.324226618,-0.255878717,-0.003863286,-0.437545091,-0.353048801,-0.085888043,0.366359174,0.301228046,0.076235317,0
Man00575.wav,130.0593565,275.5861765,249.8109744,252.7136381,255.6500291,240.6901146,-1.240480864,0.14737092,0.000206694,3148.198837,9.878254953,13.47579827,11.71822487,32.18184662,-0.80285424,-0.694666326,-53.13563919,-8.482478142,13.34796429,10.70308685,-42.37440872,3.693202972,6.347380161,-6.045787811,2.907448292,-0.576074421,-0.512521267,-0.441396594,0.145813629,0.339106262,-0.543548107,0.197249681,-0.513219416,-0.068809062,0.355360925,-0.346660435,0.121820614,0
Man00576.wav,233.0818808,277.182631,241.3014955,244.1052839,273.9989169,251.9006176,-0.19038583,0.15155758,-0.00028522,2512.04878,5.364463512,10.08176475,14.8667833,48.12559128,-50.29037476,9.261611938,-21.47809219,-33.97320938,28.06706238,-18.57611465,-55.63371277,10.67200756,-25.33392334,-7.38569212,2.753109217,-0.144766673,0.360282958,0.123274654,0.016891375,-0.044737786,0.09119802,0.027809404,0.17782481,0.239557669,-0.196938828,0.101908311,0.034135439,0
Man00577.wav,208.8552666,339.2863816,212.5059924,213.7370271,213.7370271,223.7281498,0.708760677,0.18988353,-0.000122055,3441.801449,-10.08478041,15.86358355,12.1271205,19.53834915,5.206570148,9.76081562,-20.87847328,-52.39028168,13.10767746,8.814375877,-43.80212021,6.280096054,-22.92455864,-7.413155556,-4.045103073,0.745810151,-0.546752512,-0.230425864,0.220615521,0.380822986,-0.154751971,0.051454395,0.047899943,-0.065575235,0.204502374,0.037972361,-0.143958405,0
Man00578.wav,34.8485417,251.2581146,57.60117676,249.8109744,251.2581146,182.7590925,0.023381728,0.17089617,-4.47E-05,2789.341172,8.287173394,20.316755,13.25443278,85.45698547,50.12007904,-2.980128765,-14.85948086,-71.13832855,13.54833794,26.29431343,-38.66117859,19.61664009,-19.34481239,-14.20060158,-8.017704964,-0.503350258,-0.100249015,-0.360911697,0.086435877,0.080264926,0.317578882,-0.113265999,0.083957151,0.178140819,-0.12232323,-0.116667882,0.173904285,0
Man00579.wav,233.0818808,266.1986996,234.4321104,234.4321104,250.2278348,242.3204016,-0.384791725,0.24202415,0.000538731,2667.989191,2.693125392,11.11360702,18.36339435,30.0824585,-8.675065994,29.51577377,-8.922055244,-43.39798355,-22.74527931,4.843203545,-41.40549088,15.23503208,-23.32754135,10.59430408,-20.14036369,-0.069128022,-0.508926332,0.458556861,0.332220316,-0.203526139,-0.243393913,0.113880813,-0.066380575,-0.103583895,-0.204481632,0.457072914,-0.222534791,0
Man00580.wav,115.2023535,227.7582832,117.2160552,117.8950809,130.8127827,123.4590119,0.609332489,0.14269646,-0.000163819,1938.193961,2.143253069,15.72128667,16.19395141,102.3362961,26.4868679,25.47211456,-1.874823689,-53.49959564,9.593008995,38.99275208,-62.62693405,3.105638266,-22.82878113,-10.01381016,-7.505455494,-0.583822906,-0.275351137,0.213455841,0.253991812,0.869043112,-0.561628044,-0.33809945,0.179536417,0.263833702,-0.099118352,-0.299180537,0.096894071,0
Man00581.wav,214.9751931,526.2822936,249.8109744,249.8109744,260.1187129,253.900615,0.501027934,0.1647316,0.000449871,2722.94157,11.06239639,10.76485054,14.65210121,43.57227325,4.046133995,10.07278347,-75.23680115,-15.31123924,-4.314225674,7.951772213,-46.42723465,6.082211971,-25.83727074,-17.84911728,13.52119732,-0.619999528,-1.21795392,-0.514307916,0.280671209,0.361524463,-0.1265589,-0.273078024,0.347780704,-0.402503014,-0.133835241,0.20678179,-0.019879093,0
Man00582.wav,239.9117012,258.6205394,248.3721691,251.2581146,252.7136381,251.1612468,0.02903194,0.09063922,-0.000488427,2106.327472,-1.698273524,8.378852941,14.06376999,79.99960327,23.5326767,-2.637806177,-23.86591148,-10.04399776,15.86436844,15.6553297,-43.23384857,15.37317371,-10.95966911,-2.898016691,2.643997669,0.053898044,0.017764254,-0.099660702,0.113318607,0.010060938,-0.040348303,-0.060583081,-0.00339279,0.103451684,0.035933889,0.119810164,0.104677163,0
Man00583.wav,,,,,,,,,,,,,,,,,,,,,,,,,,,,,,,,,,,,,,0
Man00584.wav,115.869714,133.0993498,117.2160552,123.4708253,129.3359588,123.2919486,-0.178751326,0.13940004,-0.000418317,3407.898543,-2.470073411,27.63970163,9.765857243,50.66806412,41.14842224,15.70118904,-22.82485199,-63.7401123,-28.70472717,56.60982513,-46.35836029,1.523733497,2.148706198,-34.57217407,6.667444229,-0.212376013,-0.50478977,0.431499451,-0.280202895,0.178843439,-0.035825983,-0.066315748,0.005084277,0.086264707,-0.018501112,-0.101483852,-0.029728489,0
Man00585.wav,222.5562769,455.5165665,229.0776736,257.1309947,258.6205394,285.5873188,1.203499974,0.2968598,-0.000205571,3172.913003,-1.393462211,11.83018991,14.35789017,26.10980034,-12.21574402,12.13419437,-10.1707058,-12.96156216,-11.41506195,3.9132061,-30.93466949,3.15993762,-12.08098221,0.568400085,-3.136020899,0.29698208,0.030214353,-0.208944261,0.040488921,0.107904464,-0.10540022,0.036693558,-0.071076028,-0.089346416,-0.077475436,0.046367038,-0.001246628,0
Man00586.wav,245.5193714,277.182631,248.3721691,248.3721691,270.0717752,255.1684168,0.176604212,0.16603091,-0.000220218,2905.695541,2.999173879,11.42914928,15.05205233,32.59944534,-3.4360466,1.340810776,-37.27527237,-21.77796364,-11.56945705,15.36591625,-58.12810516,19.45357132,-3.590630531,-18.68024826,0.241943389,0.065977804,0.240802988,-0.025523368,-0.103396513,-0.048816022,-0.00531605,-0.048907392,0.074883066,0.231619224,-0.000892871,-0.115991615,-0.134511679,0
Man00587.wav,212.5059924,286.9574553,263.1411468,263.1411468,282.0324029,267.8692275,0.569076207,0.14873579,-0.000378241,3002.806418,8.169133367,11.23154883,12.71260052,44.24520874,-23.7700882,18.13875198,-83.64012146,-2.318696499,-13.37065792,29.35915756,-66.86206818,21.77911949,-4.009585857,-18.55423164,-1.328475475,-0.395438403,-0.427251399,-0.164029509,-0.123918012,-0.008407967,-0.040379409,-0.084139176,-0.315664619,0.14740631,0.187421605,-0.107010305,-0.06237825,0
Man00588.wav,110.6372235,148.5384941,110.6372235,115.869714,139.3941668,124.2256862,-0.122460342,0.23226212,-0.000773398,1819.891925,-1.168587324,14.52664823,15.61737441,113.3641357,21.28187561,28.81954575,-4.37989378,-39.58777237,10.25840187,21.22285271,-30.60516739,22.72134018,-15.20602417,-7.118071556,-21.3369503,-0.227260262,0.473456681,0.377884358,-0.093138844,0.049753159,-0.045948219,0.15885374,0.077715203,-0.023902142,-0.01698494,-0.101681069,-0.073584422,0
Man00589.wav,223.8455323,445.1125537,225.1422562,239.9117012,278.7883336,268.4903557,-2.456593642,0.23372646,-0.000300741,2569.412829,1.812925283,10.01017977,10.83145716,52.6708107,-23.62029648,31.32405853,-18.78926849,-33.18246078,-3.467415094,20.92291641,-20.19316483,-0.623492241,4.272237778,-11.86980247,-3.779743195,0.419787258,-0.538362622,0.033343188,0.443383843,0.129104868,-0.285093248,0.182845548,0.226132676,0.023113918,0.196229979,0.029489871,0.211688533,0
Man00590.wav,50.14473687,269.2917795,202.6173943,204.0850057,267.740773,214.2641749,0.545932553,0.2058541,0.000128161,2466.67349,-8.7471158,12.97968392,14.98476656,79.94008636,48.64040375,2.608162165,-12.21714306,-28.95329475,-11.62839603,33.6414566,-27.46281624,10.32027435,-0.823930919,-9.834983826,-21.59672356,0.796999931,0.474254161,-0.510702491,-0.592429757,0.074637301,0.189962745,-0.336741716,0.038918559,0.063392617,0.133298323,0.130202785,0.068839245,0
Man00591.wav,217.4730845,314.7421051,223.8455323,226.4464921,266.1986996,243.267442,-0.625747432,0.23128241,0.000245973,2379.519577,-7.262111609,9.767030085,8.704883559,68.49712372,-2.785059452,2.763957977,-21.32428169,-16.2475605,-7.094499588,16.63287544,-25.3896656,6.809106827,-21.2222538,0.775069892,-15.2404871,1.039831758,0.722672582,-0.279259086,0.186782271,-0.074270219,0.06290745,-0.02165566,0.637266815,-0.182314232,-0.770253658,0.349103183,-0.413372308,0
Man00592.wav,222.5562769,251.2581146,249.8109744,249.8109744,251.2581146,246.2649791,0.159117766,0.2530399,-0.000129647,2581.362507,11.53212936,10.42571307,16.51238807,49.61392975,19.26259232,2.38525939,-34.99301529,-34.72425842,9.786158562,-3.186752796,-36.98412704,5.553985596,-24.94436836,-9.304927826,-2.11677742,-0.545746148,0.167231143,-0.073413067,-0.106154829,0.091307342,-0.302099973,0.003133661,-0.169640645,0.236182079,0.061249029,-0.033799686,0.037378445,0
Man00593.wav,241.3014955,270.8517709,242.6993409,254.1775933,270.8517709,255.7580581,0.166120565,0.20101602,-0.000572158,2813.697699,-4.512211621,11.00705891,11.18828348,47.71311188,-10.87340832,22.96994591,-14.90516186,-31.46700668,15.6484375,15.6658535,-38.26823044,19.75181198,-9.922990799,1.177430511,-2.797485113,-0.119553879,-0.071065262,0.083335519,0.054129213,-0.258113474,0.518814325,0.085378304,0.285984218,-0.011575137,0.09558177,-0.14832662,-0.041396156,0
Man00594.wav,110,245.5193714,110.6372235,220,242.6993409,188.9906044,-0.010925826,0.19015808,-0.000234195,2809.32053,-11.88474854,16.62928088,6.113925462,62.90000534,-11.4841013,44.23904419,-33.05960464,2.540991545,5.736998081,29.91111565,-42.94835663,4.896774769,-2.988890886,1.629515886,3.868967772,0.752250075,0.234923631,-0.342332304,-0.142669469,0.254420161,-0.338552982,-0.222706228,-0.080140077,-0.082355142,-0.24149023,0.174196392,-0.126053557,0
Man00595.wav,114.5388368,252.7136381,246.230511,249.8109744,251.2581146,227.1464436,0.022802699,0.13605933,-0.000277614,2505.065745,1.466924535,11.18175146,13.40484867,70.74912262,12.93854713,0.406558335,-25.12081718,-47.3004837,-6.500337601,35.88605499,-48.02176666,4.461229801,-10.72525311,-17.45532799,-6.014226437,-0.258380175,0.039109629,0.221950546,0.406674236,-0.117728539,0.257441193,0.050565358,0.044374667,0.029080404,-0.237618297,-0.00146026,-0.076954566,0
Man00596.wav,103.2281796,183.9317058,117.2160552,117.2160552,117.2160552,119.6388791,0.055117384,0.14794725,-0.000614873,1670.192984,-0.004888749,14.13170622,3.099501901,121.2190323,14.73913956,42.03306961,-25.62884712,-43.68254852,-13.56573582,55.75339508,-42.91230392,-10.49611855,0.786170542,-13.14113903,-0.068175755,0.061179332,-0.029878804,-0.005954982,-0.117575407,-0.074480526,-0.014942857,-0.014755372,0.058656577,0.048337348,-0.161473751,0.093524337,-0.125640109,0
Man00597.wav,85.80717486,255.6500291,237.1560803,238.5299115,241.3014955,226.7035039,-0.961282641,0.17677341,-0.000205186,2915.168924,0.610116209,12.89202996,11.91037466,43.05088425,-14.11685276,1.057471395,-27.46178818,-24.49250221,-15.61303139,17.91507721,-62.42082977,15.90868378,-0.165816143,-4.21643734,-22.73113251,-0.005972805,0.583085954,0.267264336,-0.325447381,-0.065355144,-0.138965696,0.079334542,0.184274077,0.101940542,-0.19412154,0.23308365,-0.033580974,0
Man00598.wav,218.7328932,258.6205394,218.7328932,230.404707,257.1309947,233.4430379,-0.602101389,0.1445799,-0.001020239,2807.270263,2.162983236,12.05569946,16.88304239,50.50523376,36.64419174,-26.18153954,-29.14513969,-32.84699631,4.552921295,15.10646915,-50.37386703,-1.542226672,0.245974913,-19.71986198,-13.26299381,1.599260211,0.455872297,0.075023733,0.009331644,-0.952455521,-0.10459023,0.798624516,-0.730733335,0.945686638,-0.757242501,-0.387254715,0.193660796,0
Man00599.wav,108.1102658,139.3941668,128.5654973,133.8703865,136.2103996,131.4804415,-0.035335068,0.115185745,-0.000276572,1567.796063,3.39066725,11.952905,11.72802884,133.1156158,-3.327112913,6.031346321,-11.98476601,-48.93822861,17.83705902,23.74111748,-55.40347672,0.616663277,-4.681585789,-9.370880127,3.658347607,-0.172484815,-0.229780644,-0.109835885,-0.064444102,0.135855556,0.302517682,-0.030835137,-0.108818382,-0.042989336,0.310624182,0.172972515,-0.083239645,0
Man00600.wav,122.7596857,471.5803235,123.4708253,241.3014955,241.3014955,206.356833,-0.404415209,0.19060099,-0.001275437,2306.413521,9.752352559,14.0804891,17.19800962,94.83482361,-4.371181488,-0.429068685,-6.157586575,-29.12872696,7.192772865,8.822203636,-44.40103149,9.00752449,3.130676746,-11.01078129,6.871097565,-0.353817046,-0.028209187,-0.023842892,1.38049829,0.225946262,-0.190954655,0.19642958,0.653357744,-0.112001196,-0.569885433,0.054380652,-0.221038491,0
Man00601.wav,124.1860845,523.2511306,493.8833013,502.5162293,505.4272762,455.0972223,-0.046031635,0.1267776,-0.00037244,2020.332813,8.384234616,5.519325218,9.589236034,105.8148422,-11.91620827,61.88124847,-24.66261482,-90.93325043,-14.17948246,37.41377258,-43.8751297,3.436271667,14.24595642,-27.49993896,14.32971478,-0.80154568,0.329474211,-0.016700618,-0.032881603,0.128742695,-0.34490639,0.084845297,0.038619358,0.081115693,0.098891981,-0.084602855,-0.029600769,0
Man00602.wav,174.6141157,460.809414,228.747826,249.8109744,251.2581146,271.4312191,0.791577096,0.19630139,-8.05E-05,2254.004105,6.150540132,8.867591945,15.84547288,57.66435623,-18.63626099,-0.230707616,-45.36805344,-43.14142227,-6.64370203,14.16172791,-43.21028137,8.876508713,-8.773075104,-9.012907028,-2.335633755,-0.743224919,-0.120926574,-0.021743206,-0.290098429,-0.238476411,0.10397312,-0.120299757,0.231710047,0.132264659,-0.145424739,-0.02564897,-0.155217126,0
Man00603.wav,73.84148765,173.6084124,145.9866917,157.3710526,171.6143497,153.6301499,0.096513065,0.15172485,-0.000559457,2404.156988,-1.10004846,16.54437256,11.97765397,80.57670593,-3.281827211,13.97705746,9.784248352,-41.36388779,0.255910128,-1.391101241,-39.47578049,6.402762413,-1.725807548,-0.221117884,-19.68344116,-0.029698007,0.088407017,0.108317554,-0.166604713,-0.130155951,-0.061103582,0.005808956,0.146628946,0.028824441,0.284362614,0.052677918,0.122311682,0
Man00604.wav,325.8414615,403.481779,401.157895,401.157895,401.157895,397.659382,0.006664902,0.23818035,3.34E-05,3401.107634,18.72867262,8.534891015,9.783908258,23.74804688,-22.59150887,29.24815559,-25.01269913,-18.07864952,-0.375696599,3.988497019,-15.93647099,1.49604404,4.060123444,-4.573769569,-10.61474037,-0.717709959,0.125374749,0.329520822,-0.415635169,-0.234466583,0.236405551,0.165725961,-0.029651379,0.293422163,0.567128241,0.163575351,0.053084634,0
Man00605.wav,132.332754,237.1560803,223.8455323,234.4321104,235.7901618,219.2871032,-0.191845865,0.16810657,-0.000350458,1359.667181,-4.325813112,6.332594342,14.45955294,126.8470917,24.90042686,5.755844593,-67.06045532,-23.79102325,-14.56970596,10.94526768,-52.62316513,-4.313951969,-12.69395447,-43.24152756,1.987229586,0.083042458,0.161138505,0.286035746,0.348418683,-0.044932347,0.012394961,-0.301801205,-0.194354236,0.026702976,0.085037649,-0.003244401,-0.181499168,0
Man00606.wav,86.80420621,229.0776736,159.6607331,223.8455323,225.1422562,190.0075985,-2.783462258,0.1502392,0.000124439,1635.915249,32.12662434,9.491257342,10.58052956,119.5346603,26.93878365,4.268436432,-19.36052513,-36.22676468,12.42319202,30.3397541,-45.14905167,6.637456417,-24.41293144,-17.59712219,-10.77640915,-1.557891607,-0.09735357,-0.717377603,0.641417086,-1.023845553,0.083411902,0.462541997,-1.05898869,0.387772202,-0.58048892,-0.208842278,-0.533743203,0
Man00607.wav,84.33305896,251.2581146,84.8215954,249.8109744,251.2581146,199.4102679,-0.804277164,0.2044304,0.000186585,3113.473473,0.127379136,19.66947577,11.39675287,24.31305695,-23.71205711,60.70558167,-15.86636353,-17.50018883,-36.03774261,23.60163498,-45.36421204,7.203377724,-23.58316612,4.196495056,-10.9080925,0.110220343,0.05604279,-0.370408058,-0.161372319,0.166553319,-0.008674594,0.003087441,0.195492059,-0.309079438,0.156796366,-0.044377938,-0.137841895,0
Man00608.wav,67.71294273,136.2103996,133.0993498,134.6458898,135.4258855,132.840703,0.528066903,0.17752723,-0.000554578,2325.851095,5.863256294,17.68532947,12.15255633,78.27735901,22.885849,26.12256622,1.340883136,-50.92303848,6.953230858,10.85838032,-32.39551926,-1.492112994,-21.01735306,-22.18327522,-26.45571899,-0.548659921,0.47436887,0.472915173,0.044543922,0.461631089,-0.559596717,0.269701183,-0.061896265,-0.412808239,0.107874058,0.226427659,-0.09665592,0
Man00609.wav,113.223246,291.9733833,218.7328932,220,261.6255653,228.8938212,-1.664151085,0.1610986,-0.000768377,2757.284152,-24.49824105,12.08800309,11.0304431,50.12557983,-18.56727028,-5.830796242,-55.84882355,-10.83853912,11.08095741,1.011362195,-32.05719757,29.10505867,-5.670066357,9.625888824,5.656732082,2.25373745,0.489848763,-0.370826304,0.405713916,-0.231815234,-1.120225549,-0.209941179,0.273304373,-0.694169641,0.197096065,-0.39795512,0.05621805,0
Man00610.wav,212.5059924,285.304702,242.6993409,245.5193714,277.182631,255.6322805,0.272193539,0.1954245,-0.000727603,2273.372157,6.909661277,9.008345022,17.10504476,71.08748627,-20.11808968,6.700223446,26.97805405,-35.17423248,2.496468306,-28.98927307,-21.80777931,22.25281715,-10.26093292,-25.62099266,6.883989334,-0.466262758,-0.095115922,0.102934323,0.429383546,-0.017482063,-0.251921207,-0.180311874,0.074976012,-0.087752379,0.02794705,-0.12888217,-0.177135259,0
Man00611.wav,115.2023535,471.5803235,130.8127827,130.8127827,466.1637615,238.8008954,2.99980182,0.17328666,-0.000227312,3140.84284,6.304192319,19.88973478,11.4387684,57.29590607,-7.810565472,-35.13890457,-13.80417538,-29.14882469,-16.48254776,6.631921291,-33.56903458,0.612225115,-10.04794312,16.13101387,-9.668167114,0.119034268,0.774454594,-0.268738866,0.58492142,-0.375206828,0.532727599,-0.112367108,-0.110188738,-0.09546715,-0.62150979,-0.042770687,-0.325409234,0
Man00612.wav,244.1052839,622.2539674,245.5193714,615.106771,615.106771,456.2913923,-0.113487839,0.27332002,-0.000768539,2289.807475,5.435707198,5.963547864,21.09216289,43.1540184,0.766893923,13.85041332,-19.85121346,-45.17210007,-14.82278347,13.61868095,-39.91780472,1.712376714,0.729449749,-1.182562709,10.15206814,-0.201740071,-0.244836569,0.331422329,-0.01124276,-0.109714426,-0.022681935,0.098470248,-0.06745179,0.072907336,-0.110476337,-0.04059393,0.028572641,0
Man00613.wav,104.4276333,408.1700115,238.5299115,251.2581146,270.8517709,235.943671,-0.22348406,0.25305465,-0.000119416,2707.623591,11.33173197,12.3590235,13.06861695,56.14101028,-22.12998962,0.498740286,-23.41789818,8.070333481,-2.238106489,8.079140663,-27.28210831,10.3266964,-13.69039345,-4.513913631,-1.548910618,-0.346824408,0.057738129,0.01572551,-0.090336837,0.387100309,-0.022021476,-0.248330012,-0.286004037,0.43578589,-0.207043186,0.04525727,0.110615268,0
Man00614.wav,237.1560803,304.0208336,249.8109744,251.2581146,297.0769882,262.4198541,0.397159708,0.22349614,-9.15E-05,3011.753525,-1.8275063,11.63144813,9.019482143,57.89249802,-15.02151775,-2.634629726,-17.18851852,-4.017808437,-7.442287922,8.050394058,-30.49999046,-8.92768383,-17.0564537,-1.70234704,-8.610941887,0.161479309,-0.113815598,-0.042329248,-0.138614818,-0.156043559,0.124861032,0.308324695,0.180340543,0.039868165,0.03134146,-0.05695051,-0.086420968,0
Man00615.wav,177.6663167,466.1637615,179.7306999,182.8723372,434.946169,269.5967922,0.494966037,0.19168895,-0.000413935,2272.949757,-4.563278078,9.644980603,14.36879882,62.34664917,-23.00473785,19.25510406,-25.43894196,-4.849009991,-21.97874069,23.0597229,-46.54927826,-4.084526062,-16.6362896,-23.54576874,-14.81305027,-0.009839516,0.253753453,-0.191123918,-0.131343514,-0.02827378,0.009069478,-0.06332399,0.268682152,-0.176237077,-0.080261849,-0.028130798,0.170471594,0
Man00616.wav,251.2581146,783.990872,252.7136381,504.9994514,761.6721737,508.9631067,0.020845063,0.1655004,-0.001332214,2618.737978,0.673939265,6.994061568,13.3432651,44.46104431,-11.9823637,7.086256504,-30.70695877,-60.68293762,-24.56571007,9.217720985,-20.76117706,-8.821862221,19.254179,-25.75918579,7.313031673,-0.468467534,-0.374554783,0.19887042,0.057269845,0.116497591,0.464200705,-0.336512744,0.03144034,-0.135112509,-0.045268834,0.23210302,0.187925145,0
Man00617.wav,248.3721691,505.4272762,482.6029911,505.4272762,505.4272762,447.9970286,-0.09905973,0.3149358,-0.001402362,2712.426013,3.830108206,6.163471413,15.48991256,54.88790512,-14.93382835,10.20183659,-4.065873623,-3.400678158,-6.053568363,6.470932961,-7.8560462,5.898380756,-11.59878635,0.103935316,3.90054512,0.072088517,0.526279032,-0.224724829,-0.196952879,-0.032500263,0.107423313,0.221197739,-0.068747148,0.104327917,-0.145061374,0.005767341,0.149101406,0
Man00618.wav,183.9317058,640.4874005,183.9317058,184.9972114,633.1307752,315.2344908,-0.136728912,0.23907512,-0.002190127,3714.612524,-8.83467717,15.79448923,11.07359542,15.40072823,-20.35167313,5.95088768,-14.51499271,-28.53193092,-7.296441555,6.344985485,-5.833164692,18.55529594,8.688861847,2.424536467,-11.71374512,0.382837623,-0.120414019,-0.080048159,-0.14081575,-0.561857343,0.05945266,0.640781343,-0.370547116,0.25421235,0.010971819,-0.049906332,-0.539337218,0
Man00619.wav,216.2205317,261.6255653,230.404707,251.2581146,258.6205394,244.0666962,-0.233757147,0.15577269,-0.000706491,2076.743569,-7.345223097,8.449568822,16.34324593,60.4983902,-36.72152328,2.495738268,-12.57752228,-7.595356464,-32.60092926,9.962309837,-44.29278564,-15.08858871,-7.321845531,4.45961237,-10.95294952,0.409088939,0.218681499,-0.130857423,-0.073969439,-0.095086768,0.041704632,0.352486968,0.041846976,-0.396327347,0.311716586,-0.120123975,-0.034883127,0
Man00620.wav,124.1860845,133.0993498,124.9054872,128.9378835,131.5705734,128.5573605,-0.087478998,0.16792862,-0.001010963,2717.715133,6.367675419,21.17551144,10.69950131,66.14744568,8.755594254,2.460916758,9.890937805,-38.19832611,-17.44924927,14.29450417,-53.08947372,-18.22640038,10.33334637,-8.488105774,-21.3170414,-0.048957888,0.190588653,-0.098098733,0.461735398,-0.207652286,-0.339399844,-0.070097603,-0.311281353,0.289685279,-0.273400426,0.547393739,-0.383168221,0
Man00621.wav,114.5388368,618.6700483,115.2023535,152.0104168,152.8910042,200.8255344,0.560900518,0.16667339,-0.000902306,2887.217649,-0.313952036,19.37749819,13.39683971,82.35545349,37.52088928,-14.51007652,-2.614299297,-35.00543976,-16.8413887,40.27219391,-29.29691505,3.041306496,-0.710797429,20.65538597,-10.60137558,0.398617029,-0.276723325,-0.174029574,0.21573776,-0.091769658,0.421567202,-0.161125764,-0.314238966,-0.028769562,-0.178363219,-0.409453928,-0.423942447,0
Man00622.wav,133.8703865,714.7821088,252.7136381,252.7136381,267.740773,348.6918312,0.972251137,0.21193579,0.00014049,2525.400343,-3.277080481,9.074014575,11.47793472,78.4491272,10.57493973,5.384015083,-37.78953934,-20.44229126,-7.178487778,35.99948502,-59.37375259,27.22217369,7.471670151,-2.856831551,1.599168181,0.438204378,-0.25733009,-0.399886936,0.379995078,0.23190324,-0.07173562,0.083156943,0.260975331,-0.00500924,0.205794841,0.237639636,-0.182838067,0
Man00623.wav,217.4730845,270.8517709,229.0776736,248.3721691,249.8109744,242.1914684,-0.2557206,0.23790228,-0.000968352,2792.680119,4.577441606,11.64758276,16.51199272,47.7052803,-0.391418844,0.667800367,-8.392223358,-29.28951454,-2.961581469,5.4788661,-45.01437378,10.05421448,-20.71329308,-1.0405792,-0.030716291,0.045664258,0.241655052,0.100321837,0.302905619,-0.243308797,-0.157379538,0.26084888,-0.015999284,-0.013275399,-0.271037936,0.055194426,0.051317379,0
Man00624.wav,141.013849,263.1411468,211.2820479,230.404707,233.0818808,227.9113851,0.572786013,0.18711929,2.37E-05,3691.624145,7.081702157,16.27741974,12.75234964,8.107039452,-4.747410297,-18.9404583,-51.92422867,-34.96800613,2.983186483,6.814901352,-50.80006409,35.10550308,-25.20075417,0.806912661,1.836311698,-0.52262193,-0.078574337,-0.163767472,-0.136668965,0.141264215,-0.06742654,0.098851807,0.027605494,0.005670329,-0.109656572,-0.172544107,-0.100534976,0
Man00625.wav,87.30705786,152.0104168,146.832384,146.832384,146.832384,141.9077074,-0.415278499,0.21218902,-0.00050851,3741.481354,17.41886607,26.34555921,14.51383144,33.37242889,28.17368317,29.12557983,20.50478554,-38.79019547,-5.217511177,24.38630295,-37.95650482,-0.795868337,-16.19749451,-9.659202576,-23.0371666,-0.762364328,0.276071906,-0.309532195,0.077907264,-0.788618028,0.305934757,0.107420176,-0.399700731,-0.153916746,0.007854806,-0.266934633,-0.118320972,0
Man00626.wav,145.1458702,440,145.9866917,434.946169,437.4657865,351.4517848,5.388092307,0.21084924,-0.000477338,3844.134752,7.397354991,13.70909328,12.72820305,28.62611961,21.31648636,-5.643641949,-10.42673492,-1.334685326,-13.31591511,3.171673059,-30.79328918,-1.189952016,-16.32578087,10.713624,-11.11161041,-0.006778433,1.035320282,0.12880291,-0.047763944,0.425195307,-0.342996269,0.016110769,0.117576033,0.325793117,0.286320269,0.042928904,0.049978685,0
Man00627.wav,216.2205317,246.9416506,245.5193714,245.5193714,246.9416506,243.1085256,-0.138904972,0.25157523,-0.001115604,1868.38815,-5.398558308,7.681062631,18.07531762,76.05947113,-22.29408836,6.004221439,-2.884951591,-17.24214172,-5.112463474,14.37999725,-36.10360336,1.295225024,-6.279573917,7.123124599,-1.20004034,0.492382318,0.151606321,-0.11058192,-0.163241297,0.014113744,0.202154249,0.066744201,0.173276678,0.069401324,0.010733367,-0.015621048,0.088330455,0
Man00628.wav,227.7582832,372.1377786,235.1130915,249.8109744,323.9647528,281.118457,1.331408185,0.19153215,-0.000438492,2172.222817,3.742216414,7.896197803,16.70724052,81.66876984,-10.43049335,-26.48276711,-8.907011986,-65.81045532,2.405862808,8.736515045,-45.7906723,4.034763336,-18.4070034,6.202528954,-14.76252937,-0.093523793,0.000846618,0.023483705,0.031050442,-0.005825522,0.206095636,-0.08621566,-0.020965556,-0.06382639,0.044943642,-0.041514497,-0.036512014,0
Man00629.wav,,,,,,,,,,,,,,,,,,,,,,,,,,,,,,,,,,,,,,0
Man00630.wav,122.0526419,263.1411468,234.4321104,245.5193714,248.3721691,236.2866014,1.036104231,0.1496289,0.000394415,2583.899596,0.680905836,10.99637863,17.47081111,38.83124924,40.63963318,31.15079498,8.604717255,-7.542617321,16.9605217,16.98475838,-37.8413887,7.720713615,-4.734218597,-9.986869812,10.46030235,-0.122214749,0.102493808,-0.294063538,-0.276024222,0.071269885,0.020962339,-0.040025722,0.424446642,0.158067435,0.107754171,-0.002103043,0.158927411,0
Man00631.wav,207.6523488,230.404707,217.4730845,225.1422562,229.0776736,223.0402748,-0.148432873,0.21298063,-0.00128495,2443.906653,0.76533,10.95961307,13.94665037,50.65127182,-34.83624268,15.06589794,-44.25393295,-32.36473846,4.209684372,6.08494091,-41.31151581,17.45573997,-10.73216915,-0.333433121,-5.307169914,-0.09388078,0.230968237,0.133946136,-0.364794314,-0.118438795,0.290806055,0.059839718,-0.42884779,0.211123139,-0.172077909,-0.064866178,-0.076217853,0
Man00632.wav,216.2205317,222.5562769,220,221.274447,221.274447,220.6969046,0.009338575,0.1870606,-4.94E-05,3163.672217,-13.14505571,14.33775686,13.17244909,34.50443268,16.0568924,4.884837627,-38.15485001,-33.59988785,-8.59570694,22.80107307,-59.95169449,18.48119736,-18.97451401,-6.35671711,4.922353268,0.756606042,0.301467299,-0.50492698,-0.74424535,-0.08818686,0.499413103,0.22096768,-0.076684169,-0.248269171,0.102039523,0.184742972,0.319778442,0
Man00633.wav,227.7582832,429.9503861,230.404707,415.3046976,422.5640958,341.149721,0.246376395,0.20154937,-0.000687072,2499.137169,9.370954249,7.611709412,16.85479132,53.07575607,-18.18471527,-2.021105766,-35.31934357,-15.28880405,-5.514933109,13.15659428,-40.11473846,17.97541809,-6.065700531,-9.699875832,-12.30919933,-0.579870045,0.326720357,0.016420772,-0.326452821,-0.167210475,0.11744082,0.181954622,-0.268435657,0.200193614,-0.121015474,-0.322291851,0.172201797,0
Man00634.wav,229.0776736,258.6205394,231.0720675,255.6500291,256.3905119,248.1518373,0.603813051,0.13733725,-0.002038439,2214.723594,38.40970882,8.88923947,16.78578453,82.76030731,-16.75096321,-13.54287815,-36.33421707,-24.07312012,12.55452156,13.9721489,-72.88082123,25.10650826,-24.84882736,-0.476189464,-6.494944572,-2.5543437,-0.28311649,0.281468749,0.466893166,0.206484362,0.183286622,-0.500459075,0.758426666,-0.643721819,0.529428184,0.014205344,0.219023019,0
Man00635.wav,249.8109744,267.740773,249.8109744,251.2581146,266.1986996,255.2584931,0.109333692,0.22231664,-0.000631541,3567.387799,-5.258140591,13.98342021,14.23587541,8.687635422,7.978916168,5.382692814,-30.78640366,-31.28704834,-3.290006161,13.94567394,-26.05148697,2.719263315,-10.48441029,-2.581899881,-14.62973976,0.295335948,-0.276505113,-0.138739333,0.055822473,-0.171520129,0.008082846,0.418950766,0.046363723,-0.008176306,-0.112285294,-0.007355394,0.123502716,0
Man00636.wav,57.60117676,437.4657865,115.2023535,119.9558506,136.2103996,176.8261878,0.162501658,0.09670672,-1.77E-05,2509.366377,-5.19003226,21.55172875,12.23351701,86.10022736,24.81426048,0.802762806,-2.147639036,-27.66214752,-1.369511485,24.28229904,-51.76901245,-1.844280124,4.705427647,-0.675394535,1.413403749,0.180803508,-0.470753551,-0.098699689,0.403894752,0.432688177,0.16342099,-0.127161548,0.001232425,-0.033085633,-0.083435081,0.351752132,0.055207103,0
Man00637.wav,249.8109744,1028.523979,249.8109744,251.2581146,1005.032459,552.9468534,1.505924177,0.25251755,0.001093981,3574.809846,-3.298342048,9.702686759,7.379148246,24.58716965,-7.961846352,18.8286972,-4.038295746,-5.663817406,2.577896118,20.34978485,-8.663132668,-4.860739708,-19.53665924,-6.810145855,-10.21635628,0.196987197,-0.94992584,-0.564341784,-0.176988646,0.030769056,-0.394215584,-0.21544975,0.159428,-0.390458971,-0.465895087,-0.1237102,0.11419037,0
Man00638.wav,85.80717486,251.2581146,223.8455323,251.2581146,251.2581146,234.0001947,-0.000457487,0.24777533,-0.000336046,2402.074719,3.243810167,10.38255537,15.91147349,58.12932968,-1.59903872,20.60700035,-27.69429779,-30.2510128,-1.835537314,24.09081841,-32.71224213,10.19943905,-12.6523571,2.368993282,-13.80354691,-0.060427781,-0.094513662,-0.125638485,0.216734946,0.032946359,-0.101867624,-0.11386212,0.228143021,-0.220226765,-0.013291416,-0.008652383,0.005338091,0
Man00639.wav,231.7394279,246.9416506,239.9117012,241.3014955,241.3014955,241.6144187,0.128419071,0.24020463,-0.000540488,2693.658868,-2.461011921,11.14802529,16.35238515,100.9699097,32.01280594,-13.32901382,-4.927834988,-36.26948166,18.22382736,11.29096317,-22.778862,16.84236145,-29.56016922,3.906532049,-7.611557007,0.068016618,-0.048286811,0.014361303,0.17904,-0.551574409,0.36240086,-0.052783512,-0.414813012,0.087409787,-0.216927543,-0.002134398,-0.136665821,0
Man00640.wav,245.5193714,331.5370699,248.3721691,252.7136381,260.1187129,256.5765597,-0.48202326,0.17334436,-0.000240198,2747.620432,2.282204185,10.79377096,15.88870361,31.46479225,-0.684397876,-0.436609447,-37.43048859,-52.21233749,-1.471742392,25.30828857,-48.42700958,1.607625365,-3.187886477,-18.95230675,11.34658241,0.025177959,0.136269704,-0.073177882,0.216792017,-0.380931079,-0.06360691,0.170297638,-0.047041237,0.080872543,-0.09461537,-0.270303547,0.143865392,0
Man00641.wav,105.641024,124.1860845,111.9227661,115.869714,121.3496704,116.2800162,0.061899745,0.15861228,-0.00012294,1930.851238,-1.583088611,16.64154947,6.798776087,119.0666275,12.78627968,14.46650124,40.65975571,-40.32705688,-11.32131481,8.38125515,-34.56098175,16.65348053,-15.13215065,-8.392846107,-15.8844986,-0.054140262,0.523394048,-0.129317313,-0.56707871,-0.410154372,0.384208441,-0.184793025,-0.002692447,0.069045179,-0.170084611,0.015435648,-0.024982637,0
Man00642.wav,246.9416506,357.3910544,248.3721691,248.3721691,299.6633971,275.6576452,0.927420103,0.21832636,-7.71E-05,2456.341367,1.161536514,8.999844162,21.66624568,46.5027504,3.003082991,-5.188292503,-32.22759247,-25.37808037,-4.117771149,11.79244995,-38.45603943,18.70008278,-1.761735678,3.987858534,-3.22579217,-0.266173095,-0.404264778,0.413175881,0.067011051,-0.184104025,-0.252366483,0.301260173,-0.142622724,0.24183701,-0.207620829,0.131465703,-0.103131525,0
Man00643.wav,103.8261744,249.8109744,248.3721691,249.8109744,249.8109744,243.6674684,-1.478700755,0.22312623,-6.61E-07,2464.711233,-7.445727932,10.12554275,17.97966961,44.4523468,-15.55405903,3.33724618,-34.61348343,-44.84887695,2.557702541,23.44486427,-28.85431099,14.78477192,-26.87629509,8.690568924,-10.55243492,0.542570233,-0.140015513,0.478146762,0.198123723,0.120143063,0.07496047,0.092337765,0.124748096,0.082029551,0.001578989,0.099428177,-0.042739198,0
Man00644.wav,138.5913155,277.182631,242.6993409,270.8517709,270.8517709,253.427527,0.314046488,0.21811326,-0.000422281,1917.371946,0.818302322,7.818237704,18.2120097,83.68578339,-26.64088821,21.39318085,-48.26036453,-18.42041588,2.404419184,19.99644279,-43.06188583,9.414841652,-11.18822098,-23.11808014,5.204339027,-0.080065489,0.061173368,-0.031493761,0.238624766,0.132703349,-0.263198346,0.225436181,0.042829331,-0.067313857,-0.097157009,-0.159479931,-0.188080877,0
Man00645.wav,73.41619198,149.3989688,146.832384,146.832384,146.832384,133.1111251,0.127139742,0.23336743,-0.000127076,1756.293484,0.94311647,14.35761776,16.13585811,123.7183151,-3.786961079,-10.82907009,17.51221275,-18.57221413,-6.676259995,-9.336643219,-21.31684303,2.478799582,1.694738865,-11.18401623,0.709083796,-0.036694162,0.081775062,0.131603792,0.001400562,-0.274317235,-0.128331587,0.168381348,-0.121689282,0.237750381,0.015676716,-0.049194433,-0.201820329,0
Man00646.wav,218.7328932,251.2581146,248.3721691,249.8109744,249.8109744,247.1902948,0.148419894,0.17628002,-0.000371801,2567.942863,6.103790857,10.37409351,18.58865623,31.10183716,-20.10355568,12.41090488,-18.89518356,-28.45503426,0.680783153,10.42487812,-32.55429459,-14.06017971,4.73547411,-10.75821018,-10.70146275,-0.331990153,0.14193885,0.160218865,0.071038499,-0.057345901,0.106930114,0.064483605,0.055838577,-0.079999432,0.1813256,0.028418157,-0.15457949,0
Man00647.wav,66.93519325,437.4657865,68.89654412,69.29565774,133.4848682,124.4999761,0.038914453,0.099846885,-0.000792864,2049.019366,0.670826446,24.2636745,7.22905575,123.5567551,9.350838661,7.787745476,-1.311531901,-72.25366974,6.694892406,42.6087265,-35.43137741,-1.530378103,-10.74149132,-4.10434866,-1.625873923,0.421175152,0.377272993,-0.222350597,0.333864421,0.600272119,0.005705716,-0.236525849,-0.465102583,-0.133249477,-0.008893304,0.090158582,-0.279206246,0
Man00648.wav,127.8250146,594.1539763,193.7464922,212.5059924,235.1189805,248.2868122,7.122762528,0.17939392,-0.000824915,1854.373228,7.419958424,8.291849004,8.471346627,109.863266,-3.990353584,10.44629478,-34.58467484,-33.82899475,3.197606802,18.10630798,-54.60774994,0.383685052,-4.458355427,-7.803253174,9.055953979,-0.457028061,0.133897439,-0.021247838,-0.378818393,0.417467266,0.381938607,0.077363543,-0.491031528,-0.015159554,-0.366742015,0.087309189,0.339935362,0
Man00649.wav,222.5562769,235.7901618,225.1422562,227.7582832,230.404707,228.7020152,-0.12544884,0.19352734,-0.002422558,2192.056035,-13.06518919,9.597106561,12.24061984,69.3238678,-29.90418434,-4.628898621,-42.80102921,-47.60945892,-16.47084999,16.06324577,-40.41604233,12.73679066,-16.28764725,-0.250037998,-13.66932297,0.604012191,1.195353985,-0.015295614,-0.955215871,0.157593578,0.728396475,-0.153877899,-0.017498616,0.063374557,-0.252012402,-0.734755278,-0.084955692,0
Man00650.wav,207.6523488,245.5193714,241.3014955,242.6993409,244.1052839,238.8252101,-0.116407894,0.14085019,-0.000338786,2265.312007,0.809193618,9.473576643,12.22760882,81.48685455,-53.51849747,5.321835995,-6.119730473,-57.02277756,8.517345428,3.108751535,-49.53968811,4.150470257,-23.57570267,1.569796205,-9.156970024,-0.083002493,-0.255896956,0.403620154,-0.109914981,-0.296589255,0.062983304,-0.379837394,0.022604376,0.147879019,0.285053432,-0.038902093,0.160451278,0
Man00651.wav,230.404707,508.3551866,233.0818808,238.5299115,241.3014955,300.1581241,0.010362886,0.2741065,-0.000134697,2410.637754,-0.947978726,9.036256014,17.77548662,53.99899292,10.21135807,7.781984329,-8.039464951,-64.13860321,-6.127152443,3.09323597,-30.78489304,-6.958193779,-18.13989449,-14.55468369,-12.3331728,-0.005533806,0.096014231,0.185019031,-0.072428472,0.023064217,-0.088367403,-0.050715271,-0.042681143,0.038148947,-0.053049572,0.024069559,-0.097110942,0
Man00652.wav,114.5388368,547.9978338,535.481546,544.8415986,547.9978338,458.7978004,0.026924722,0.17839396,6.69E-07,2699.312648,0.229618412,7.944964318,16.1895601,37.02899933,0.96222502,27.15630531,-11.49066544,-31.37174225,-9.868460655,5.592559338,-37.1632309,-0.780180514,5.780376911,-6.394244671,27.51209259,0.035983872,0.011003327,-0.312722147,0.212003559,0.192694917,-0.132305548,-0.023144074,-0.127448395,-0.030629056,0.035967808,-0.036751386,-0.004962657,0
Man00653.wav,245.5193714,369.9944227,261.6255653,347.2168248,365.7446743,328.4418893,-1.639774356,0.19620474,-0.000508463,1994.403011,-4.303190734,6.310397949,12.06959248,83.00858307,-53.61218262,4.280505657,-48.71240234,-40.55198288,1.911166072,18.87359428,-35.18081665,24.20031738,1.143992543,-5.570337772,3.054051399,0.498944283,-0.066032566,0.021496028,0.12366759,0.102501333,0.311508507,-0.122452602,-0.009257899,0.006245334,-0.070831455,0.12482854,0.478856951,0
Man00654.wav,124.1860845,174.6141157,136.2103996,136.2103996,152.0104168,141.8214475,0.119461906,0.15265258,-0.000120382,2381.735964,1.286062902,16.96293388,11.32526022,79.67987823,-7.566689968,12.6532526,-20.51612854,-26.62777519,-1.098613501,17.37150955,-42.05383682,3.713722467,6.727089405,-3.522135973,12.2091713,-0.309522897,0.19263202,0.20531176,-0.268790245,0.051483367,0.412545055,-0.303506017,0.008502056,0.047020968,0.058845643,0.057098147,-0.19747667,0
Man00655.wav,249.8109744,251.2581146,249.8109744,249.8109744,249.8109744,249.8725548,-0.005131703,0.11031342,-0.000855464,1481.717624,-4.296703818,5.929933192,23.01178163,104.2862167,9.942227364,-13.21529293,-52.11632538,-13.14330959,-46.83411407,32.86528778,-22.73361397,-4.897099972,1.135244489,11.9391222,18.64229393,-0.233573958,-0.552983463,-0.130773336,0.083383434,-0.255002499,-0.204159364,-0.446308553,-0.109613501,-0.440339476,0.156336606,-0.132368416,-0.401820451,0
Man00656.wav,204.0850057,269.2917795,207.6523488,223.8455323,263.1411468,232.6578238,-0.419200925,0.24155778,-0.001171968,2399.627135,-2.423212038,10.38343105,13.69868928,53.00698853,-28.24801636,0.811563075,-33.05272675,-30.52760696,-23.27367783,6.418833256,-52.11946869,14.59964657,-7.29325819,-3.827190399,9.93020153,0.038467173,-0.04752716,0.074201249,-0.055524718,0.009750903,0.312286198,0.210666671,-0.400903821,-0.339491218,-0.228697971,0.072069228,0.04414691,0
Man00657.wav,66.16637698,201.7408895,66.16637698,197.1331212,198.2751018,159.1614969,-0.053132974,0.08484293,-0.000868356,4308.331072,21.25473375,31.99563621,9.447175945,31.81403351,36.90206146,-41.76063538,-17.41177368,-13.23700809,-38.70475006,16.19202805,-55.86318588,5.405910969,-1.155253768,15.03596878,-1.470704675,0.163991407,1.294860005,0.059539419,0.176040471,-1.02450335,0.644174099,0.125609502,0.077293128,-0.293753058,-0.492428184,0.723572314,0.371159852,0
Man00658.wav,216.2205317,245.5193714,220,244.1052839,244.1052839,233.4419923,-0.117174054,0.12566696,-0.000112623,3258.856652,-11.9979775,13.97961441,13.16387908,17.43795204,13.57703114,14.32862759,-24.34124565,-33.58871841,4.361032009,2.620257139,-45.73279572,-8.338758469,-1.877169371,-10.72819042,-13.47612953,-0.050379865,0.883788645,0.261979103,-0.098486878,0.02184619,0.40545252,-0.158153147,0.283578068,0.172758088,-0.781416357,0.258529276,0.070427373,0
Man00659.wav,124.9054872,251.2581146,249.8109744,249.8109744,249.8109744,241.6173679,-0.004915111,0.22550619,-0.000284237,2636.176041,-3.383167309,11.2682095,15.21064541,41.03064728,6.282281399,40.49138641,-29.17935944,-23.32071686,-24.94652367,15.98513508,-23.39883423,23.64440918,-15.5421133,0.055141177,-17.99663162,0.155293196,-0.022906989,0.237245843,0.238472775,0.343879074,-0.355628312,0.032929312,0.110498592,-0.42809391,-0.065944478,0.028580612,-0.134169146,0
Man00660.wav,221.274447,258.6205394,237.1560803,255.6500291,257.1309947,247.4914077,-0.093894397,0.17457233,-0.000321113,2116.320209,-3.317008168,8.58879809,15.58589508,75.94036865,-16.25858879,-24.1677475,-41.2127533,-22.08217049,3.771122694,-4.975421429,-63.67492294,9.74213028,-24.05745888,-0.571075618,8.524874687,0.010391623,-0.036328401,0.058135867,0.206516355,0.268039584,-0.156598836,0.196428597,0.20523113,-0.491699815,-0.067174502,0.057703126,-0.165011585,0
Man00661.wav,488.2105677,590.7319012,559.2519467,582.2651237,587.3295358,563.1649098,0.716043286,0.16072118,0.001406087,3567.942412,49.04574747,6.346774514,5.170944247,33.65414429,29.99790382,20.29633904,0.266476095,-40.54063034,-12.07734585,6.610943317,-54.8359108,9.173665047,17.89331627,8.877479553,9.037831306,-0.909047782,-0.684255242,-1.476392746,-0.194424674,0.460565358,0.993419766,-0.111443557,-0.671865582,0.157074749,-0.233707666,0.307664573,0.799920678,0
Man00662.wav,100.2894737,135.4258855,130.8127827,130.8127827,131.5705734,130.1395407,-0.268683162,0.18221262,-0.000163904,2975.467891,-17.32022683,22.71131734,6.181043176,57.12319946,-6.492369652,24.8751545,-18.26696205,-43.57606888,15.40966034,24.22926331,-11.74416828,11.17569351,-17.51282692,-7.066804886,6.557214737,1.094409466,0.392509133,-0.69471103,0.112722859,0.641364515,-0.326033533,0.281177849,-0.224074185,-0.076796055,0.093522429,0.37502104,0.417622626,0
Man00663.wav,93.03444465,249.8109744,241.3014955,248.3721691,248.3721691,229.1957116,-0.406183714,0.16202572,-0.000396534,2259.191617,5.096748098,10.65065614,17.02564893,79.03184509,15.92361259,12.77429676,3.221359015,-35.53657913,-4.816285133,26.76632881,-34.88269806,12.81228924,-14.30014133,-11.14842129,-5.575399876,-0.310718,-0.721352696,0.056001969,0.11150156,-0.031641375,-0.153669447,0.144074932,0.317348629,0.042547625,0.035766263,0.029019654,0.027871607,0
Man00664.wav,200.5789475,211.2820479,202.9095626,204.0850057,205.2672581,204.1690741,0.249857927,0.12270506,-0.000134144,1276.026522,8.677867484,6.236794097,14.60545998,114.6010666,56.93863678,32.42473984,-27.51021767,-47.57388687,-2.856960535,16.72008324,-50.75877762,24.07645226,-5.486508369,-23.61651802,-15.86165142,0.165196866,-0.958206177,-0.322752714,-0.02009202,-0.372756124,1.589666605,0.332255542,-0.501340926,0.766005099,-0.091445602,-0.146994472,0.462520093,0
Man00665.wav,222.5562769,252.7136381,224.4938943,251.2581146,251.2581146,243.0956031,-0.247169485,0.19028258,-0.000658976,3975.384435,3.295580143,16.38514085,11.09557833,13.18189907,8.637277603,-5.635301113,-33.40802765,-58.33978653,22.19248581,4.351933002,-28.51388741,1.925717831,-10.95514107,-0.214139655,3.874901772,-0.074488521,0.09578494,-0.035141721,-0.112862542,-0.105141126,0.001239546,-0.003869239,-0.075753585,-0.012829878,0.056857463,0.101362519,-0.040306538,0
Man00666.wav,169.6431908,246.9416506,229.0776736,229.0776736,243.4023124,227.260852,-0.17507807,0.11446931,-0.000259671,1921.389109,4.360255902,8.549320087,14.17041587,100.9249268,22.22181702,23.77796936,-35.03033066,-35.35012436,11.72119904,14.36547184,-46.9291954,30.3202877,-6.325245857,-23.85521698,-0.325265259,0.012760844,0.704509616,-0.459826708,-0.572628677,0.505752802,-0.002750502,-0.1669572,0.310345352,-0.069290042,0.175125033,-0.438581944,0.152187034,0
Man00667.wav,248.3721691,252.7136381,248.3721691,248.3721691,248.3721691,248.6699763,0.007272142,0.19410083,-0.000591841,3323.814272,14.53358084,13.36338712,17.95368424,10.84267712,-12.19937325,-2.446286917,-31.48417854,-41.97966385,2.425788641,10.57219696,-16.94444466,7.320285797,-12.9771204,-0.855282843,-24.17450333,-0.650790751,0.114624493,0.155258745,0.094800361,0.0306194,0.19787316,0.063306287,-0.187402859,0.101896606,-0.153606281,0.045504771,-0.057321593,0
Man00668.wav,408.1700115,821.0690326,816.3400229,821.0690326,821.0690326,798.7884201,-0.022962383,0.1840629,-0.000579602,4431.85093,21.73022973,5.588189082,18.35224495,-7.489242077,43.33602524,-7.431465149,-27.65054703,-40.78118515,-0.38956809,10.60348415,-1.237568855,23.89352608,-1.598552108,-22.20362663,-28.09969139,-0.587590516,-0.123276271,-0.014545032,-0.056939527,-0.067591414,0.021825071,-0.061239343,0.088822909,0.187782243,0.030050931,-0.045704305,-0.114646628,0
Man00669.wav,220,233.0818808,220,221.274447,227.7582832,224.2883147,0.088767433,0.16014387,-0.000446231,2412.581946,6.080589709,10.75520884,15.53373779,49.25642395,-38.84553528,40.0213356,-56.34675217,-12.88582611,-8.084789276,-2.804633856,-60.09315872,13.03983688,-15.95108604,-8.932130814,-2.278779745,-0.187345192,0.793798387,-0.278774321,-0.342423081,-1.331218481,0.75969398,0.995258212,-0.591539979,0.355096608,-0.836378455,-0.467776835,0.345319003,0
Man00670.wav,229.0776736,264.6655079,231.7394279,233.0818808,261.6255653,244.5205862,-0.198864253,0.1646645,-0.000301385,1967.229783,-1.86849794,8.059936822,17.60838424,78.98416901,-42.44465256,35.44291687,-41.54465866,-35.89797974,-24.0573349,18.77039909,-61.03809357,17.10268784,-13.2322979,-23.94846535,0.28699857,-0.081551075,0.180125251,0.007070821,0.206732437,-0.018703898,-0.044419337,0.098068103,0.160681054,0.024086254,-0.135157347,-0.148325965,-0.093933508,0
Man00671.wav,251.2581146,363.63814,275.5861765,277.182631,314.7421051,293.3468,-0.512388244,0.2234347,-0.000261657,2011.024284,1.426229322,6.890110041,15.72315469,78.78483582,3.434822798,-5.269645214,-20.31657028,-56.44346619,-0.326377302,13.59606647,-44.2252655,6.384232998,-2.741544485,-16.35459518,-13.96317768,-0.073989779,0.377963364,0.022003328,-0.055894025,0.116236426,-0.110079251,0.071056075,0.1948715,-0.084187113,0.026851315,-0.062216736,0.087976679,0
Man00672.wav,257.1309947,337.3322358,307.5533855,335.3893451,335.3893451,320.4563598,0.529222068,0.17653902,-0.000617018,2286.977941,-0.63814839,7.166790567,19.00430577,62.27898407,-37.84197235,22.25889587,-7.9757514,-28.66710281,0.78838414,1.841940641,-40.6052475,38.92538834,-17.90711212,9.732552528,-9.233070374,0.091047436,-0.040595956,-0.160557806,0.5071823,0.148603305,0.207736924,-0.20447287,0.122092634,0.066629604,0.257786065,0.031791516,-0.06269034,0
Man00673.wav,95.20902171,117.2160552,99.13755089,100.8704448,115.869714,105.1230112,-0.285036817,0.19277032,-0.000523549,862.2595939,-17.31961456,8.139533134,8.667355729,200.2827911,-9.936684608,27.73943901,-34.79564285,-27.67022324,23.54256058,28.52426338,8.486291885,-2.79614687,2.163244486,-9.212141037,-14.1346817,1.081922531,1.84325707,-1.20933342,-0.055083845,0.419705719,0.832765281,-0.234012738,-0.127647936,0.382768184,-0.349629372,-0.479973376,0.603344679,0
Man00674.wav,41.20344461,280.403338,57.93485698,183.9317058,277.182631,161.9735632,2.944081454,0.16073793,-0.000692457,2327.032058,1.985610236,23.48241032,7.011794715,103.522995,-15.68161869,37.69628525,-53.97278976,-36.71381378,-10.81092834,21.94077492,-58.1220665,22.52083588,-16.99551964,-8.242869377,10.18992805,-0.486189991,-0.135517865,0.41704002,0.738706112,0.802092493,-0.304146498,-0.130063221,-0.024617679,-0.352094084,0.170037851,-0.46646753,0.004133723,0
Man00675.wav,246.9416506,329.6275569,277.182631,285.304702,325.8414615,293.6137329,0.428196061,0.23093185,-0.000333891,2008.453241,4.358849811,6.820556011,16.38322219,66.16542816,-23.25582504,-3.815853834,-21.77829742,-34.3953743,-15.21150589,0.898399293,-53.94441605,6.883284569,2.854670286,-9.295448303,1.409498572,-0.164837673,-0.287335068,0.193008512,-0.002953456,0.140440091,0.076980688,-0.232582241,-0.109723449,0.201998696,-0.143235818,0.242347658,-0.061263923,0
Man00676.wav,117.8950809,625.858648,122.0526419,123.4708253,622.2539674,280.641743,0.046671717,0.13321306,-0.000151383,2451.229326,-0.496486443,14.01396547,12.21852445,74.72632599,-11.33977222,15.44297791,4.594402313,-61.08885574,-1.648645163,24.10348129,-37.10015869,0.484945238,-10.0972662,11.74572086,-8.586891174,0.006300072,-0.166218087,-0.097346008,-0.091240838,0.152096257,-0.008806041,-0.083494715,0.056797847,-0.017855791,-0.01191109,-0.017913777,0.246983811,0
Man00677.wav,66.54967491,415.3046976,218.7328932,230.404707,233.0818808,247.0191202,0.116551282,0.1613742,-0.000658353,1344.880329,5.919843633,5.885883698,11.99464463,149.5858307,2.932092428,13.53562737,-17.23191261,-51.65149307,-11.23845768,19.45006943,-48.95316696,2.091344118,-16.79582024,-8.074453354,-10.6597271,-0.681401193,-0.399317712,0.06173918,-0.004226916,0.380914003,0.175211579,-0.063139834,-0.209197074,0.151514366,-0.040201813,0.030033775,0.107575916,0
Man00678.wav,218.7328932,286.9574553,233.0818808,264.6655079,275.5907739,260.3122316,-0.287927312,0.27416593,0.000235848,2517.948381,0.920024808,9.660863396,17.92166338,51.62664413,-25.16630363,13.24392509,-39.25321198,-6.026770592,-16.27088165,12.08049965,-41.58024216,15.5354414,-1.98802352,-9.887475967,1.254842758,-0.254303187,0.209162921,0.003400411,0.165828675,0.079413116,0.109371595,-0.063954085,-0.017721197,-0.059852727,-0.187581852,-0.037104078,-0.00497672,0
Man00679.wav,100.2894737,206.4563593,101.4547813,195.997718,204.0850057,172.5696563,-0.043199106,0.30719382,-0.000147949,2535.636687,0.071341182,16.35437849,16.52522424,48.46898651,-27.30298805,1.495980263,-44.74964142,-7.51108551,-11.27767086,15.66844463,-15.48660469,4.191604614,-9.112159729,5.454064369,-1.957355976,-7.26E-05,0.155312032,-0.028228384,0.018034738,-0.006881305,0.031820241,0.077362329,0.087340884,-0.062875882,-0.043755528,-0.056142803,-0.123097509,0
Man00680.wav,110,248.3721691,207.6523488,245.5193714,246.9416506,226.5360113,-0.266592242,0.17653173,-0.000534168,2319.604849,-4.513491141,10.60525979,13.74771062,81.09529877,-6.939165592,-6.525030136,-9.655742645,-34.46552277,8.798191071,38.87173462,-48.54348755,11.29262352,-17.73326683,-8.263979912,-5.400238991,0.08016894,-0.369980961,-0.214065,-0.4543446,0.765328169,0.610366344,-0.659022748,0.078238718,0.271485031,0.490930974,-0.179052785,0.199656487,0
Man00681.wav,111.9227661,125.6290573,113.223246,124.9054872,124.9054872,119.5949971,-0.05569561,0.07705914,-0.000181341,2870.365555,-14.42574521,23.71133852,1.956725087,111.2520752,21.84074211,-40.93542099,17.54986382,-36.59916306,15.81290722,3.886849165,-40.38468552,-14.14925766,-15.43857384,12.80954647,-5.534144402,0.555590808,-0.901689649,0.176873252,-0.365251243,-0.219178736,-0.111393854,-0.131504312,-0.461837292,-0.349119633,0.223903611,-0.113508426,0.405643553,0
Man00682.wav,109.3664466,269.2917795,260.1187129,261.6255653,266.1986996,234.7063517,-0.053530667,0.15361963,-8.63E-05,1663.115852,0.896718394,7.60460777,14.41593686,110.3333435,10.77193642,17.69132614,-20.17536926,-54.87192917,10.29377174,33.77749634,-34.71743774,4.454172611,-6.551273823,-10.68433094,-23.39725685,-0.068676755,-0.147562221,-0.020951081,-0.1077336,-0.463801563,-0.090438895,-0.018718587,-0.157481298,-0.028211031,0.121683337,-0.002513577,-0.183806598,0
Man00683.wav,113.8791416,131.5705734,114.5388368,127.0887967,129.3102697,122.3844321,0.017007625,0.09948381,-0.000102129,1818.946466,0.644772265,14.95554425,11.47851834,133.8408051,22.2789135,-32.07769394,-13.49762917,-45.3200798,13.04615402,28.91721153,-76.64355469,12.42940521,6.058995247,4.716409206,-3.74678874,0.018828811,0.13666819,-0.338342905,-0.4914186,-0.134472698,0.230419546,0.130241469,-0.158211663,-0.059017468,0.118485473,0.068866,0.141452298,0
Man00684.wav,204.0850057,468.8642207,229.0776736,229.0776736,257.1309947,264.4522371,3.630798446,0.13870591,0.001054168,2708.228014,11.24135668,10.85129557,12.3788211,52.95019913,-33.09963226,-10.61725616,-20.85389137,-49.96637726,8.671668053,22.56657028,-58.99890518,7.478782654,-19.1870079,2.797529697,-8.504883766,-0.75731504,0.177918866,0.118146859,-0.111193739,0.327915341,-0.077741042,-0.076160535,0.129703999,0.261708587,-0.006159347,0.022461416,-0.110770106,0
Man00685.wav,65.02967823,251.2581146,97.998859,221.915362,251.2581146,188.4035895,0.206518846,0.120383814,-4.55E-05,2526.06062,-0.41010211,16.54138162,10.71332314,80.77807617,34.5946579,23.96647263,-30.55269623,-53.15174484,4.01270628,37.47743225,-59.66459274,22.66282654,-18.61425591,-12.89153862,4.826515198,0.114087351,-0.156097695,-0.116414949,-0.201029778,-0.154067487,-0.057283696,0.027128946,-0.065207593,-0.071292453,0.167802364,0.006837972,0.012362912,0
Man00686.wav,161.9823764,380.8360868,316.109567,369.9944227,374.2935508,332.451281,-2.055595017,0.1337212,0.000292231,2536.914884,-4.70904909,7.895933114,14.68026282,51.46587372,28.76581955,17.36004639,-42.53684235,-38.54558563,3.040644169,-8.38547802,-52.16937637,6.229367733,-13.54227448,-27.92512512,-7.390861988,0.400987864,0.503988802,-0.54586184,-0.199935704,0.230718687,-0.137860119,-0.083903588,0.267375886,-0.09775091,-0.175061405,0.02408378,0.136291355,0
Man00687.wav,108.7365422,135.4258855,119.9558506,122.0526419,124.9054872,122.1609523,-0.110137195,0.13208479,-8.75E-05,2324.164189,-5.671802857,19.04093786,6.732615313,111.423584,14.84803391,-0.313126892,-6.066432953,-37.58391953,-5.942428589,27.28002357,-59.93997955,19.12787819,-11.60064793,-4.525982857,1.831913829,0.262677431,0.629031539,-0.152951226,-0.450578749,0.031831205,-0.056728557,0.161213055,0.183219314,0.016083738,0.022865713,0.027040627,0.189728111,0
Man00688.wav,117.8950809,167.6946726,119.2649557,151.1349012,152.0104168,138.2201006,-0.131811202,0.15141049,-0.000476954,1834.60528,-0.535038988,13.34099723,11.47970915,112.7056274,25.71582794,20.17421913,-36.91126251,-36.96706009,-2.592454672,19.72919655,-41.50405121,21.00304604,-0.01435053,-0.029762706,-7.265150547,0.045937736,0.500374854,0.001993695,0.365149945,-0.374622643,-0.287679881,0.502989292,-0.227816284,-0.257313967,0.517416477,-0.056474861,-0.19511497,0
Man00689.wav,221.274447,252.7136381,241.3014955,249.8109744,251.2581146,242.681793,0.024414527,0.19842042,0.000408125,2963.058554,16.68288561,12.26500785,12.1815895,35.8712883,-19.42316818,9.659680367,-7.139714718,-69.32867432,-4.454202652,10.62714863,-40.04516983,3.546124935,-10.27352047,-3.565799236,-12.88019276,-1.277070642,-0.961016536,0.993609309,-0.874079287,0.160263494,-0.028540002,0.200092793,-0.621239245,0.15086858,0.198026285,0.13352479,0.303615481,0
Man00690.wav,937.7284414,1083.407084,954.1196459,954.1196459,959.662814,971.8314415,,0.12817545,-0.003419351,3396.834456,114.2383127,3.524063483,5.349442614,88.30303192,36.53277206,-45.99670029,-60.22068787,24.54941368,25.36722565,9.576135635,18.69431114,-13.89162922,9.809704781,4.234941483,-11.07715225,-6.176080704,0.119846702,2.176489115,0.243803248,-0.858321905,-1.120505571,1.276171207,-1.299262285,-0.629443109,-0.424193352,-0.640062571,0.636996925,0
Man00691.wav,220,282.027698,230.7383872,245.5193714,255.6500291,248.0125949,-0.411464407,0.21338452,0.000423438,3294.46231,-5.078263139,13.3090409,8.974583686,25.19431114,-27.27395058,19.53814888,-51.96310806,1.561314821,-20.56263351,5.583776951,-28.566082,19.13015366,-20.28472328,10.88523293,-0.242259473,-0.054086152,0.10406515,0.256254017,-0.19418107,0.219051212,-0.068616748,-0.292459458,0.072848924,-0.012097051,0.228437111,0.130497038,-0.297431231,0
Man00692.wav,32.70319566,251.2581146,115.2023535,116.5409404,163.8645209,134.5881373,1.296943035,0.25789863,0.000188847,1971.964564,3.963490038,20.43205031,13.25381309,99.80506134,12.66074848,10.28569889,-4.688716888,-23.10494614,-1.408746123,12.92036247,-27.16428185,12.88571262,-14.82032585,-5.144479752,-8.634837151,-0.280365914,-0.089699544,-0.064867742,-0.0266618,-0.109494381,0.019942362,-0.133929238,0.318580121,-0.136414438,-0.032545235,0.084442899,-0.027207827,0
Man00693.wav,249.8109744,335.3893451,258.6205394,260.1187129,261.6255653,262.5143065,0.118516989,0.1940723,-0.000742345,1979.348018,6.264993103,7.541923531,12.20067715,82.74794769,-61.34117508,4.133276939,-55.16780853,-34.99964905,-7.559902668,43.90335846,-51.05492401,-4.944803715,12.41679859,-14.21821022,1.674799204,-0.471252739,0.042214513,0.194759503,0.016075119,0.175459385,-0.108999111,-0.023944892,-0.060886309,0.042796668,-0.037203815,-0.100445963,-0.273796827,0
Man00694.wav,131.5705734,270.8517709,266.1986996,267.740773,269.2917795,254.493927,0.62983411,0.16222449,0.000467555,2927.116128,-11.28068904,11.90970984,3.176222207,40.63867569,26.1636219,38.70780563,-6.508918285,-27.53642654,11.90199375,14.28312397,-38.06788254,7.353714943,-13.34346581,-24.32546043,4.315561295,0.319926679,0.01727468,0.205367222,0.140957057,0.334459096,-0.024222966,-0.122384377,0.23107709,-0.005534681,-0.099835306,0.253041476,0.110279799,0
Man00695.wav,320.2437002,333.4576446,325.8414615,325.8414615,333.4576446,328.376661,-0.045899312,0.220029,-0.000905572,3281.008635,1.333072085,9.989759641,18.85078474,31.65246773,-2.475346088,-33.3106308,-14.06707001,-26.79633141,-4.334938526,18.76456261,-49.81598282,27.75549126,-3.081970453,7.845962524,-5.199654102,0.090924956,0.069610149,-0.305069029,-0.066443123,-0.126051024,0.037220001,-0.136167243,-0.131809264,-0.052861363,-0.026088128,0.025653899,-0.006510347,0
Man00696.wav,,,,,,,,,,,,,,,,,,,,,,,,,,,,,,,,,,,,,,0
Man00697.wav,149.3989688,246.9416506,220,239.9117012,244.1052839,218.4781946,0.382143074,0.16845165,-0.00079788,1829.731663,3.17848269,8.524094166,12.98245207,91.23605347,-27.18034744,1.100172162,-32.09016418,-51.11470795,6.894821644,22.71280861,-35.53099823,-5.265095711,-3.03141737,-20.89540863,-4.179059982,-0.306061298,-0.139149264,-0.103482202,-0.030840663,0.03638329,0.096377127,-0.008372601,-0.140168592,-0.20508185,0.12067236,-0.114645995,0.08705131,0
Man00698.wav,125.6290573,252.7136381,127.8250146,128.5654973,130.8127827,157.663471,-0.132336592,0.16192606,-0.002866402,2573.612392,-1.051335062,17.53136707,8.633359129,63.86022186,11.59307861,2.118430376,-32.26099396,-51.27264786,13.40090084,24.55011368,-40.37094116,-3.374341249,-13.27953148,-37.8433609,-5.550459862,0.826206625,2.50077033,0.498503357,-1.204277515,0.818805575,0.657025874,-0.378125697,0.101417907,0.073429637,-0.474727541,-0.627744079,-0.260448217,0
Man00699.wav,248.3721691,1875.456883,249.8109744,250.5345445,251.2581146,283.85036,0.005396141,0.16657494,-8.32E-05,2797.793752,1.466572315,11.05848322,13.2833435,51.31284714,-9.521038055,17.81336403,-17.15619087,-46.47942734,-6.571954727,29.93290329,-30.76760674,27.14500046,-17.16185951,-3.072764397,-11.73150635,-0.194324911,-0.712975085,0.74420917,1.492294788,0.702127397,-0.286346287,-0.176671401,0.179003507,-0.140493229,-0.124653958,0.034517664,0.102181703,0
Man00700.wav,123.4708253,245.5193714,230.0729487,241.3014955,245.5193714,226.3812216,0.37459387,0.16592957,-0.000512939,2805.973521,-4.582192275,12.69839446,12.87752147,61.87080383,28.49271011,9.886315346,-12.89350128,-33.82393646,19.42399597,33.32581329,-30.49059296,15.52124023,-12.86959171,1.567722201,-6.19429493,0.175652385,-0.286596447,-0.485718161,-0.268972516,0.312969655,-0.083316572,-0.048189215,0.013885765,0.044586387,-0.102714874,-0.364567846,-0.053722478,0
Man00701.wav,198.2751018,257.1309947,208.8552666,210.0651529,222.7555139,219.3416438,0.145512444,0.13656572,-0.001693323,2183.408202,5.108337309,9.990043185,8.471611485,91.26824188,-23.08877182,71.9892807,-24.62692451,-49.06985855,15.52692413,7.779447079,-54.52881622,31.23885155,-17.32417488,-11.40689278,7.200881958,0.519987762,-0.349681675,-1.054938436,-0.22300218,0.154958978,0.157059148,-0.273260981,0.084067315,0.70247215,-0.075246371,0.041777339,0.193637848,0
Man00702.wav,89.86534993,154.6675121,89.86534993,153.7766928,154.6675121,130.3660786,-0.037014862,0.09061048,2.82E-05,1718.483783,26.56231894,13.62232024,11.89998076,121.6626663,-4.643375874,27.12149429,-15.25560951,-21.81206322,8.703572273,-3.283889532,-47.96334839,10.70276833,-6.378873348,-8.921533585,-12.66057014,-1.340460658,-0.162322536,-0.669453681,0.310100853,0.799633324,-0.703935325,-0.104572468,0.272142231,-0.364766002,0.201652676,0.492007762,-0.102835983,0
Man00703.wav,367.8634116,422.5640958,378.2408848,410.5345163,420.1303057,402.2951296,-0.296257384,0.3064422,-0.001714107,2348.006216,3.331903241,5.835122776,22.63776766,24.36194611,-26.74665642,-0.147412986,-37.59402847,-17.83680725,1.613203287,-1.691334248,-17.31796837,11.51884747,-9.970728874,-2.997353554,-19.20209885,-0.078362651,0.299211442,-0.102583036,-0.02755869,-0.155082881,-0.236059427,-0.1767333,-0.260251969,0.105918944,0.024307519,0.092249289,-0.099271104,0
Man00704.wav,145.1458702,499.6219488,146.832384,148.5384941,161.9823764,200.9715598,8.853085146,0.095795624,-0.000313547,2813.279674,17.20082099,16.8452405,9.744135483,54.48296738,-26.27076721,17.33808136,20.78579712,-43.33038712,3.460361958,16.99098015,-38.17031479,3.258001566,-21.10870552,0.543507755,-10.26286221,0.106173448,0.169842273,0.097870767,-1.78740716,-0.150146082,0.629390299,1.091302633,0.222868577,-0.223127246,0.485557973,0.026547777,0.217534348,0
Man00705.wav,102.6336291,698.4564629,231.7394279,231.7394279,231.7394279,283.5006659,-0.023997971,0.17865212,-0.000713979,2532.303357,-8.324361084,10.22323643,16.04927735,56.02160263,23.20195198,34.76284027,-40.46455002,-34.45636368,2.440068483,19.68102455,-39.54117966,0.222069919,5.728687763,2.173352242,8.299024582,0.483062416,0.116175741,0.084306158,0.095890753,0.209635004,0.047450881,-0.128695488,-0.098328806,-0.191085622,-0.030874411,-0.11103604,0.164351121,0
Man00706.wav,173.6084124,251.2581146,183.9317058,183.9317058,184.9972114,190.3902822,0.021318341,0.17321171,-0.000288146,2619.107139,16.3813243,13.84338756,8.354707741,90.07561493,-63.90729523,10.39164829,-49.76284027,-11.1231184,13.31244755,48.23497391,-65.15798187,31.03755379,8.384588242,-4.46263361,2.451620102,-0.99894464,0.093163058,0.126045704,0.303789467,-0.51622957,0.139773384,-0.425434768,0.084940009,0.558731794,-0.306485415,-0.196479574,-0.688907802,0
Man00707.wav,61.73541266,670.7786902,76.81471997,590.7319012,594.1539763,459.6542914,2.991033568,0.17875578,-0.000185221,2012.982276,1.391438005,10.15404,9.035934354,98.21998596,-45.86803818,37.54050827,-33.47623444,-67.30547333,-5.668090343,6.345915318,-54.85216141,13.37024212,8.336571693,14.77946568,8.544299126,0.02163172,-0.087149531,-0.002220235,-0.091095202,0.009980156,-0.090987585,0.00824656,-0.263123333,-0.098577283,0.156003833,0.207107767,-0.00657944,0
Man00708.wav,249.8109744,251.2581146,249.8109744,249.8109744,251.2581146,250.2101855,-0.001871302,0.21090502,-0.001686745,2712.853216,4.553383469,10.84222054,19.45399099,69.04893494,56.45261765,-33.43330383,-32.76409531,-31.74428177,23.95576859,27.45617104,-12.39203072,23.61032295,-24.29936028,0.960388362,-4.335808277,0.116759509,0.570124149,-0.248314068,-0.291857004,-0.058939733,0.14055267,-0.189484045,-0.446726292,0.118284784,-0.475316405,0.142386511,0.161961213,0
Man00709.wav,204.0850057,463.4788558,225.1422562,229.0776736,238.5299115,269.3089258,-0.202333704,0.21927775,-0.000598872,2449.912646,-1.610847904,9.747056819,16.93468688,60.30570221,22.00844574,13.12100029,-27.44468307,-37.47355652,-3.743448734,2.704779863,-40.96337891,11.23277092,-19.10678101,-8.301949501,-2.586405277,0.116756476,0.36464563,-0.156897679,-0.020459769,-0.061743222,-0.403194994,0.033890579,0.4089095,-0.12778303,0.035142109,0.020205701,-0.158473045,0
Man00710.wav,198.2751018,258.6205394,226.4464921,229.0776736,255.6500291,237.676377,-0.35847271,0.23078313,-0.001778188,1894.324124,-10.7642412,7.923455013,13.94063378,87.58370209,-35.44244385,2.621215582,-17.7688942,-20.98297501,12.72444057,9.35344696,-29.14645195,-2.855985641,-5.511846542,-8.095271111,-5.9640522,0.741350949,0.223680481,-0.188252017,-0.272919327,-0.358675033,-0.00621734,0.238777801,-0.10368634,-0.249606594,0.053063381,0.05073227,-0.00648266,0
Man00711.wav,102.6336291,116.5409404,109.3664466,110.6372235,110.6372235,109.3645878,-0.230605636,0.09897835,-0.000502426,1675.108846,4.882944205,15.37464082,11.6028916,135.2140808,7.241124153,19.69833374,-28.93777466,-8.088231087,6.069076538,28.43093491,-51.21750641,19.54525185,6.08473587,7.261507988,28.28323174,0.01839803,-1.264446855,-1.213822484,0.379934728,0.544362187,0.311037093,-0.734618664,0.091749497,0.75734663,0.045312624,1.036170125,-0.024751261,0
Man00712.wav,194.8688542,258.6205394,231.7394279,258.6205394,258.6205394,246.4180734,0.245963978,0.1968198,0.000152345,3185.037635,11.60915901,12.90583896,15.82731541,7.147423267,-4.150827885,12.68266869,-44.02732468,-1.178133726,0.77950412,7.477533817,-30.78795433,1.330041766,-17.17607117,-5.894174576,8.121759415,-0.612902939,0.162250057,-0.3184852,-0.524486363,0.137458339,0.194072232,0.172211349,-0.164856195,-0.009819396,0.257300675,0.092615075,0.18227157,0
Man00713.wav,57.26941839,57.26941839,57.26941839,57.26941839,57.26941839,57.26941839,,0.16080275,,3282.875028,,57.32335199,2.482515518,37.75378799,-36.58159637,6.000859737,11.73296165,-23.4235611,3.716428041,4.558594704,-52.6958313,1.4500916,-9.8694067,22.94904709,1.54074955,,,,,,,,,,,,,0
Man00714.wav,213.7370271,295.3659506,248.3721691,249.8109744,251.2581146,248.8925238,0.581571793,0.15815546,-0.000448321,2803.700255,9.677800146,11.26448437,11.75762513,61.78522873,5.135047913,-5.826956272,-27.05955505,-16.41740608,4.254600525,29.56985283,-40.91678619,10.45154667,21.63184547,-6.79913187,7.269879818,-0.140859991,0.033894338,-0.019754704,0.110872589,0.007320174,-0.260680407,0.240682095,-0.045654453,0.193473727,-0.078948103,-0.099911593,-0.089641735,0
Man00715.wav,242.6993409,264.6655079,242.6993409,257.1309947,257.1309947,254.1201623,-0.082655679,0.22770244,-0.000718992,1959.071166,4.633473833,7.749444685,19.96713697,83.58209991,-9.542892456,-6.974988461,-16.61767769,-32.20701981,12.50663757,12.93987274,-43.29363632,12.50023556,-5.296311378,3.363525152,-0.950281024,-0.109387115,0.240385175,-0.178821996,0.120632328,-0.259134382,0.075724415,0.103048846,0.000705517,0.168083444,-0.094300643,0.079381406,-0.034289718,0
Man00716.wav,204.0850057,210.0651529,205.2672581,205.2672581,207.6523488,206.3075712,-0.064122618,0.19956017,-0.000809755,3937.693142,15.85427041,19.08047512,9.725592463,17.81290627,-9.272959709,2.413114548,-32.01279449,-13.74252033,-4.168820858,12.24936485,-42.17113495,10.12807369,2.14017415,11.39068222,8.894087791,-0.492945999,0.41538927,0.169031605,-0.230732158,-0.056346346,0.255969226,0.157143846,-0.160038725,0.00867843,-0.445686966,-0.098238483,0.090154037,0
Man00717.wav,246.9416506,283.6614679,248.3721691,258.6205394,269.2917795,260.413044,0.149318846,0.1560821,-0.000160032,3333.048431,31.76337773,12.83538084,7.996305317,25.51750183,-19.18422508,-7.06157732,-15.71393967,-40.45052719,22.57465935,13.50854969,-29.89617348,10.3156147,-17.00321579,-6.091116905,7.799598217,-1.041220665,-0.048565812,-0.22829695,0.148903087,-0.35572353,0.267551541,0.176240399,0.254751205,-0.346358985,0.388886184,0.029059451,-0.231941998,0
Man00718.wav,84.8215954,245.5193714,122.7596857,237.8429959,244.1052839,193.3496811,-0.293219634,0.17044549,-0.000703043,2967.190619,6.850986927,17.96335941,11.37817745,38.95777893,15.45608711,25.10930824,-8.912041664,-73.56551361,-9.040456772,21.59270859,-41.93185806,-9.953516006,-6.120916367,-24.17895699,0.196463466,-0.052497339,0.073145933,-0.177429706,-0.146970227,-0.075729243,0.121682562,-0.012871516,-0.128537729,-0.015828114,-0.024306392,-0.036382422,0.180725411,0
Man00719.wav,65.02967823,234.4321104,162.6861422,234.4321104,234.4321104,195.0619941,0.559201496,0.19655268,-0.000906996,2310.308118,2.831019141,13.51296962,10.8516138,85.75859833,9.018615723,23.33043098,-27.84313011,-45.71014786,18.27393532,6.505141735,-59.99606705,20.90739441,-24.85251045,-1.936927199,9.398393631,-0.085603938,0.233707055,-0.059486814,-0.003205188,-0.193348169,0.212865382,0.131948069,-0.059279606,-0.158237606,0.189728498,-0.084794447,-0.015357588,0
Man00720.wav,184.9972114,314.7421051,220,221.274447,277.9854823,241.6845212,0.220932427,0.06884742,-0.000443085,3144.553054,6.801544621,13.10762151,-35.36595438,35.51168442,-1.026280642,-10.04367828,-40.01043701,-10.22210217,4.140417576,1.668595672,-46.65912247,10.33241749,3.562900543,-13.58640766,-10.6680975,-0.009626222,0.072333977,-0.011351374,0.271925986,-0.276419878,0.157035947,0.310812205,-0.079035148,0.054464966,-0.162194327,-0.096952438,-0.145299569,0
Man00721.wav,220,282.027698,244.1052839,248.3721691,251.2581146,247.0516048,0.366044448,0.26820245,-0.000816053,2917.855158,-0.18451731,11.80800254,12.84974662,60.45631409,2.393429041,17.42577362,3.129659414,-1.604086637,-12.72153282,25.43370628,-71.94187927,32.9343071,-16.50834465,-12.78156853,-26.29722595,0.110153578,-0.025773255,-0.30061394,0.001110537,-0.125585511,0.10372965,-0.055795603,-0.158689022,0.035815548,0.17138429,0.017716374,0.092887387,0
Man00722.wav,55.96138307,223.8455323,110.6372235,123.8284549,164.8137785,142.8626083,-1.192010924,0.12829095,2.02E-05,2968.693201,1.887181404,23.77388975,6.966499593,75.36207581,-18.19029427,24.3824234,7.08419323,-32.2141037,7.182767391,4.066669464,-30.93819809,9.3309021,-20.93621063,-2.270246983,-8.54142952,0.401885778,0.086808845,-0.438295484,-0.647488832,-0.141537607,0.782038748,0.003975776,-0.504832506,0.058033999,0.449171066,0.413362443,0.014470871,0
Man00723.wav,208.8552666,235.7901618,213.7370271,226.4464921,233.0818808,223.0585159,0.176706494,0.15093856,7.11E-05,3122.686869,6.537227124,14.0073768,14.80094558,50.95940018,41.1095047,4.072788239,-14.17483807,-28.35427856,4.333119392,22.00431061,-34.6348381,9.810566902,-27.27347755,-8.31631279,-10.27150249,-0.266214758,0.208324373,0.168347836,-0.227853209,0.049347717,0.309882998,0.156929523,0.002548358,0.167378575,0.028025547,0.024879029,0.119845673,0
Man00724.wav,249.8109744,339.2863816,251.2581146,333.4576446,337.3322358,296.6568591,1.156540517,0.17755823,0.000156348,2951.80661,-9.806407759,10.17478658,14.16910682,40.48371506,-11.74002266,-21.34639549,-24.04150772,-29.02454948,14.81356812,-9.455397606,-31.84073067,9.156451225,-21.20044518,9.426395416,-7.279459,0.553287625,0.468442172,-0.633617163,0.406084418,0.750430763,-0.139930904,-0.299182445,0.098865531,-0.472956896,0.00115793,0.071720801,-0.257895857,0
Man00725.wav,90.3859346,1258.968421,177.6663167,564.055396,1237.340097,583.3639687,0.139224007,0.1702096,-9.80E-05,2314.004825,-15.11468683,9.430674784,5.328073252,119.7485046,-56.47507477,5.782645702,-60.70843506,-1.627001882,12.46984577,24.59921646,-55.13428116,26.05924797,-13.73605442,21.84165001,19.19672775,0.636847436,-0.126271844,-0.655442059,-0.19806397,0.48372975,-0.15345718,-0.563996911,0.264201254,-0.597484171,-0.220393717,0.208854675,0.228471071,0
Man00726.wav,184.9972114,376.4618113,253.0796269,282.027698,333.4576446,303.6909728,0.087317254,0.25032052,-0.000295285,3294.065258,1.352081176,11.23020973,12.44854787,18.98363495,-23.02410316,15.58659077,-15.93323898,-12.72069168,-7.636776447,10.84059906,-33.80120468,6.419772625,-7.659960747,0.410295933,-10.85088634,-0.01133783,-0.062165029,0.080338113,-0.039397009,-0.107377179,-0.018226769,-0.103512742,-0.183164418,0.148957625,0.119075052,0.195916146,-0.082437888,0
Man00727.wav,111.9227661,245.5193714,244.8123276,245.5193714,245.5193714,230.0677,-4.446680668,0.1852464,-0.001126682,2045.822839,-49.32215286,8.644409556,16.11619965,80.49941254,-21.3493824,28.69796562,21.50401497,-43.1725769,9.343727112,15.2707386,-41.87709808,12.79601192,-20.46116638,-10.12031364,4.786345005,2.417399406,-0.114109509,-0.755272925,0.418668658,1.335137606,0.018412041,0.156306565,1.249967337,0.258403361,0.248555288,-0.177750334,-0.27580893,0
Man00728.wav,246.9416506,329.6275569,307.5533855,325.8414615,328.2036706,307.248091,-0.027355831,0.18262365,-0.000234495,3350.289656,10.33683104,10.95994435,17.42377824,2.157019615,-5.93260479,-11.93468857,-17.3874836,-42.38791275,-1.562882662,1.447548866,-34.2992897,-1.769015193,-7.454613686,-6.059082508,-3.258628607,-0.410188973,0.436087996,0.120213933,-0.004287811,0.371599853,-0.17928566,0.058980465,0.213950783,-0.26858741,0.107287623,-0.03536658,-0.130504712,0
Man00729.wav,178.6955272,221.274447,202.9095626,205.2672581,218.7328932,207.5575671,-0.096307466,0.14426129,-0.0003841,1705.469577,8.449030323,8.256560502,16.5686468,85.4432373,8.199337959,49.00812149,-18.67255402,-30.86624527,-15.45436001,18.3392849,-40.57100296,-1.750049829,-15.59009361,-25.28456306,-1.926482677,-0.278756142,-0.006496845,0.034868442,0.004552757,0.100778371,0.090441316,-0.147106156,0.12128669,0.119322181,-0.081237651,0.128089458,-0.069763966,0
Man00730.wav,124.1860845,270.8517709,261.6255653,263.1411468,266.1986996,257.736698,0.661313931,0.21703552,0.000106854,3150.790888,2.939324612,12.40764499,15.29909848,25.44307518,15.66051197,-1.362343192,-52.02310181,-28.20936203,-19.34882355,22.7904892,-46.07015228,19.47245598,-15.01250648,-3.840703726,3.840930223,0.339655519,-0.109698534,-0.600678086,0.165763065,-0.13781701,0.018339418,0.28155005,0.037855692,0.000162213,-0.197070703,0.184772611,-0.102861665,0
Man00731.wav,286.9574553,706.572136,372.1377786,526.2822936,532.3973993,484.6727102,2.667284353,0.28568295,-0.000474122,2124.477207,8.995414034,4.828351085,19.22107687,53.55025864,-48.02096558,11.03912258,-38.26283264,-16.55896378,-29.77283669,11.6554985,-23.17672729,-3.676244736,13.74878883,-11.6425066,9.048789978,0.030084424,-0.031194117,-0.159031928,0.031682122,0.063562751,-0.109747514,-0.031110626,0.100011893,0.092173904,0.077894971,-0.088016436,-0.268700033,0
Man00732.wav,86.80420621,468.8642207,88.321517,103.8261744,179.7306999,197.3980522,-8.817242507,0.16277945,-0.000263072,1581.148684,-9.162043606,12.38908646,8.441269468,136.7678375,40.06178665,-7.021690845,22.15160942,-41.67084122,-9.676477432,21.25042915,-39.95874786,-5.226040363,-11.07345581,-9.300087929,-14.82220173,0.400721461,-1.551437736,0.741985381,0.106723495,-1.151894093,-0.771842182,-0.799125671,0.397204757,0.786778629,0.406647086,-0.228497699,-0.273468196,0
Man00733.wav,132.332754,135.4258855,132.332754,132.332754,135.4258855,133.3037497,-0.001201219,0.19082175,-0.000476988,4052.999099,12.62426811,30.44197351,10.99348424,3.942306042,-22.6804142,-13.46229172,-39.26225281,-3.109186411,17.14204979,5.449277401,-31.41531372,7.330780506,-8.063815117,12.31505299,4.829036236,-0.304553181,0.070357867,-0.339641362,-0.079233184,0.103283055,-0.022201044,-0.20859541,-0.024509205,-0.094967477,0.036327884,-0.220915675,0.011461155,0
Man00734.wav,199.4236978,339.2863816,201.450404,210.6736004,214.0465686,236.5390869,-0.227743907,0.14645898,-0.001029853,2118.486422,15.54665379,9.079343411,12.50393245,76.72477722,0.61759454,28.83659935,-6.113370419,-22.23581886,8.286481857,14.25713158,-38.36130524,23.73868179,-8.998080254,-8.567240715,1.884534836,0.161432907,2.611189127,-0.665118098,1.026840925,0.506802678,-0.201507851,0.284876823,0.851284266,0.345163465,-0.413888484,-0.232479289,-0.003304235,0
Man00735.wav,86.80420621,87.8128225,86.80420621,87.05563203,87.68638134,87.22422025,,0.11493426,-0.002412826,2945.238919,69.54060479,33.77374399,2.588743176,97.52214813,14.76941872,-15.30233192,23.87944412,-35.32431793,7.855846405,14.44441032,-30.74657822,21.20589256,-7.841935635,21.86108971,5.149402618,-5.525511742,-3.863391399,4.805107117,0.597553432,3.810610533,-2.004473448,0.584379077,-0.401460946,3.28147459,3.588009596,-2.131562471,-4.006632328,0
Man00736.wav,114.5388368,132.332754,125.0863797,129.3102697,131.5705734,128.0687135,0.075431057,0.15042685,-0.000206042,1482.552634,11.49577168,11.53928656,14.34323443,133.187851,28.23852921,34.72503281,-37.45710754,-62.64510727,1.947065353,32.60060883,-55.06319046,10.94495487,-3.327768803,-25.96549797,9.839157104,-0.517157137,-0.492667615,-0.009518848,0.313758403,0.175181285,0.586072803,0.228380919,-0.44813931,-0.062842421,-0.094090991,0.450190753,-0.057691559,0
Man00737.wav,110,267.740773,212.5059924,214.9751931,216.2205317,213.3062946,-0.293579799,0.19438344,-0.000242144,3265.214833,-9.049671453,15.69598639,6.018494312,36.56243515,-25.73698044,-1.329281449,-44.74887466,-12.69602394,3.962909937,23.92335701,-44.77039719,0.638862193,-16.17832184,-17.46629333,-7.101130486,0.356828421,-0.178993389,0.098608442,-0.151659176,0.371074826,0.16679205,-0.190759212,-0.013355766,-0.300401211,0.183826759,-0.111407422,0.241391912,0
Man00738.wav,103.8261744,298.7979376,223.8455323,231.7394279,294.5153593,241.6357004,0.586729973,0.20478845,-0.00028526,2145.807165,-3.219452763,9.739692414,13.42615431,80.69530487,-18.07961845,2.834334612,-27.19206619,-30.45759964,-13.12288475,20.40220833,-55.99733734,6.873936176,-20.25756073,-8.520010948,-9.365240097,0.414638638,-0.110081844,-0.094993912,-0.130496874,-0.151372686,0.094669275,0.168578908,0.048606426,0.054200027,-0.055763427,-0.078232847,-0.087680906,0
Man00739.wav,230.404707,485.3986818,248.3721691,249.8109744,287.3730373,279.5803861,-0.028042113,0.15728058,-0.000241441,2905.573002,-10.8854617,10.72703334,13.01599251,55.07423401,40.48778534,21.24275398,-29.26092339,-25.25308609,4.679248333,23.65068436,-47.97498703,33.87587738,-8.05070591,-9.254221916,15.63505745,0.426403075,-0.049317095,-0.194575891,0.875248611,0.460877478,0.379466295,-0.134616837,0.156612217,-0.439464182,0.593413353,0.142647296,-0.505558372,0
Man00740.wav,230.404707,249.8109744,242.3498795,249.8109744,249.8109744,245.3951376,0.035845552,0.12696564,-0.00093672,3299.541395,6.63425386,13.39430896,11.05581265,17.99614143,-31.07595825,15.88425446,-43.47483063,-9.65903759,-5.284458637,-0.488167405,-46.06306458,24.6215477,3.338754177,-13.3638382,-2.047452927,0.100769274,-0.023313614,0.014709366,0.121902585,0.18473193,0.02290212,-0.027883774,-0.104984835,0.035938129,0.021740783,-0.117542446,0.031085128,0
Man00741.wav,123.4708253,644.1977062,133.8703865,615.106771,622.2539674,402.5580722,0.155187696,0.17401528,-3.12E-05,2089.934254,0.243772418,7.69984256,15.49996496,92.64041901,24.45410538,-0.224388033,-12.16967297,-54.27965546,7.968122482,24.18102264,-52.98626328,8.22249794,9.662683487,3.990165472,1.384142756,0.164455906,-0.300919175,-0.310421914,0.130418897,0.178832665,-0.352600873,-0.358055919,-0.170770019,0.196277648,0.361020058,0.088773437,0.125074536,0
Man00742.wav,114.5388368,124.1860845,114.5388368,116.2053272,122.0526419,117.9951239,-0.004940865,0.088968344,-0.000432178,1885.323507,3.195825353,15.95860806,11.38341974,118.592186,-13.37906361,15.88126183,-10.76208305,-43.20927429,3.555304527,42.1650238,-51.25354385,10.99005699,3.44557476,-4.784352779,14.63367462,-0.284780622,0.726649106,0.463576287,-0.381544679,-0.493841439,0.117008023,0.339311868,-0.146312088,0.205820501,0.188252673,-0.428836226,-0.458205014,0
Man00743.wav,127.8250146,258.6205394,249.8109744,252.7136381,255.6500291,247.2741687,0.051220998,0.2220725,-0.000674114,2483.434393,-10.37451532,10.27226211,14.47651405,63.28498459,-27.56591415,2.520923376,-22.49440193,-29.3293705,14.95951271,2.090339661,-58.69873047,22.11244583,-17.85060883,10.25282764,-2.747760057,0.459045917,0.269325107,0.0676945,0.22241655,0.54380548,0.166755825,-0.310382664,0.187735856,0.179973498,0.344629973,0.003884306,-0.163029358,0
Man00744.wav,97.4344271,491.0387428,122.7596857,146.832384,221.274447,211.3519196,0.215987065,0.12773581,-6.85E-05,1790.883841,-1.428521518,11.84732883,12.89737363,122.4888611,1.204843044,5.476255894,-24.02804756,-42.87519455,8.179468155,14.96285534,-50.83269119,-2.151392698,-4.898390293,-14.45128822,-6.49799633,-0.153463066,0.33392942,-0.165404931,0.487930298,0.276773006,-0.190449536,-0.172890767,-0.229115248,-0.250928462,-0.006154601,0.210853755,-0.17042473,0
Man00745.wav,97.4344271,245.5193714,115.869714,160.1218501,241.3014955,164.6789687,-0.810658787,0.10153904,-0.000153714,1878.667107,-4.383909233,12.67755416,-9.631076167,112.9201813,10.09981346,9.173938751,-3.460178614,-54.18899918,-1.305773616,28.17640495,-45.9520607,13.98869133,-11.37693119,-11.79441738,-16.29135323,-0.306315482,0.548666656,0.281216115,-0.350275785,-0.051763583,-0.277931631,0.042372122,0.31072253,-0.030809162,-0.144326925,-0.304246634,-0.258582026,0
Man00746.wav,113.223246,117.8950809,115.2023535,115.2023535,116.5409404,115.8897237,-0.013049945,0.12581742,-0.000328319,1848.651003,1.205985157,15.97311469,10.6169086,124.9499359,-11.31987667,-3.69676733,-9.272454262,-47.23076248,33.70648575,28.97455978,-42.62894058,10.28742886,3.003635406,4.585093021,5.762908459,0.012243941,-0.128142074,-0.30426228,-0.018750979,0.227614328,0.175557569,-0.275414497,-0.130313724,0.058127582,-0.123967208,0.24200058,0.189310476,0
Man00747.wav,229.0776736,288.619783,275.5861765,275.5861765,275.5861765,268.2540315,-0.185979694,0.18283066,-0.000935609,2739.72186,8.878939042,10.22680866,22.38899595,0.003894722,-9.584768295,14.10730362,-20.09412956,-28.09665298,-23.17013168,-18.32223129,-42.03239059,16.21915627,-15.96207142,-14.80422783,-3.751560688,-0.78137964,-0.306037694,0.399384886,-0.35823226,-0.279146552,0.082768194,-0.139606073,0.133260101,0.177808985,0.163679346,-0.081865072,0.106717676,0
Man00748.wav,108.7365422,119.2649557,115.2023535,115.2023535,115.869714,114.9769046,0.002771456,0.15585859,-0.000279733,2797.179762,3.340554802,24.32723585,10.60679887,68.32959747,5.525520802,29.01319695,-18.7345295,-51.01076126,18.17482758,25.37236404,-30.1854744,31.67709541,-13.76083469,5.263545513,-25.02561378,-0.190679684,-0.010760807,0.106356323,-0.221850127,-0.171463281,0.070652343,0.138707817,0.017828217,0.127323106,0.077014819,0.026257135,0.110490024,0
Man00749.wav,210.0651529,214.9751931,211.2820479,212.5059924,213.7370271,212.8136732,0.010987776,0.10793605,0.000453455,1918.087381,-7.683798216,9.012554903,8.801080955,111.7312775,-13.31501198,13.30702114,34.82219315,-60.40840149,7.979642391,25.89137268,-23.09514999,-16.76921654,-12.25175858,15.80217361,-8.745536804,0.196793631,0.339938104,0.305733919,0.007898802,0.66754663,0.257317275,-0.09824577,0.315677404,0.290678591,0.183587953,-0.049779847,0.299029857,0
Man00750.wav,237.1560803,267.740773,252.3497572,258.6205394,264.6655079,256.8977644,-0.059115809,0.23961997,0.000168862,3019.026504,12.26359758,11.73872405,16.8364774,28.83801651,-0.475992799,-9.147442818,-18.98661613,-17.41866493,-5.703712463,-1.47378099,-33.1819191,1.216996074,3.240916252,-5.385922909,4.231546402,-0.326418608,-0.020694256,0.056463622,0.216902867,0.074762575,-0.038411915,-0.116648972,0.078142032,0.351877362,-0.028444842,0.093197331,-0.034429494,0
Man00751.wav,68.10519982,273.9989169,77.78174593,136.9994585,272.4207993,162.7072744,-0.682381595,0.18885696,1.29E-05,2188.434181,-6.247970194,17.27031925,8.420051429,88.18653107,-28.8163414,14.42829323,3.033258677,-48.30353165,2.410967588,-24.27666855,-47.66862488,13.2448349,-7.929274559,6.898379326,-11.20977592,0.567192495,-0.45552814,-0.300166667,-0.374059856,-0.241060108,-0.213332251,-0.063102625,0.126558393,-0.025367826,0.200165868,-0.170302927,0.173573241,0
Man00752.wav,220,320.2437002,223.8492666,272.4207993,283.6614679,262.7375206,0.4120974,0.13706268,-0.002163738,2366.585494,2.897509099,9.162566829,10.94253262,54.74462128,-67.79520416,1.11920166,-39.33923721,-36.11174774,-6.720537663,16.09082794,-48.54286957,-11.07417488,10.85722446,-24.09934998,-4.346525192,-0.162556037,-0.655399799,0.505730331,-0.352783531,0.399829656,-0.180065975,-0.367321938,-0.230703086,-0.037709162,-0.160743818,-0.397330165,0.220062599,0
Man00753.wav,,,,,,,,,,,,,,,,,,,,,,,,,,,,,,,,,,,,,,0
Man00754.wav,251.2581146,450.2845125,394.2662424,396.5502035,396.5502035,394.0115051,-0.423516752,0.1679469,-0.000289389,1574.791157,6.843838276,4.026242626,24.94719466,77.57646179,0.394583493,-6.642137051,-30.35559273,-21.98782539,-14.63035011,12.1547327,-38.76338959,-1.153177023,-5.201402187,-6.926539898,-23.0522213,-0.173833475,-0.051030882,-0.185207978,0.24179925,-0.128099591,-0.083563402,-0.05821164,-0.065227211,0.078816511,0.072272971,0.110570006,-0.01267401,0
Man00755.wav,128.5654973,156.464662,130.0593565,130.8127827,139.3941668,135.5394607,-0.119359142,0.17373818,-0.000232583,2296.87122,1.74357194,17.10270725,13.26868204,92.87824249,12.44198227,-1.069799781,-16.44119072,-40.01719666,18.23438072,15.14423752,-56.26656723,10.03376389,-8.396401405,4.173294544,4.365991592,0.037804391,-0.522164047,0.358738363,0.23968035,0.066689096,0.13789767,-0.094028242,-0.137005582,-0.009355607,0.066231161,0.03425226,0.064962283,0
Man00756.wav,109.3664466,455.5165665,110,110,440,205.0431404,0.137858366,0.1892264,-0.000281199,1751.495067,18.56088729,11.56877107,18.3272855,104.7132874,14.73425865,32.09771729,6.529600143,-59.5499649,-18.57826042,7.683796883,-15.01506042,11.03688908,-24.91444016,8.601121902,-6.484687805,-1.215761542,0.677013457,0.87278372,-0.371330827,0.090734266,0.637800336,-0.141508371,-0.440956473,0.48193869,0.031671945,-0.421904147,-0.11326354,0
Man00757.wav,230.404707,277.182631,249.8109744,249.8109744,264.6655079,254.9180943,0.204039104,0.15750214,-0.000813534,3315.201344,7.813644365,13.02727406,13.93167603,31.41624641,16.95411491,13.32356262,-30.57300568,-34.21224213,-8.963111877,31.13625526,-48.29191208,30.6701889,-0.59853816,-10.15527534,-9.164546013,-0.368674427,-0.558849573,0.239756882,0.199140906,0.142118156,-0.086001664,-0.090756878,0.020171056,0.26036486,-0.265989035,0.12966226,-0.172508433,0
Man00758.wav,130.8127827,493.8833013,229.0776736,242.6993409,244.1052839,249.3718963,1.372310787,0.18929648,0.000779315,2992.425381,20.46582528,12.40148309,14.33779664,31.15610886,8.547575951,17.05921745,-46.944561,-20.1180191,-26.33914375,12.24144173,-48.87150192,15.34528351,-11.77442074,-22.19497681,1.372160792,-0.938336611,-0.112934902,-0.308263242,0.638309181,0.26131776,-0.01314172,-0.337430835,0.296336263,0.117247827,-0.053754658,0.345085323,-0.181334451,0
Man00759.wav,197.1331212,422.5640958,246.9416506,290.2917404,357.3910544,305.4231202,0.379218225,0.25674194,-0.000387024,1986.691335,-2.005153714,6.787540418,16.18335349,81.08318329,-21.32564926,16.44430542,-41.06125259,-19.62104988,-23.35725021,18.80997467,-46.08728027,16.0159874,-7.372247696,-16.62556076,8.80810833,-0.261974841,-0.001527195,-0.08292637,0.173975348,-0.026274176,-0.072382867,-0.226965412,0.433666915,-0.123441562,0.089794703,-0.150707364,-0.169181868,0
Man00760.wav,192.6305945,277.182631,235.7901618,238.5299115,247.2992802,237.161691,-0.347723087,0.1598353,0.000132508,1854.814323,-0.347471609,7.760459051,8.917091481,96.25337982,-12.30796909,25.50194168,1.511134624,-6.407375813,20.00367546,1.493185759,-36.31286621,15.27538204,-9.723418236,6.161200047,-6.344027042,-0.130044252,0.557092071,-0.276982218,0.112904057,0.383403689,-0.00543828,0.16440174,-0.075775012,-0.090968005,-0.103963703,-0.098936334,0.112034753,0
Man00761.wav,367.8634116,874.931573,405.8191252,811.6382504,811.6382504,622.3562846,-0.015520873,0.24407896,-0.000385317,2355.978817,8.052740752,4.141308133,21.62905966,44.50880051,2.407911301,-12.80540371,-32.39503479,-0.745800972,6.591456413,5.050106525,-3.124828577,32.00691223,-7.794132233,-7.539795399,-10.21895695,-0.078743987,0.41820842,0.171611458,0.344123989,-0.158567846,0.0309126,-0.044103619,0.06457369,-0.158504933,-0.159734219,-0.06915541,-0.218188092,0
Man00762.wav,57.26941839,130.8127827,111.9227661,114.5388368,130.0593565,112.5051892,-0.282476976,0.14447443,-0.00046956,2011.266136,-1.12609894,19.55614397,14.46581125,103.1312408,23.94870567,44.87533188,-6.830339909,-54.41573334,2.937821627,22.05385017,-33.35126877,7.95044136,-20.1981163,-7.714835644,-19.01965904,-0.161976993,-0.192202285,0.403644472,0.370342016,-0.032092441,-0.120460697,-0.182688639,0.105297849,0.122259252,-0.061596934,0.004380411,0.111063384,0
Man00763.wav,123.4708253,132.332754,130.4360696,131.5705734,131.5705734,129.954382,-0.157316842,0.13927971,-8.59E-06,2455.414597,55.3029242,18.93893472,8.863896482,92.0422287,24.14974022,-23.23020363,-39.66379166,-81.91230774,31.8133564,10.59054184,-29.09439468,24.50821304,-7.289613247,-0.951362252,5.409836292,-1.827171683,-0.127748728,0.552037776,1.316042304,0.153686002,0.310368121,0.118790202,-0.431893408,0.280408084,0.283474803,-0.628809214,0.453348726,0
Man00764.wav,68.10519982,580.5834807,111.2781384,218.7328932,261.2488522,234.8318941,0.826665087,0.16444147,-0.001396587,2356.193513,25.45081513,12.59865596,6.797105841,58.99223709,-27.98528671,16.11613083,11.69871044,-36.05215073,-16.6634388,10.94754791,-19.33059502,-6.590849876,-10.86320114,3.426417351,-4.50991106,-1.573873758,-0.786947191,0.262679517,0.73495847,-0.5191257,-0.414118767,-0.628276885,-0.097755723,0.117715925,-0.537178516,0.167739093,0.155459508,0
Man00765.wav,130.0593565,261.6255653,205.2672581,206.4563593,257.1309947,223.3866661,0.1040043,0.14835243,0.001044349,2822.789076,16.3631719,13.12875836,4.455311976,60.23911285,-8.384597778,-14.52346325,-23.98298836,-21.8731842,-8.152579308,9.279372215,-42.92291641,6.271490097,-2.229271412,5.552517891,15.52968216,-1.11577785,-0.168962866,0.542181015,-0.302372098,0.067067251,0.004686146,-0.110871606,0.37998417,0.095896631,0.003239943,0.172571763,-0.186695784,0
Man00766.wav,205.2672581,254.1775933,246.9416506,249.8109744,251.2581146,244.0995374,0.506741394,0.2734305,-0.000550468,2949.541784,12.45889704,12.0694032,9.459627428,55.0543251,-4.752820969,21.3181572,-16.51977348,-5.117322445,-11.33261585,2.004143953,-24.80023575,8.060623169,-3.71234417,-2.536669254,4.577036858,-0.462433577,0.370829731,0.365545452,-0.143062651,0.307757974,-0.185225084,0.234823719,-0.216161236,-0.13048403,0.040219385,-0.173170686,0.102446169,0
Man00767.wav,109.3664466,145.9866917,110,110,110,110.7102786,-0.241548196,0.15888117,-0.001703712,2503.56486,21.18226212,22.68864016,10.09853701,83.39738464,-24.69120216,-0.981693685,28.67889786,-27.67591858,15.00957394,-6.243278503,-58.49996948,-9.827695847,-13.26266575,28.57478142,-15.92681217,-0.947705269,0.772366881,0.336818933,-1.373922706,-0.787452698,0.534665644,0.862969041,-0.212236255,-0.354239434,-0.499149799,0.070515916,0.474990726,0
Man00768.wav,222.5562769,511.3000583,261.6255653,263.1411468,447.6910645,324.1323575,-2.042772709,0.2528335,-0.001023487,1988.291401,7.903267796,6.816419565,15.95393824,80.10184479,-8.849554062,17.06511879,-32.19327927,-25.96099472,-20.31925011,29.36102104,-45.78180695,17.12495804,-16.48095894,-10.57597828,-11.78821468,0.140028045,0.580871165,-0.17512998,0.147760585,-0.044779934,0.060661655,0.229408741,-0.110234797,0.254876882,-0.044960123,-0.437163174,0.074223079,0
Man00769.wav,107.4875965,161.0494266,108.7365422,108.7365422,109.3664466,115.5029532,0.038312414,0.16915028,-0.000650197,2331.249534,4.97178598,20.61485473,13.79366027,82.91423035,29.40070343,23.70832253,-30.75983238,-50.76486588,25.43609619,23.49207306,-52.82503128,23.8764286,-0.98840338,-2.342568159,17.98359489,-0.063250512,-0.03820616,-0.103754252,-0.128038928,0.02975671,0.04972674,-0.029085696,0.044252548,-0.047245998,0.079374082,-0.043937858,-0.035221189,0
Man00770.wav,87.30705786,152.0104168,111.9227661,112.5711281,132.332754,121.9739581,1.060439256,0.23982055,-0.001383133,2234.804399,-10.01356957,18.68797419,6.273860588,91.29070282,-29.41772461,-30.61962128,-39.76153946,-44.58960724,-18.61512947,6.371286392,-5.507709026,13.07595921,-5.769510746,-7.000519276,-17.55207062,0.86785078,0.580976844,-0.347262084,-0.030691495,-0.635844707,-0.154342815,-0.019825405,-0.401253968,-0.053602226,-0.312702566,0.031093022,-0.008912888,0
Man00771.wav,41.44213374,290.2917404,41.44213374,41.44213374,124.1860845,96.56839686,,0.19255942,-0.00156477,2414.805278,20.4179752,43.39019561,6.92050795,71.4723053,25.61823654,21.33950233,-21.58349419,-24.1163826,-10.24103737,16.64142609,-19.98535347,4.920931816,-21.65258026,-19.04339218,-8.041155815,-2.651949167,0.69142586,0.755831599,0.641111076,3.334765196,1.597183824,-2.176689625,1.990709543,-1.710073233,0.025979014,-1.101032019,-0.071401685,0
Man00772.wav,124.9054872,874.931573,129.3102697,129.3102697,854.9481082,435.0625165,-0.809028387,0.17248695,-0.00051388,1992.077635,-1.696276944,9.427517062,9.105380314,111.8784027,-64.65245819,-3.85179472,-25.12882042,-17.09933853,-9.096045494,26.61961555,-48.2730484,23.83135414,1.553729177,4.956328392,-4.994395733,0.062576771,0.321434826,-0.147022814,-0.205591574,-0.15759252,0.141269073,0.008654173,0.120697074,0.02208099,-0.075210631,-0.129873842,-0.043814853,0
Man00773.wav,202.9095626,266.1986996,221.274447,246.9416506,254.1775933,237.6204654,-0.298612056,0.18251859,-0.001027008,2802.218786,26.08960084,11.96134963,9.488674408,68.27762604,-0.71697408,11.62629032,-23.66090584,-38.79106903,6.352377892,3.247404814,-34.76289368,19.76131439,-18.95331192,-7.754484177,1.47693646,-1.020157814,-0.242686868,0.072901845,-0.089772008,-0.185671151,0.005397283,0.368729174,-0.519893169,-0.153744504,0.107652307,-0.159606665,-0.097870797,0
Man00774.wav,220,383.0422479,266.1986996,282.027698,376.4618113,310.7876909,0.027529998,0.19084823,-0.000230574,1502.788074,1.671099034,4.974498616,17.88103531,111.7563477,-25.84818268,4.685221195,-31.00316811,-47.30021286,-10.73590755,23.31416512,-46.82396317,22.48382568,-4.70861578,-12.01247692,6.469973087,0.078954086,-0.301021546,0.376790196,0.3782866,-0.22838448,-0.291153044,0.077841185,0.188888833,0.014133574,-0.133339927,-0.163254008,-0.031421442,0
Man00775.wav,244.1052839,246.9416506,244.1052839,245.5193714,246.9416506,245.651276,0.154636445,0.19794685,-0.002223981,2240.22249,51.29582704,9.114792456,21.50184071,58.72186279,-14.65611553,-16.15103722,-19.26914024,-51.19142151,10.90722752,4.235692978,-37.62388611,-0.861663759,-29.15208626,-9.211782455,11.07453823,-0.339517027,-0.030772123,0.464598089,0.525666893,0.770049512,-0.37141636,0.427276731,1.196199536,-0.23791045,0.994276106,-0.130472422,0.220513523,0
Man00776.wav,173.6084124,275.5861765,178.6955272,204.0850057,269.2917795,218.553447,-0.459159207,0.21056132,9.75E-05,1835.744941,1.254130426,8.395131937,15.26789287,98.40237427,-14.89614296,17.64125061,-17.66535187,-39.86114883,5.891499043,8.031137466,-37.83540726,25.34454346,-20.12256622,-15.86381054,-12.87323475,0.406505644,0.088501573,-0.199521154,-0.307015389,-0.065696299,-0.109679624,0.218581215,0.112791188,0.137559429,-0.110675745,0.083158247,0.166154742,0
Man00777.wav,89.3477636,420.1303057,235.7901618,261.6255653,264.6655079,285.656678,1.27524405,0.1466089,-0.000611126,2171.273543,9.920323632,8.064956884,16.13410277,79.38550568,-0.273062855,-10.89111614,-49.42835617,-11.10590172,-23.33046722,21.86017418,-66.99806976,19.91442871,-1.829229355,-23.83990288,-1.597638249,-0.350620151,0.094319887,-0.399227411,-0.52498883,-0.309294909,-0.216554061,-0.215157807,-0.226350933,0.071557969,0.011829632,-0.109173983,0.21946907,0
Man00778.wav,264.6655079,297.0769882,266.1986996,278.7883336,280.403338,276.7848385,0.171093132,0.1991331,-0.001002145,2321.949416,-7.084953321,8.459017736,16.56291809,50.69298935,6.816484928,20.64881897,-30.94316101,-27.15240669,-25.09739876,19.18426514,-45.42998886,7.546235561,-25.66374969,-10.63963032,0.242722124,0.526312232,-0.072814725,-0.007433898,-0.195383772,0.055004913,-0.149973735,-0.319827139,-0.153973877,-0.027230989,0.060032066,-0.012494028,0.279709071,0
Man00779.wav,64.28274867,249.8109744,249.8109744,249.8109744,249.8109744,243.6999303,-1.628700349,0.11527263,0.000165027,3384.076386,8.765754472,15.111473,13.31000485,3.490935564,-10.89190483,33.18874359,-55.77029419,-38.29202271,-2.800481558,7.602642536,-20.01778412,14.88022232,-6.104176998,-0.247615054,-1.854044557,0.152116939,0.339968145,0.166301519,0.724394917,-0.22533685,0.019702753,0.130975842,-0.233067244,-0.085760392,-0.179100975,-0.158906773,-0.006562997,0
Man00780.wav,119.9558506,244.1052839,242.6993409,242.6993409,242.6993409,218.0159331,0.019319698,0.21592873,-0.001039224,3339.226149,1.062524002,17.00361046,12.99624838,48.26591873,29.66965294,-1.391377449,-5.032926559,-26.96395874,7.903939724,24.93483353,-23.22757149,11.6267786,-5.922429562,-4.123378754,-8.756601334,-0.153240472,0.107982926,-0.056684949,-0.275991112,-0.04206026,0.109561585,0.276561171,0.050800219,0.170746878,0.086259469,-0.032658994,-0.043250311,0
Man00781.wav,161.0494266,427.4740541,164.8137785,221.274447,322.0988531,250.3554261,-0.188214421,0.12759566,-0.001460175,2440.981273,-11.14811997,10.36194826,10.49539315,75.12778473,2.87970686,10.69187164,-42.05860138,-46.44683456,-2.711805344,-0.127090961,-48.88633347,22.17595863,-11.69256783,-20.72244453,-1.474384069,0.2581743,-0.420740187,-0.272829533,0.361650616,-0.236360088,0.319959044,-0.417691767,0.215443358,-0.245208025,0.309159726,-0.20449166,0.057763491,0
Man00782.wav,248.3721691,270.8517709,251.2581146,251.2581146,251.2581146,254.6075614,-0.19635149,0.13411562,-0.000233269,2772.796285,3.874997758,10.89355798,18.72451244,32.8277359,-19.69025421,-7.655161858,-47.2531929,-37.59857941,14.53770828,19.86485672,-43.62251282,6.683980465,-32.90614319,-4.380560398,-9.409409523,-0.279365808,-0.245379686,-0.149006754,-0.127784982,-0.05732033,-0.032179601,0.051562302,-0.125307322,-0.138069808,-0.203195199,0.242927238,-0.11040695,0
Man00783.wav,85.3129619,95.76056196,86.05858405,95.20902171,95.76056196,91.84802829,1.474736285,0.09713201,-0.014723706,1141.954714,57.13353642,12.36841439,10.81676886,140.9325714,134.859314,22.47626305,-6.353744984,-37.54659653,-19.42338371,30.25952721,-21.69255257,42.70689392,-12.65445042,-6.014422417,-31.36293221,-6.574989796,-7.82955122,7.709846497,0.648187697,0.21150516,0.310292602,0.979947865,-4.382834911,0.834969521,1.471740246,-1.570690632,2.246879339,0
Man00784.wav,218.7328932,272.4207993,242.6993409,242.6993409,244.1052839,244.1793091,0.593252375,0.16839033,0.00065927,3526.245346,-29.57704871,14.43529629,12.1556123,22.77269745,-9.617627144,-6.680644512,-10.50560951,-26.14681625,-1.042335391,17.80566216,-44.651577,12.17361355,-1.380679607,-8.713117599,6.300886154,0.325170487,0.924466968,0.660737097,0.674360394,0.994283378,0.782727838,-0.1485001,0.86068964,-0.41738078,0.713145852,0.255750984,-0.095926911,0
Man00785.wav,54.68322331,447.6910645,417.7105332,437.4657865,440,360.379419,0.141389858,0.25329527,-0.000445112,2045.837954,4.210121598,7.405316589,9.707788683,94.69624329,-6.131359577,1.911339283,-10.0462532,-41.16017914,3.637931824,6.531225204,-44.92559814,-9.99542141,-19.57506561,-10.32682323,-8.510609627,-0.370438486,0.259154916,-0.129881382,0.030886764,0.001431695,0.036028564,0.092715897,-0.054953896,-0.139947698,-0.168550491,0.072264411,-0.157797962,0
Man00786.wav,111.2781384,230.404707,229.7411903,230.404707,230.404707,224.7253166,0.004327802,0.20437798,-0.000156663,1968.523688,1.592274968,8.923617892,19.83726151,90.35644531,-5.232375145,-2.545455933,-20.43046188,-16.34398079,6.96848774,22.96967888,-59.53727722,20.35978508,-28.47263145,1.513955355,0.63377285,-0.161606759,0.074079908,-0.08459577,-0.074052356,0.194009259,0.109304801,-0.136576757,-0.294848114,0.035534684,0.005827271,-0.018271562,0.115805186,0
Man00787.wav,114.5388368,152.8910042,133.8703865,133.8703865,149.3989688,138.0981821,0.308510242,0.18623,-0.000278182,2648.90687,-4.539050856,19.3240363,11.82718053,74.04718018,37.9408226,22.88374519,-27.74640083,-35.73552322,-2.836542368,23.07639885,-28.74469948,32.02972412,-16.20130157,-18.99309921,-4.060072422,0.403593212,0.604014099,-0.061428007,0.056421891,0.047461949,-0.461063743,-0.136840224,0.221285433,0.096910603,-0.24471812,0.133631855,-0.406045049,0
Man00788.wav,242.6993409,261.6255653,244.1052839,245.5193714,245.5193714,247.4160721,0.824998543,0.15405779,-0.009815075,2299.936159,-92.95247089,9.314031074,14.28206492,70.70397949,8.231738091,-21.66135025,-38.93861008,-21.50800133,27.50094223,0.358038425,-21.929533,4.892988682,1.384062171,-7.597643375,-0.662437081,5.514886379,3.686807871,2.656524181,-5.513407707,-2.719754934,0.376520663,-2.24757719,-1.27446115,-1.212334991,-0.490797698,0.291896671,0.506841362,0
Man00789.wav,207.6523488,252.7136381,248.3721691,249.8109744,249.8109744,244.0567694,-0.236169887,0.17813212,-0.000661084,2256.715687,6.021063753,9.33045777,16.02125348,72.5070343,15.0902319,37.32753754,-49.24921417,-34.90367508,-18.99113846,46.84467697,-59.24127197,4.008377552,8.44209671,-34.80693817,10.48154354,-0.261193067,-0.100490712,-0.049915049,0.236464396,0.193318442,-0.014344333,-0.182817116,0.010393547,0.202235043,0.052908324,0.059922572,0.017647123,0
Man00790.wav,210.0651529,547.9978338,257.1309947,544.8415986,544.8415986,420.3005668,1.700426403,0.21776216,-0.000177811,3876.304602,3.147025477,10.75177006,14.43274087,-12.81053638,25.5390377,17.41884613,-43.15513992,-39.63353729,-20.43124771,-0.129760981,-30.40689659,8.836096764,-1.141547203,-14.07984924,6.466807842,0.03243427,0.186137885,0.060582981,0.051311072,0.088933423,-0.047734153,-0.066450939,0.14316453,-0.055070519,-0.027213791,-0.095631659,0.030353716,0
Man00791.wav,110,130.0593565,113.8791416,114.5388368,124.9054872,118.4714044,0.00017531,0.05834998,-1.04E-05,2113.212297,3.870522053,18.00298349,4.386714095,91.68888855,8.51546669,53.84727478,11.93559933,-26.33864212,-30.06747246,52.02432632,-41.0099411,-10.93878365,-8.663272858,-5.820319653,-13.49426079,-0.141999662,-0.672479808,0.376696825,0.177930608,0.015824685,0.178098723,-0.067621291,-0.271696746,-0.007791336,0.167493284,-0.04979625,0.150444239,0
Man00792.wav,192.6305945,193.7464922,193.7464922,193.7464922,193.7464922,193.672099,-0.012398863,0.2517114,0.002489869,3186.690128,47.29506293,16.45469041,7.985101828,42.38307571,-1.308492422,41.02933884,-21.00603294,-14.77611065,-2.400631905,7.711071968,-40.3415184,22.59737206,-19.9238224,-2.394223928,3.347171307,-3.337563515,-1.059770107,0.54965657,1.698246121,-0.799907148,0.831835747,-0.002563421,0.389370948,0.708373845,-0.443194866,-1.143881559,0.991912961,0
Man00793.wav,218.7328932,706.572136,272.4207993,288.619783,655.4580838,397.5803359,1.52723396,0.28353843,-0.000553132,2442.465706,-1.795916906,6.836276786,20.61529149,34.44436264,-6.193459988,-7.729878426,-19.49724388,-31.94698334,-11.30356407,-4.483475208,-25.6700058,7.236916065,-0.623947501,-0.336162239,-6.736567974,0.060493797,-0.16933535,0.345948845,0.020866001,0.004846736,0.01334477,0.068542413,-0.015567262,-0.034281395,-0.095063224,-0.065985143,-0.057243772,0
Man00794.wav,160.1218501,258.6205394,161.0494266,248.3721691,248.3721691,217.4408349,0.49270748,0.24124205,-0.000492301,3236.661175,-6.247632862,15.46962198,16.88012735,21.68801308,2.53887248,-2.173964024,-15.30882072,-42.22768402,-10.50679874,16.04831123,-37.78057098,12.16909981,-2.640257835,1.584012628,-5.021442413,0.317719698,-0.18883656,-0.114400394,-0.280297071,0.237012863,0.157662198,0.363457173,-0.095394723,0.003617667,-0.042505786,0.086815618,0.139675424,0
Man00795.wav,109.3664466,477.0598229,223.8455323,226.4464921,229.0776736,256.6704661,0.949827279,0.08330331,0.000442817,1941.730554,22.58249531,8.691621501,-28.01822046,97.64167786,-14.01890945,-24.25388336,-0.578463733,-29.29566765,-12.07053852,23.87298584,-56.14468384,-7.873939991,-22.55641747,-4.991288662,-0.593754351,-0.797910869,-0.707795441,-0.534127593,0.952767134,0.59157902,-0.142369583,0.438424885,0.198891446,-0.063017339,-0.097130589,0.570770502,-0.108138986,0
Man00796.wav,229.0776736,246.9416506,241.3014955,244.1052839,244.1052839,242.4484418,-0.181269094,0.18757544,-0.000660474,1992.404829,-3.21951277,8.203128775,16.1535059,95.19985962,-1.868234277,-9.862999916,11.03239059,-33.75805283,18.15828705,6.799162388,-49.69994354,4.362887383,-3.858498812,-14.42611027,-18.45131874,0.542170286,0.091406144,-0.200714037,-0.781834006,-0.626408458,-0.02573573,0.160516754,0.227097154,0.006532722,-0.130073458,-0.165966734,0.323493302,0
Man00797.wav,88.83315835,349.2282314,133.0993498,134.6458898,135.4258855,155.0702745,0.028862676,0.2397469,0.000189497,1573.26937,0.774506509,11.2070465,14.70325315,124.9613876,2.366250515,15.68248749,-33.89836884,-34.65482712,-1.966940284,7.683946609,-63.23934937,24.55088234,-29.04265785,-7.742442131,-1.729126334,-0.144403845,0.190800115,-0.18158567,-0.353157818,-0.047584042,0.054477651,-0.003560242,-0.069343649,0.023845362,-0.06345088,0.012336028,-0.076885708,0
Man00798.wav,103.2281796,244.1052839,105.3368002,106.2529962,207.6523488,147.4524185,3.06644575,0.13831426,-0.000847791,2231.710733,11.11561766,17.54710419,9.230429228,84.09733582,11.68729496,5.15909338,-63.82052231,-31.19710922,23.31276703,1.578287005,-43.50046539,7.248686314,-14.92598343,-11.26347828,-3.939306736,-1.075566053,0.732259214,0.605302811,-0.667444944,0.197792783,-0.758272171,0.335389376,-0.31785652,0.171154648,-0.483308822,0.133255959,-0.156922251,0
Man00799.wav,248.3721691,255.6500291,248.3721691,249.8109744,251.2581146,250.2417715,0.001000999,0.20374678,-0.000894654,2963.463061,-2.15604061,11.84295717,13.49179447,44.32065201,-11.32047272,-1.21133399,-41.55084229,-11.79431152,6.225195408,38.07916641,-33.10076523,22.07989502,-17.82189369,11.70729637,-0.332265109,0.441776067,0.347198308,-0.111015014,-0.526283562,0.217367634,0.351856709,-0.111801073,-0.118992887,0.128006056,-0.232167676,0.00125146,0.227631092,0
Man00800.wav,251.2581146,275.5861765,272.4207993,273.9989169,275.5861765,270.8285915,0.066328461,0.15681098,-0.000294643,2282.252899,3.3559745,8.40640411,12.57526857,65.87900543,-35.85888672,-19.77957916,-22.52434349,-39.47169495,-0.712700188,-0.284693658,-52.1464386,16.11187172,-0.312899292,-18.41142273,-0.43979764,-0.49523288,0.002879205,0.026932469,0.205006376,0.220915928,-0.161030769,0.000954785,0.021341391,0.073989123,0.154634431,-0.06811931,-0.074361637,0
Man00801.wav,220,442.5488941,246.9416506,246.9416506,248.3721691,261.6420463,-0.08056537,0.2518336,-0.00101527,3644.064167,-9.848241425,14.35798905,18.18050801,-6.239589691,-9.131669044,-3.931151152,-35.14272308,-29.29893303,-20.17449951,11.89479733,-16.62154961,4.492696762,-9.009451866,1.892625213,-17.56061363,0.454672366,0.052732989,-0.023532217,-0.254755646,0.213753507,-0.035169918,-0.064467236,-0.231436715,-0.105671823,-0.043217711,-0.224971756,0.060560789,0
Man00802.wav,231.7394279,312.929324,250.1727595,251.2581146,252.7136381,254.5208328,0.293986371,0.12627618,-0.000492659,2805.219972,-7.316957925,11.08903511,10.37223694,57.7445755,3.817098856,12.88917923,-13.92267132,-39.05952454,-8.715492249,25.58809662,-40.79072189,2.23015213,-22.39730644,-19.64410019,-13.47569084,0.527587235,0.044246588,-0.42839551,0.720375836,0.858882368,-0.260138392,-0.275560111,0.195642918,0.062458403,0.421145618,-0.209332004,0.113099277,0
Man00803.wav,121.3496704,127.0887967,124.1860845,124.9054872,125.6290573,124.678193,-0.010955394,0.10245218,-0.000298572,2978.994884,-1.231794072,23.89442989,7.560571983,28.30240631,-21.80554008,68.92897034,74.37828827,-43.24287415,-9.397348404,24.23620987,-40.13362503,12.6124773,-42.3457222,6.86734581,-8.893586159,0.53055799,-0.13653259,-0.693772137,0.002566035,0.312598258,-0.179507345,-0.031167133,0.070942841,-0.007454908,-0.103578292,0.060421426,0.125770241,0
Man00804.wav,119.9558506,214.9751931,120.6507478,122.0526419,122.7596857,131.6397038,-0.030112865,0.09891206,-0.00067095,1961.51801,-6.664436745,15.23561847,3.332686523,101.0817337,29.36778069,21.06623268,-18.56567001,-63.61432648,-0.836380959,20.16529083,-42.93199921,10.92557621,-7.91980505,-8.758901596,0.427406996,0.363062799,0.262554795,-0.176232278,-0.157966077,0.190768734,-0.073035263,-0.139672503,0.310831636,-0.077952325,-0.059827249,0.143525064,0.026096344,0
Man00805.wav,124.9054872,125.6290573,124.9054872,124.9054872,125.6290573,125.1165285,-0.023114046,0.15694092,0.004584157,3375.057761,12.81656319,26.97676052,12.45349921,44.81560135,25.42649078,13.38720798,-18.87018776,-40.92195892,24.81855011,30.86113548,-22.567276,2.385910988,-15.82977962,-15.51548481,-11.21920395,-0.540921628,-0.749712765,0.640807092,-0.033667475,0.627607763,-1.061845183,-0.278269142,0.631144404,0.161332607,0.134498015,0.841475546,0.017636187,0
Man00806.wav,227.7582832,254.1775933,239.9117012,249.8109744,249.8109744,245.9880222,0.296500595,0.1961165,-9.07E-05,3025.459668,0.265064333,12.29191671,14.30836219,39.68497849,7.147501945,8.704446793,-41.2651329,-22.02921486,-16.2930851,30.6692009,-26.29878616,5.288669109,6.684356213,-6.685490131,-2.101422071,0.316491514,0.27758342,0.33692047,0.5052284,0.498789489,0.092511058,-0.080594696,0.09055648,0.024086369,0.067599073,0.087739855,0.040740207,0
Man00807.wav,72.15494574,601.057713,109.524835,110,114.5388368,140.2304203,9.568484835,0.11963478,-0.000308518,1862.465033,46.8695498,15.63378238,12.66254954,121.1868134,8.943007469,16.97480583,4.829168797,-51.8203392,18.90469551,48.47272873,-56.69809723,1.56913805,-20.70727158,-15.91535759,-4.700088501,-0.969913721,-0.468473941,-1.198532224,-0.656315088,-0.395530134,-2.042433023,-1.071767688,0.29741329,0.974213183,1.446109533,0.947070777,-0.069148235,0
Man00808.wav,129.3102697,1216.083334,239.9117012,241.3014955,245.5193714,399.5512388,2.815714893,0.19179755,2.27E-06,2779.825015,-7.732382445,10.05634625,12.78997899,67.13738251,-6.080879688,-15.02240849,-8.468773842,-18.48561096,0.008031247,11.28234482,-27.69161797,8.370223045,-17.30042267,20.81211853,-0.454433769,0.55514729,0.134905055,0.215834647,-0.08777342,0.085314207,-0.089944668,-0.176904663,-0.107209943,-0.083664969,-0.221679151,-0.248283476,-0.043306783,0
Man00809.wav,114.5388368,130.0593565,121.3496704,122.0526419,124.1860845,121.8496012,0.082248196,0.17490952,-0.000285528,1392.808824,-2.416010145,11.44209715,16.92324443,135.2559814,-0.004473526,15.89943981,-34.59595108,-59.17601395,1.797805905,25.41189384,-36.37828827,19.15665627,-9.228700638,-15.81597614,-2.04556942,0.252613842,-0.049824402,-0.04050757,0.000182766,0.079658091,0.140317887,0.050648179,-0.121997997,-0.091422603,-0.041309875,-0.026102128,0.013120512,0
Man00810.wav,218.7328932,320.2437002,218.7328932,220,220,223.4592521,-0.937456428,0.14852993,0.000268733,3195.937895,6.424138529,14.40871784,14.69045767,55.32786942,60.15021133,-16.69153976,-31.41057014,4.773890018,0.316178888,-1.767861128,-80.93347931,32.67047882,-30.35570335,5.779644489,5.399677753,-0.315694273,-0.294715047,-0.596826792,-0.025934605,0.255624563,-0.010781824,-0.214162886,-0.350609243,0.112456128,-0.511887252,0.708652794,-0.11778228,0
Man00811.wav,161.0494266,482.6029911,225.1422562,237.1560803,245.5193714,281.2097836,0.021953536,0.22445945,-6.57E-05,2162.594425,-1.616293753,8.255971147,11.99445911,74.469841,1.874988198,19.42986488,-34.17879486,-18.57740593,-12.96057415,-2.106297016,-16.97345161,3.439091206,-13.75913429,-9.811969757,-5.715126991,0.001718728,0.174212605,0.143472478,0.09143912,0.174171716,0.095845781,0.037552096,0.080174096,-0.184674829,-0.051397469,0.029642245,0.086248659,0
Man00812.wav,965.2059821,1549.971938,1282.547439,1337.693979,1349.328943,1303.667866,5.763825201,0.17307821,0.001700157,3789.823349,-12.05436103,2.929674987,7.7033175,32.42314148,-47.50065231,-22.08165169,-15.69032383,13.73978519,3.246930361,24.82343292,-56.27715302,3.546428204,2.78316164,8.786709785,-2.374404907,0.151127934,-0.206466794,0.224514142,0.297555476,0.236647069,-0.232850596,-0.774388015,0.212517768,0.072213337,0.118331067,0.041289426,0.04740287,0
Man00813.wav,187.1467754,560.806676,275.5861765,374.2935508,374.2935508,358.4668355,1.155471021,0.197455,3.87E-05,2651.778562,18.15718334,7.911208977,13.72146273,57.02137756,-12.39264107,2.151929379,-64.75588226,-29.05354118,-4.953581333,17.40761566,-40.54414368,24.11589813,-11.18663788,12.27403641,4.293010712,-0.473707527,0.253392756,0.001221095,-0.014945619,-0.605662346,0.035052605,0.305158973,-0.335528374,0.57330054,-0.261654347,-0.03029874,-0.172445476,0
Man00814.wav,65.40639133,131.5705734,65.40639133,130.8127827,131.5705734,113.4225824,0.062080333,0.1388443,-0.000520636,2913.993431,11.83724048,28.52733778,7.305529733,65.42990875,32.30345535,14.55723,-23.68267632,-56.04590988,17.40560532,22.20090103,-42.4451561,25.56699944,-3.989450455,-11.11876774,19.57186508,0.165280759,0.240042135,-0.061124012,0.432985365,-0.886208355,0.793291509,0.57057631,-0.30593735,0.353623539,-0.621389568,0.659437418,-0.762179375,0
Man00815.wav,38.0026042,117.8950809,115.2023535,115.869714,116.5409404,113.7491965,0.555821712,0.12393454,-0.000400125,2449.516235,13.10160099,21.29535553,9.900913023,89.61669159,34.87940979,24.33996391,13.25056934,-48.83942795,23.72953415,10.10806465,-1.209384799,-2.05040288,-2.826201916,-10.77681923,-12.29536438,-0.43496576,-0.57506144,-0.024277357,0.341642171,-0.00975875,-0.167119741,-0.548687935,-0.240862861,-0.003610079,0.044210173,-0.147952706,0.015357738,0
Man00816.wav,113.8791416,116.5409404,115.2023535,115.2023535,115.869714,115.4417715,0.001089235,0.13442273,-0.001008901,2158.958088,-9.752136964,18.71084309,12.89349902,98.7442627,39.71332932,7.292461395,-18.88948631,-33.84571075,4.79974699,20.19916725,-41.67998886,12.66258335,-15.61735439,19.73772621,8.697290421,0.191844076,0.310211539,0.431003332,-0.180304736,0.006060452,-0.052928343,-0.09255635,0.48934561,0.001948313,0.173934937,-0.224768654,-0.153894156,0
Man00817.wav,108.7365422,221.274447,110,110.6372235,207.6523488,156.6780897,-1.404063897,0.17736356,-0.000783848,2738.116393,-9.905872178,18.52181631,11.47003769,73.73428345,19.47798729,31.71189308,-23.7633934,-26.97023964,-12.13571453,13.45617867,-50.5559845,15.21609497,-30.36727715,-0.860510707,-13.97860146,0.747151852,0.285190165,0.444014192,-0.613623798,-0.257237166,0.749385893,0.154561296,-0.23662129,-0.06469398,0.071915627,0.06471628,0.068357728,0
Man00818.wav,93.5733877,124.9054872,99.85625509,121.3496704,123.4708253,113.3397177,0.022585847,0.108327866,-0.000210002,1878.427191,0.852315456,16.56086138,11.90479563,120.9576492,38.04624557,6.893758297,5.521945953,-48.45393753,-3.893827677,29.61108971,-43.79178619,-5.287250519,9.109292984,-23.7164917,-11.40228271,-0.120355345,0.574838221,0.111141838,-0.383729696,0.008391007,-0.227560326,0.287714571,0.120400451,0.023487983,-0.041495427,0.034244951,0.083419114,0
Man00819.wav,124.9054872,1115.153334,249.8109744,249.8109744,251.2581146,307.3001563,1.999288786,0.22771531,-0.000698104,2648.875852,-3.496545412,11.83165124,14.47047864,46.43929672,-42.09830093,12.35507393,-34.03347397,-7.916977882,15.78461456,35.99430466,-7.92265892,-3.749496937,-4.273008347,5.637989521,0.217608064,0.215128422,-0.02811631,-0.529971957,-0.258965641,0.274044365,0.24305591,0.467738569,-0.427422196,-0.016188787,0.10312295,-0.109021075,0.445693523,0
Man00820.wav,32.70319566,32.70319566,32.70319566,32.70319566,32.70319566,32.70319566,,0.18405849,,49.72040351,,1.520353057,-200,79.30036926,71.15718079,60.34329987,46.92731857,34.09477615,24.47223282,16.89398575,11.99188232,10.99012756,11.38612175,12.03121758,14.04371834,,,,,,,,,,,,,0
Man00821.wav,84.8215954,152.0104168,106.4068755,116.5409404,132.332754,116.8548869,-0.403813671,0.1754308,0.000149533,1867.933693,-1.789917375,16.71612603,12.78586365,114.7567749,8.0320158,20.17741203,13.85697174,-30.72938728,-7.145071507,30.64099312,-57.42645645,-5.09176445,3.021049023,-10.29115582,-13.80426979,0.391677082,-0.072246596,-0.274724782,-0.22410576,-0.11889334,0.231925443,0.111874148,-0.045084305,-0.103734203,0.016590778,0.17986849,-0.014004755,0
Man00822.wav,128.5654973,270.8517709,201.7031563,269.2917795,270.8517709,231.015645,-0.166423243,0.18755832,-0.000912443,2010.310308,7.016226837,9.474025706,14.09768646,102.9144363,-5.105620384,0.522876203,-42.85515976,-42.89598846,-2.807400942,36.62368774,-43.22158813,11.00537109,-9.91767025,-16.87512398,-10.67939281,-0.203616902,0.195629105,-0.265960246,0.404106706,0.129985958,0.307318717,-0.365603328,0.002423348,0.058156781,-0.013097405,0.274764568,0.129701689,0
Man00823.wav,485.3986818,488.2105677,488.2105677,488.2105677,488.2105677,488.0699734,-0.032805336,0.15685797,-0.001791821,4329.988116,47.43771506,8.871891307,11.92402866,-4.198101521,21.19432449,20.77535629,-4.98278904,-44.60398483,-11.7264719,6.782658577,-28.11614609,-11.84410286,-7.819723606,0.993959129,-7.416248322,-0.32555452,1.306299686,-0.556030631,-0.665875912,-0.10181018,-0.185128659,1.848727584,0.81782943,0.581078649,-0.519521415,0.105387069,0.438445628,0
Man00824.wav,258.6205394,325.8414615,261.6255653,272.4207993,285.304702,275.3925664,-0.685864685,0.18709056,-0.000592492,2864.541229,-2.260416628,10.40009758,17.37544223,28.2760601,7.824766636,3.156458378,-47.73171234,-28.09477615,-28.58474922,17.25875092,-37.30149078,-4.68900013,1.807760239,-6.781513214,-8.979234695,0.243094623,-0.107734084,0.040078219,0.050001971,-0.238728881,0.323323965,0.21259293,-0.227386847,0.298972607,-0.12999773,0.015860798,-0.111211956,0
Man00825.wav,260.1187129,293.6647679,266.1986996,269.2917795,272.4207993,271.1500278,-0.153143222,0.12832266,-0.001015406,2619.930723,-3.169701592,9.663883413,15.23293924,49.46183777,-1.426405549,-31.90057945,-15.43994522,-33.23290634,-2.559962988,-7.599615097,-51.46697998,5.010056496,-10.30246067,-7.149096966,-11.37295914,0.166753039,0.291989028,0.010081354,-0.116286196,-0.030175967,0.075777508,0.047419235,-0.000506258,0.038276426,-0.020168746,-0.03232,0.231378138,0
Man00826.wav,108.7365422,140.201669,110,110,110.6372235,111.5649102,-0.155683125,0.08517274,-0.00016598,2061.405255,2.534375337,18.53511828,7.874433436,87.09056854,-79.72943878,-22.13016129,-36.03726196,-41.65387344,9.074512482,17.79627991,-36.71154022,4.253020763,3.033506155,23.18361092,-4.128882408,0.080931462,-0.785847604,-0.453004062,0.16044578,-0.025557403,0.089433461,-0.017277122,-0.020684823,0.276861906,-0.02475011,0.175407335,0.128670424,0
Man00827.wav,129.3102697,263.1411468,173.6084124,174.6141157,195.997718,183.2682536,-0.819831333,0.20647067,-4.45E-05,2444.920992,2.581434842,13.95900726,13.61370497,67.11253357,17.55695534,16.79460144,-0.713780165,-21.11468506,3.576804876,4.243515015,-39.68179703,-2.830643892,-23.03529549,3.946443319,0.632591486,-0.062563851,-0.114380591,0.047992639,0.139048517,0.125149995,-0.003413149,0.070130654,0.058463044,-0.212236315,0.040652007,-0.104294233,0.014521918,0
Man00828.wav,122.0526419,267.740773,266.1986996,266.1986996,266.1986996,238.548238,0.65053054,0.18759516,-6.74E-05,2227.670275,3.780360397,9.697855734,18.2940748,61.40578079,-8.859882355,44.0019455,-11.20405483,-50.94094467,-4.155626297,23.67725563,-64.3540802,21.51042175,-25.13101768,-2.319438457,-3.233319044,-0.321705133,0.191180527,0.402498454,0.040731546,-0.177890807,0.018235307,-0.067803413,0.010292013,0.029689323,-0.212809756,-0.131321102,-0.135152608,0
Man00829.wav,114.5388368,125.6290573,122.0526419,124.9054872,125.6290573,123.0040697,-0.011794746,0.11043173,-0.000125766,3024.49981,7.471966209,24.66522066,7.733348788,63.46046066,-0.522458971,-2.447524548,-13.30064106,-35.06719589,22.33187294,14.92507648,-59.05856705,13.96556091,-9.109909058,-9.185318947,-0.007942102,-0.066998057,-0.168208525,-0.356548607,0.316073567,-0.013677993,0.268669873,-0.183402807,-0.172825411,0.082007319,-0.167501867,0.207106024,-0.189056292,0
Man00830.wav,149.3989688,245.5193714,242.6993409,244.1052839,244.1052839,236.6658137,-0.29594524,0.21150318,-0.000756999,2423.388828,8.541645335,10.24782343,13.22627598,64.81697845,-15.01779938,21.91454697,-25.07769775,-22.29983139,6.214574337,10.07639122,-51.9787674,-1.623865843,-15.09708023,-10.11154747,20.26246452,-0.532650888,-0.462575406,-0.574283779,-0.55172497,0.466237664,0.304818571,0.200668871,0.194115162,-0.233609736,0.028735137,0.215878814,0.058120318,0
Man00831.wav,103.8261744,119.2649557,116.5409404,116.5409404,117.8950809,116.1587924,0.012769382,0.12411868,-0.000117132,2115.56777,-1.568998392,18.16780633,11.46190471,110.9717941,19.97005653,19.43531418,-18.69395256,-44.23976898,25.86665916,23.40793037,-51.97675705,10.00238132,-19.86616707,-5.54430294,0.233934119,0.037169129,0.546471655,0.531686604,-0.70089668,-0.623685718,0.172065735,0.242546782,0.17001617,0.132302701,-0.000825764,-0.272792906,0.013171774,0
Man00832.wav,218.7328932,252.7136381,220,233.0818808,249.8109744,237.2641977,-0.346807456,0.16666433,0.000219021,2102.621775,0.448357823,8.870933578,16.74718319,83.39591217,-39.69289017,7.779472351,-29.05246353,-31.16252518,9.357571602,18.90371323,-62.004673,27.34995842,-15.51840687,7.628096581,-5.515695095,-0.111414157,0.206170082,0.312554985,-0.252110004,-0.463477492,0.061918195,0.106341064,-0.215423375,-0.231842652,-0.289142311,-0.124991417,0.067848109,0
Man00833.wav,126.356819,146.832384,130.0593565,130.0593565,130.8127827,131.6910464,0.135652344,0.13476434,0.000363775,2172.373691,2.168434849,16.57440855,13.35694904,92.66937256,-24.62075424,30.41173363,-14.41732979,-33.0977478,2.968690157,14.43756866,-41.76074219,29.65967369,-4.120743275,-16.55924797,-1.123075604,-0.102311231,-0.38413775,0.206217483,0.365662873,0.174292117,0.001600975,-0.52556622,0.271248132,0.106115535,0.078913249,-0.288420975,-0.13319163,0
Man00834.wav,180.7718692,275.5861765,273.9989169,273.9989169,273.9989169,267.0825087,-0.476063626,0.21765418,-0.000376834,2125.768957,-7.449680062,7.997774458,19.96303811,59.14821243,14.48982525,12.62163544,-69.70189667,-10.89673901,-4.543842793,-0.356692344,-65.07621002,14.10365582,-11.93514061,-12.42493534,18.0645752,0.433638781,0.1607088,0.046546265,0.263061315,-0.224089861,0.052426994,0.117811143,0.015974464,-0.209002405,0.012193159,-0.10189826,-0.022577645,0
Man00835.wav,113.223246,151.1349012,117.8950809,119.9558506,123.4708253,121.3079495,-0.088857634,0.15665098,4.78E-05,2918.240478,6.910485106,24.11022697,12.64545585,88.14751434,51.3284111,-3.62383461,10.02404594,-75.12590027,-8.003198624,19.33535576,-53.08243179,14.56102467,10.18153763,13.29397297,-15.97350121,-0.280190676,0.866460264,-0.124843001,-0.762170315,-0.212321892,0.366448879,0.314976245,-0.179265678,0.448340654,-0.210760504,-0.14681235,-0.400441766,0
Man00836.wav,124.1860845,139.3941668,124.9054872,125.6290573,125.6290573,127.5942051,-0.246598084,0.086249314,-0.001431241,1916.742742,-6.400089442,15.05046856,12.56746239,122.0122833,-12.68324852,26.91719437,-29.1647377,-67.56841278,25.11937141,37.80147171,-60.98054886,31.87309456,-23.41748428,4.812363148,-0.398427427,0.286732465,0.162134781,-0.629539251,0.633396924,-0.006403795,0.146435469,0.146192342,0.055253703,-0.881271839,0.162622124,-0.137405634,0.193345919,0
Man00837.wav,117.2160552,401.157895,148.5384941,270.8517709,272.4207993,248.8078962,1.399749424,0.2521541,-0.000737758,2728.489376,8.604810498,11.96379237,16.81885143,51.3970871,16.77171135,3.127177715,-11.33493233,2.343651772,-15.20092869,2.77350831,-21.27114296,20.65471458,-14.12942696,0.154632509,-10.91928864,-0.688548565,0.836079001,0.518467307,0.011422839,0.099085987,0.202448145,-0.045100097,0.021153405,-0.177960917,0.099640794,0.159100771,0.017900009,0
Man00838.wav,502.5162293,502.5162293,502.5162293,502.5162293,502.5162293,502.5162293,,0.15539826,-0.002641216,2939.961882,67.92272341,5.850481458,5.608527034,63.41216278,-8.001448631,40.90712738,-0.291454494,-41.21030045,-11.98007679,33.85857391,-39.30490875,11.31199551,-10.46089745,-4.221469402,-7.750870705,-2.650174856,0.798013031,0.107518919,0.481516153,-1.842102051,0.675177574,1.531028032,1.748970628,0.266587287,-1.013757586,0.41855514,-0.066156693,0
Man00839.wav,225.1422562,277.182631,248.3721691,249.8109744,275.5861765,255.4077602,0.394544082,0.17707571,-0.000984062,2470.425402,-11.49610944,9.677428071,15.02099897,63.19443893,-46.79719162,10.31103992,-42.78517532,-25.97443008,-19.95859146,17.81686783,-59.2124939,28.15387535,-15.28251934,0.271609038,2.405544043,0.394381911,0.420315772,-0.35675472,-0.237254277,-0.310524285,0.457551301,-0.109975643,-0.282539815,0.034071706,0.078351244,-0.189796701,0.057692043,0
Man00840.wav,112.5711281,255.6500291,233.0818808,251.2581146,252.7136381,219.0547299,-0.866393104,0.12543504,-0.000417271,1823.797554,-0.640749322,8.778512199,13.93303961,103.1686707,55.10166931,43.13814163,-4.721894264,-59.91878891,-5.734184742,30.3148613,-57.42826462,21.07414627,-26.28746796,-0.627831101,-14.76095486,-0.153942004,-0.031149555,0.268307686,0.183419093,0.076407343,-0.124153875,-0.102219842,0.182636082,-0.165794834,-0.190103069,-0.012139549,-0.148773849,0
Man00841.wav,206.4563593,251.2581146,225.1422562,229.0776736,242.6993409,230.7446702,0.099832437,0.18572006,-8.07E-05,2730.9262,-1.761827724,11.89207502,13.40501821,47.66238022,-5.018730164,10.49119663,-15.46632576,-25.68304253,-12.77964211,9.829696655,-42.12524796,2.664946556,-10.84400845,-7.29554224,-15.05793667,0.047948766,-0.382985502,0.455501735,0.483861804,0.240641356,0.529547572,-0.371604741,-0.168664649,0.152050346,-0.286667973,0.1139981,-0.096865945,0
Man00842.wav,58.27047019,123.4708253,105.3368002,111.9227661,117.2160552,108.1652496,-0.05099571,0.13025258,8.96E-05,1417.130602,-0.121407331,13.30366518,12.7988758,140.4003601,25.72470665,8.565236092,-4.982198715,-42.17853165,-6.094676018,37.34871292,-29.69242668,1.125623584,11.4805479,-3.389929295,-0.957456887,0.085570514,-0.012157164,-0.091547683,-0.140580252,-0.035502195,-0.255313277,0.222113132,0.166549608,0.017060041,0.082157761,-0.022652995,0.051079407,0
Man00843.wav,88.321517,273.9989169,125.6290573,126.356819,267.740773,176.2652528,0.199401752,0.21072465,-0.000635293,2701.14127,0.300694425,17.20528968,7.268441171,63.64902496,-32.39427567,21.88905716,-5.234377384,-22.35763741,0.30511111,2.988209963,-25.14086533,11.52476788,-7.378561974,2.368542194,-6.300768852,-0.156628326,-0.046508893,0.069646597,0.238795593,-0.18018052,-0.0790767,0.204599261,0.0100145,-0.167704225,-0.100613847,-0.188149199,-0.106659256,0
Man00844.wav,217.4730845,244.1052839,220,230.404707,239.9117012,230.3157214,0.029789297,0.17647353,-0.000394854,2065.583691,9.198483146,8.861625428,13.22129481,79.18772888,-5.901724815,24.44330597,-3.9581604,-44.35662842,8.777223587,15.89080429,-49.07292175,15.48835564,-4.751635075,-7.195057392,4.936428547,-0.537282109,-0.081946902,-0.035295259,0.227641866,0.124522328,-0.242377043,-0.045111638,-0.08205881,-0.036118645,-0.162958622,0.060386289,-0.204453737,0
Man00845.wav,91.43616858,117.2160552,115.2023535,115.869714,115.869714,115.0723381,-1.08E-15,0.13341215,-0.000406615,2012.393817,-1.291022563,17.47577698,12.18059338,110.9992142,11.87020588,30.56362343,-22.04900742,-59.42942429,34.42025757,29.55325699,-60.25419617,25.17022514,-20.06925392,9.597671509,-4.020728111,-0.338721514,0.463512987,0.400554538,0.016694406,-0.121926546,0.074500628,0.085588641,0.406759888,-0.316874266,-0.266655117,-0.443203151,0.021343745,0
Man00846.wav,229.0776736,508.3551866,233.0818808,252.7136381,458.1553471,352.0296702,0.273144382,0.1931313,-0.000185151,2783.074135,2.521220154,8.973191766,14.44348344,34.59407043,-0.888114989,-3.675492287,-29.45382881,-45.51879883,2.529015779,14.98131466,-31.16563606,1.077179193,-22.62468338,-9.769456863,-18.04948425,-0.308323711,-0.426666111,0.314527512,0.336114854,0.327105314,-0.156944305,-0.108395383,-0.160420567,-0.085488282,0.116682909,0.03288148,0.067354895,0
Man00847.wav,124.9054872,440,124.9054872,125.6290573,437.4657865,230.5147067,3.821795888,0.12955639,-0.000725425,3741.33874,26.29351239,21.51867796,8.760810179,18.06795311,-0.687625587,16.24649811,-16.91193199,-65.39321899,5.425137043,-2.331174612,-39.57278061,-2.308183432,-11.40890217,-6.583855152,-5.376488209,-0.72950995,0.287758112,-0.755398035,-0.716046274,0.107080042,-0.037396219,0.367590427,0.435109884,-0.319474131,0.014131651,-0.499189675,-0.067812368,0
Man00848.wav,99.13755089,127.8250146,117.2160552,118.5780401,121.3496704,119.0020601,-0.009947237,0.15054365,0.000130139,2852.335076,-5.979681465,24.00672393,14.26732712,71.73344421,73.737854,32.66533661,-16.98807144,-57.47737885,17.24479294,16.57419777,-44.10451889,12.14226627,-6.169359684,-8.695791245,-17.45066643,0.376028717,-0.309901297,-0.164544448,0.145331964,0.370584756,-0.292464584,-0.413146108,0.241205618,0.009926579,-0.280286968,-0.12957193,0.074394926,0
Man00849.wav,122.7596857,275.5861765,124.1860845,134.6458898,273.2098581,181.5035441,-0.007991176,0.13422734,-0.000276494,3008.961826,-6.129990666,19.3308201,11.04523342,45.80445099,3.922018051,14.48100758,-20.26032639,-64.44703674,-6.037473202,25.91870308,-43.27222061,-5.640460968,0.919762313,-16.79512787,-2.632143497,0.091073096,-0.324542105,-0.111407138,-0.080614731,0.023548592,-0.041848596,0.021431066,-0.001488581,-0.149585709,0.063636929,0.052404262,0.020626413,0
Man00850.wav,124.1860845,133.0993498,124.9054872,125.6290573,125.6290573,126.4762762,-0.014300994,0.123005606,-0.00052376,2549.400195,-7.961883759,20.18478278,15.01872278,82.90823364,11.98646641,-10.34918499,-23.98042679,-49.48106384,21.16267776,19.44110298,-55.69253159,12.90958405,-6.427810192,-6.226818085,-5.434120178,0.080548927,-0.343859315,0.206661925,0.2429986,-0.018295223,-0.06629803,0.087312348,0.110589884,0.000837313,-0.17337963,0.106725216,-0.036483943,0
Man00851.wav,229.0776736,255.6500291,248.3721691,249.8109744,249.8109744,247.8268986,-0.240779216,0.17373207,-0.00165274,3251.554708,0.634844296,13.13035606,17.11573769,9.834908485,-20.95027161,-4.286222935,-12.79881001,-45.95309067,14.56632137,3.640879869,-35.60269165,-5.8388381,-2.247292519,1.592587471,-0.446013063,0.728804767,0.362128258,-0.127542168,0.171810448,-0.330067486,-0.308383912,0.68158561,-0.78997016,0.535434484,-0.26724866,-0.122380219,0.08752235,0
Man00852.wav,218.7328932,229.0776736,218.7328932,220,220,219.9005108,-0.030249657,0.117363766,-0.000879422,2146.065585,22.88916695,9.762211719,12.82042787,100.7937622,-1.576895833,9.106161118,-52.67179871,1.302728891,-29.34391975,32.5881691,-64.92552948,7.5516572,6.032631874,-28.22310066,17.3693428,-1.119408727,0.366625011,0.739041865,-0.75962007,-0.110702924,0.471003592,0.253606021,-0.028437061,0.46324867,0.36077255,-0.206435502,-0.035552692,0
Man00853.wav,195.997718,251.2581146,226.1204331,230.404707,248.3721691,230.7574743,-0.167499233,0.19729055,-0.000251398,2066.612137,13.98313588,9.097156579,15.91562867,80.59407043,-15.14207935,15.00220013,4.460513592,-30.70771217,-15.32778454,30.75530243,-55.2396698,7.720386982,-16.23740959,-11.31468105,-13.70191193,-0.516184092,0.168639898,0.154193908,-0.164480463,0.079112865,0.418455392,-0.168540239,-0.178001314,0.191569641,-0.172481775,-0.03618687,0.115164801,0
Man00854.wav,173.6084124,199.4236978,195.997718,197.1331212,197.1331212,193.8882188,-0.139742893,0.22439331,-0.000918294,2460.94093,2.339121643,12.73330218,16.25982406,64.95394897,19.60440254,1.68321836,-44.3768158,-28.67642212,-26.41592216,30.49892426,-46.12285995,22.077631,-11.10066891,-6.381868362,1.670946717,-0.102008544,-0.142633736,0.363440961,0.112369485,0.107477464,-0.084150411,0.03137688,0.109852076,-0.271419853,0.007113238,-0.085327722,-0.233669564,0
Man00855.wav,116.5409404,363.63814,117.2160552,244.1052839,258.6205394,208.0285337,-1.355677305,0.13745114,-0.001030229,2221.271901,-1.734994927,11.68746509,14.07538331,84.71208954,2.203217983,6.788022995,-12.90746021,-65.60614014,-18.32171249,39.45442581,-53.06487274,3.172322989,-16.48066521,-6.672523022,-15.847085,0.121875659,0.3461622,-0.141052991,0.337037891,-0.235369965,-0.069682449,0.261135459,0.000640403,-0.188687816,-0.051665664,0.115148835,-0.237682626,0
Man00856.wav,109.3664466,154.6675121,110,111.9227661,112.5711281,117.6327861,0.666267742,0.14275208,-0.001197002,2106.156067,9.201442162,18.19993195,13.35814148,106.0077133,59.32271957,12.31987381,-32.92780304,-30.74186516,-12.79027367,56.56393433,-29.57316017,-1.054328561,1.123219371,-10.92461491,-14.85155201,-0.869904399,-1.029056907,0.396126658,-0.259680599,-0.454154521,0.466215611,-0.359133929,0.100744367,-0.425224423,0.349586993,-0.070874847,0.435378909,0
Man00857.wav,133.0993498,269.2917795,266.1986996,267.740773,267.740773,239.7796947,-0.824605192,0.15141466,-0.00030614,2690.80093,10.26329452,12.0000828,11.58948408,34.82514191,-11.63282871,31.89590836,22.461483,-41.86965179,-2.357478142,-0.682919204,-42.16150284,7.695184231,-18.30867767,2.953066349,-14.46726894,-0.037520137,0.655240059,-0.466281801,0.210834414,0.903426588,0.369763643,-0.106338866,0.20187223,-0.1908831,0.262728333,0.017717879,-0.109353244,0
Man00858.wav,78.232331,587.3295358,156.464662,163.8645209,168.6661179,219.4726494,-0.061796397,0.1403852,-0.000668752,1730.144862,-4.499866122,10.87396178,12.60741859,119.4832764,-13.71719742,-9.762507439,-0.4914473,-42.6721344,5.936215401,15.77580929,-41.10453415,-2.86622858,-2.238435984,-0.364055336,2.976285219,0.233540297,0.124643184,0.309451997,-0.546907187,-0.058654025,0.371903986,-0.023143062,0.036642864,0.148086771,-0.209509164,-0.238587141,-0.022725122,0
Man00859.wav,109.3664466,111.9227661,110,110.6372235,111.2781384,110.5185342,-0.012405624,0.167885,-0.000194868,1901.803846,0.230599677,17.22188694,13.98964276,103.962471,28.51318932,39.56636429,-20.50423431,-55.12295151,-9.787911415,19.37101746,-21.40645599,-16.40759277,6.847673893,-13.53013039,-22.27695465,-0.022884704,-0.324987918,-0.385743618,0.338133246,0.176884025,0.135348424,0.146635681,-0.090581246,0.165983945,-0.03684441,0.054935534,0.161360115,0
Man00860.wav,218.7328932,493.8833013,228.0881308,233.0818808,261.2488522,249.929196,1.207114602,0.20231503,-0.000292391,2471.996136,1.812014121,10.20336876,16.64119296,41.3576355,-4.041151047,25.12121964,-43.97340012,-19.80935669,-18.76327133,-1.024602652,-47.09680939,-12.37090588,9.292596817,-21.4098587,8.583762169,0.017830169,0.142204598,0.121568501,-0.021845507,0.115854412,-0.184690282,0.077603683,0.000551979,0.092206724,-0.145293906,0.118663453,-0.001833874,0
Man00861.wav,96.31529725,117.2160552,113.223246,115.869714,115.869714,113.7442672,0.105063096,0.09945598,-0.000360837,1668.026687,-1.343277638,14.7090411,12.12910734,137.7361755,-15.52343369,9.72306633,-49.39196396,-35.00967789,3.253463745,46.9438591,-48.64069366,15.55814457,13.39658165,-15.76093102,15.97595882,-0.021175019,-0.030276217,-0.055997036,0.192046016,0.076536104,-0.279564381,-0.154317454,0.103308275,-0.12520352,-0.236869752,0.406340271,-0.189407215,0
Man00862.wav,123.4708253,195.997718,123.4708253,124.1860845,124.1860845,128.4220414,0.509779436,0.19368127,-0.000673837,2207.646843,11.29222653,17.0134123,19.72139723,89.44874573,32.3522644,-2.085659027,-9.330636978,-40.67411041,-4.877236843,17.03201103,-38.81449509,16.14178848,-2.3983078,-1.515878081,-8.924056053,-0.365911514,0.048494443,-0.191659987,0.24349992,0.409894168,-0.177008167,0.097353011,0.135707825,-0.02484775,-0.03623908,-0.326606899,0.091226071,0
Man00863.wav,110,119.9558506,111.2781384,111.9227661,115.2023535,113.476794,-0.031453969,0.17587657,-3.56E-05,1998.364227,-2.112893575,17.58928805,13.28047335,98.59004211,12.1549654,50.90981674,26.64666939,-53.79942703,-18.86680603,18.05660057,-35.23629761,15.50307274,-35.11419678,-1.965630174,5.006449223,-0.020901138,-0.254031867,0.006265054,0.606254578,0.327257037,-0.675661743,0.354881406,-0.131027326,-0.124661393,0.037477829,-0.107875004,0.089300543,0
Man00864.wav,249.8109744,270.8517709,251.2581146,266.1986996,267.740773,260.3532239,-0.122512811,0.18485343,-0.000321189,3356.209434,-1.830133261,12.92289759,12.62580175,19.31405449,6.913707733,22.91693878,-36.16199112,-66.12384033,25.35113907,-3.889346123,-50.89772415,14.65713501,-17.35243416,1.544309735,-16.34768867,0.159211904,-0.386333704,-0.177183017,0.200310022,-0.101043127,-0.095047049,0.196045339,-0.164470643,0.019933552,0.037986703,0.038730986,-0.109164879,0
Man00865.wav,244.1052839,286.9574553,270.8517709,272.4207993,273.9989169,271.88563,-0.21316637,0.19062407,-0.000699929,1801.806302,-0.206022804,6.618616149,17.28406074,96.43658447,23.80341339,17.26165199,-8.119236946,-45.16773605,4.154148102,32.70550156,-40.53998566,12.70066547,-9.365037918,-5.946807384,-15.19050694,0.123812735,-0.094327956,-0.061022419,-0.418108493,0.20245713,0.247741371,-0.034720022,0.040020671,0.208950862,0.191670254,0.053551581,0.13337326,0
Man00866.wav,119.9558506,482.6029911,230.404707,231.7394279,404.0661156,305.5269121,-1.194032184,0.19134958,-0.001160592,1709.5944,-0.552062055,6.344378572,15.6843466,99.29756927,-9.296684265,28.1842556,-33.2024231,-29.12166405,14.09128189,1.169097781,-52.36857605,0.784813464,-18.33928299,-2.156482935,-2.668756723,0.016030554,-0.209745318,-0.328852057,-0.318072021,-0.048434105,0.373331517,-0.099341795,0.052626561,0.160137087,0.048624568,0.237909243,-0.113079607,0
Man00867.wav,136.2103996,541.7035419,138.5913155,206.4563593,208.8552666,256.315773,-7.766986173,0.13644399,-0.000851825,2145.731154,-12.90204155,10.29499786,14.58309325,69.06607819,-22.98609161,-9.698226929,-38.59181976,-19.76466751,-19.97439575,7.098396301,-51.52297974,2.692912579,0.369082719,0.500875175,9.782244682,1.558656335,-0.447624296,0.52364558,0.259350836,-0.013261664,-0.055983908,-0.94672507,0.026021451,-0.169955179,0.139805481,-0.337780684,-0.94430542,0
Man00868.wav,58.27047019,234.4321104,117.8950809,231.7394279,233.0818808,174.7760014,0.617915086,0.15845665,-0.000197372,1590.468278,-0.436762684,10.58556782,17.76405374,104.4294662,28.59685516,18.89548492,-28.36159515,-35.1517868,0.943009794,20.86917496,-56.46482086,10.99904156,-11.61833858,-14.26570892,-0.0976144,-0.212213784,-0.226086542,-0.094085447,-0.244270414,0.154170692,-0.117247842,0.115145892,-0.102358274,0.13468945,-0.014400702,-0.037880603,0.123434603,0
Man00869.wav,223.8455323,249.8109744,248.3721691,248.3721691,249.8109744,246.9922494,0.042698352,0.15216754,-0.000274553,2529.896908,-1.57849649,10.24973794,15.15446572,46.49132156,-31.66064835,-0.472471535,-21.3289299,-34.5946579,6.950779915,-11.34704876,-41.25133896,35.37584305,-16.15999985,-16.70792198,-16.81214523,0.324717999,0.128199369,-0.178387433,-0.088840447,-0.094782092,0.011593371,0.099463776,-0.086575262,0.024150293,0.049411971,-0.033185437,-0.074638799,0
Man00870.wav,171.6143497,234.4321104,183.9317058,193.7464922,223.8455323,198.6109097,0.291689789,0.08909179,-0.000160781,2139.239384,1.408912413,10.76770567,6.497088452,64.67908478,28.59360695,5.941615105,-43.46943283,-58.33636093,16.63266754,10.79758644,-46.3617897,14.88973141,-22.18464661,-12.77050591,-3.105728626,-0.181108281,-0.009730807,0.065852195,0.156828389,0.11101713,0.103241265,0.028056409,-0.028084926,-0.034591153,0.068272799,-0.172449797,-0.024658347,0
Man00871.wav,206.4563593,270.8517709,249.8109744,249.8109744,251.2581146,247.1049965,-0.15561869,0.20167708,-0.001492313,2242.094923,-2.297594771,9.056097195,18.97551582,55.69890213,4.583831787,5.113433838,-48.34547043,-35.01911163,-18.24514771,28.58992386,-34.60823441,-13.5501318,-8.513571739,-17.5674057,-14.20588493,0.106247522,0.144435972,0.168748498,-0.242542863,-0.069981813,-0.093228549,0.130324349,0.089402623,-0.341728479,-0.096346147,0.032615829,-0.347629786,0
Man00872.wav,261.6255653,345.2170031,264.6655079,293.6647679,293.6647679,286.6395351,-0.457088214,0.21008842,-0.000326539,1790.389128,-0.333095953,6.230403217,20.89368311,89.6606369,-14.36692429,8.654019356,-42.28989792,-27.93369484,-26.77499008,33.70227051,-61.73058701,6.550647736,1.082157373,-15.48202038,-1.464577198,0.351034999,0.036285646,-0.051584862,0.185783997,0.010712043,-0.051160362,0.329862565,-0.028500652,-0.148357585,0.279267102,-0.00684821,-0.108914554,0
Man00873.wav,55.96138307,604.5396049,120.6507478,141.013849,564.055396,333.270899,0.043808931,0.22171006,-0.000332879,2190.587345,-3.35306355,10.62797772,13.0658166,102.0191269,5.428371429,-20.84628677,-10.71324158,-46.9165802,-1.310865641,14.3429327,-34.71545792,-5.028134823,-8.58258152,-0.173112124,-4.453341007,0.226249546,-0.075555563,-0.005891999,0.142673969,0.271240056,-0.150336772,-0.003327796,0.018941879,-0.331079274,0.222812057,-0.044055317,0.195132613,0
Man00874.wav,241.3014955,266.1986996,249.8109744,251.2581146,260.1187129,253.6296042,-0.139911892,0.20016785,-0.001767991,2564.064712,-0.093889665,10.13509728,16.22192671,42.90727615,0.469782144,11.33725739,-44.50986099,-53.88494492,9.247178078,20.56570244,-37.66281128,18.82447052,-4.975199223,-21.57878304,-0.50000757,0.101529896,-0.082258441,0.22172381,0.570462167,-0.443966866,-0.011157334,-0.160991892,-0.244806066,-0.196196467,-0.11199341,0.188632697,-0.121495664,0
Man00875.wav,106.8685135,244.1052839,204.0850057,230.404707,231.7394279,210.207211,-0.250768942,0.18232137,-0.000105108,2442.091458,-0.933300893,11.77676225,14.08255167,61.70765686,2.294489384,22.18736458,-30.36454201,-37.8215065,0.649351776,10.57543087,-39.29324341,0.41711989,-8.653852463,-12.9975481,4.972855568,-0.169337183,-0.080332056,0.064389557,-0.137789428,0.057167105,-0.333804011,0.022170626,-0.014689131,-0.341649324,0.11834953,-0.131844163,-0.158424854,0
Man00876.wav,97.998859,269.2917795,258.6205394,261.6255653,263.1411468,225.1036174,-0.011477398,0.2299429,-6.62E-05,2053.538551,-2.627627782,9.848881926,12.18214046,101.6324692,0.060070209,3.901492119,-5.406467915,-38.89506531,5.598684788,29.18208313,-31.13619804,7.541818142,-8.683479309,-7.652122974,13.8176527,0.011456136,0.219028175,0.195626348,-0.463306695,-0.672237456,0.426645607,-0.123137981,0.039666481,0.390234143,0.082981303,-0.213132679,-0.015641427,0
Man00877.wav,103.8261744,110.6372235,103.8261744,104.4276333,110,106.8800254,0.063342146,0.12924033,-0.000417925,2454.490528,9.23838271,22.84759457,11.69483731,96.08412933,-25.57575226,-17.76584816,-21.03375244,-71.31222534,3.236794472,11.15374756,-48.22019196,13.46753883,11.90120983,2.201529026,5.475067139,-0.439860523,0.272264034,0.221683919,-0.662839532,0.375373185,-0.064044744,0.453606218,-0.41340065,0.317911983,-0.005942823,0.15307799,0.160848811,0
Man00878.wav,206.4563593,493.8833013,246.9416506,488.2105677,488.2105677,380.8113574,-0.162004955,0.13456325,-0.00053072,2229.424008,-2.803285382,5.995068726,-17.27651298,73.26100159,39.10303497,-32.08621216,-3.2751441,-57.31596756,-11.63601875,16.06462669,-23.08267784,-8.761861801,-22.39995003,2.304764986,-4.566089153,0.06696026,0.148927435,0.03950936,-0.133769467,0.046316002,-0.061159097,-0.109174818,0.240613535,0.098095961,0.180289745,-0.073418163,0.102125369,0
Man00879.wav,225.1422562,251.2581146,248.3721691,248.3721691,248.3721691,247.6083841,0.034729851,0.21244416,-0.00034996,2890.015998,-2.863849125,11.68648261,17.4674608,22.24449348,-29.60495949,-14.08428383,-24.75199318,-8.105143547,15.08813667,-10.73674774,-32.32231522,29.59364128,-10.75549603,-5.422386646,-16.5145607,0.102786556,-0.054043595,-0.068316527,0.013360759,0.145307153,0.005992483,-0.065224931,0.012243615,0.073791385,-0.028305119,-0.100111879,-0.023115125,0
Man00880.wav,155.5634919,420.1303057,158.2826938,183.9317058,188.2309057,193.7323756,0.16185901,0.16239768,-0.000459233,2495.691629,-3.889352592,13.39904617,8.083158246,86.4190979,-1.869244695,3.373425961,-15.51086521,-39.21626663,13.50592041,28.40314484,-47.34128189,4.905329704,-11.23558521,-1.264593959,-7.928413868,0.145248637,-0.15079312,-0.044262558,0.103608489,0.327398628,-0.207977489,0.060208749,0.100209154,-0.453587562,-0.038770847,-0.022840694,0.000826979,0
Man00881.wav,200.5789475,427.4740541,263.1411468,269.2917795,401.157895,298.0789504,1.989862965,0.18766284,-0.000334918,2267.977219,-9.566187974,7.980221689,18.14348274,83.27648926,29.27176476,6.995727539,-59.94432449,-18.96081161,-12.82350349,35.20117569,-53.87896729,25.42509651,-0.784700155,-11.56979847,0.580730796,0.264046758,0.278687716,0.257914275,0.079998776,-0.294302046,-0.110867776,0.177287981,0.288222313,-0.147437647,0.046790931,-0.209521309,-0.226566657,0
Man00882.wav,106.2529962,112.5711281,110.6372235,110.6372235,110.6372235,110.5395254,0.086146606,0.1021373,-0.000442085,1861.635612,13.96464432,16.82639955,13.01357982,133.932724,-61.10105515,-1.978740215,-20.522192,-17.55049515,12.69050503,33.21859741,-54.72401047,38.40496826,-13.44295692,-4.658325672,-16.20648575,-0.471003503,-1.493051171,-1.178367257,-1.25035429,0.007380192,0.698432088,-0.461043119,0.618316889,1.292051435,0.57377696,-0.248479068,-0.809000194,0
Man00883.wav,108.7365422,245.5193714,231.7394279,233.0818808,233.0818808,229.5288051,0.129068977,0.23374863,-0.000569919,2332.091321,3.955744821,10.19475066,18.71492093,35.74698257,16.54373932,36.68410873,-37.00535202,-29.53412247,-6.090320587,3.54404211,-41.13819504,-3.264776468,-13.61365604,-29.34405708,-7.20913744,-0.417797238,0.089541592,0.095311634,-0.3494142,-0.015862735,-0.015423992,-0.024391068,-0.17513524,0.060670871,0.078171857,-0.075313762,0.068662606,0
Man00884.wav,355.3326334,372.1377786,365.7446743,367.8634116,369.9944227,368.0032374,-0.011849761,0.277382,-0.000185709,3190.038414,-2.47711297,8.668170331,17.80788547,8.79524231,-27.44244576,6.72166872,-12.30879021,-17.02699661,-13.23536491,7.629680634,-14.56731892,21.69913483,-1.933628559,-3.355162859,-11.07379818,0.160480872,-0.015157029,0.071768105,-0.072938941,-0.071144402,-0.042399175,0.035281561,0.001679117,0.089164868,-0.167506993,-0.029143631,-0.038656436,0
Man00885.wav,123.4708253,125.6290573,123.4708253,124.1860845,124.9054872,124.4161794,-0.022206943,0.11157606,-0.00079084,2477.492221,-3.046642268,19.91213862,14.09242458,73.76319885,-3.466269493,17.44997406,-32.38288116,-78.51186371,-7.047318935,48.31198883,-50.05892944,31.11650276,-3.552667141,2.268358946,-1.041688204,-0.294861317,0.551939249,0.791084707,-0.192339271,-0.182339817,-0.01040577,-0.24607119,0.3772448,-0.267241895,0.066805191,-0.68939513,0.071358651,0
Man00886.wav,339.2863816,577.239566,341.2518476,341.2518476,573.9149107,442.705177,10.09498148,0.14965221,-0.000200608,2708.654628,-0.221501783,6.585354326,20.22304153,32.958004,-20.61241722,8.322856903,-34.85314941,-21.21733475,-14.95882988,5.39615202,-57.57730103,25.85176849,-15.96976089,6.906524181,8.441846848,0.072421469,-0.181762159,-0.942516685,0.15731658,1.14441514,1.17837894,-0.272409856,-0.944415033,0.317607909,-1.188391328,-0.417498916,-0.101657338,0
Man00887.wav,249.8109744,251.2581146,249.8109744,249.8109744,249.8109744,249.9368127,0.003145957,0.21034822,-0.000218916,4078.185276,46.11389158,16.31974949,10.82540633,-6.462210178,-17.31499672,-2.586879969,-17.58888435,-39.84683228,-6.531936169,3.849241257,-25.81183052,13.89498329,-5.350741386,-2.302684069,-1.360371113,-1.735665202,-0.006004458,0.529759884,0.495436251,-0.883142829,-2.020230055,-0.766294241,-0.421168864,0.267203361,-0.535131395,-0.366332799,-0.093102165,0
Man00888.wav,32.70319566,154.6675121,119.694219,128.5654973,145.1458702,125.3373814,0.306828808,0.12050365,-0.000111843,1633.686202,-4.16801302,12.24396138,7.273759657,99.59516907,19.50603485,39.74317932,21.39323807,-45.02690125,-0.474303156,13.30465221,-33.84726334,22.74695206,-13.75107861,-14.27770329,-20.59384155,0.32295081,0.586965322,-0.068746209,0.77436769,-0.294784218,0.056284241,0.101358384,0.157351628,-0.106094345,0.084157884,-0.114306651,-0.413496315,0
Man00889.wav,81.46036538,378.6426324,168.6661179,170.6259238,222.5562769,204.7657241,0.174347391,0.13717769,-0.001211272,1866.982147,-9.502572269,9.683652892,13.23749661,102.2413864,-10.84058285,3.768494368,-8.682601929,-5.282957554,-26.29522896,27.12092781,-41.85097122,2.557814598,8.076760292,-11.45475483,-4.160612106,0.614259422,0.014420618,-0.154407039,0.093536757,-0.346718282,0.06473013,0.430108219,-0.10597641,-0.218937159,-0.026424652,0.088497311,0.100138672,0
Man00890.wav,123.4708253,252.7136381,124.9054872,249.8109744,251.2581146,216.1326881,0.020088182,0.106490746,-0.000918634,3607.774343,20.59535269,18.02095171,10.87196439,32.76170349,5.183121681,5.141864777,-17.36087608,-68.58708954,-2.767022133,44.07205963,-49.63399887,28.55871582,-5.747395515,-4.377753735,6.423150063,-0.187107235,1.331097126,0.008708332,-0.23877807,-0.820410371,-0.028532188,0.551329553,-0.11349792,0.071684405,0.10796418,-0.3682895,-0.021838136,0
Man00891.wav,116.5409404,165.768535,116.5409404,117.2160552,137.9926451,126.5492902,-0.237061024,0.14573953,-0.000466774,1415.847703,3.230562919,11.65796466,13.54306961,125.6037369,4.087357521,46.52788544,4.990139484,-21.40427589,26.34166908,20.665905,-43.16744995,-1.663203001,-34.77097702,-4.059026241,-2.739663601,0.365724713,-0.140510693,-0.187749043,-0.526376009,-0.209322035,0.516575456,0.104863875,-0.171946898,-0.094390042,-0.080926217,0.094098061,-0.09430369,0
Man00892.wav,244.1052839,311.1269837,245.5193714,245.5193714,311.1269837,274.5211894,1.455851996,0.25752753,-0.003167184,3385.823241,-8.342363743,12.64445529,19.62299489,5.882612228,20.03739166,-17.15345383,-9.810963631,-15.24071598,-15.75925064,-11.32771111,-30.35057449,-5.571432114,-7.776094437,-4.51006794,-16.44295883,-0.215370417,0.366615832,1.925029993,0.153805256,0.192321226,-0.719651639,1.105134249,0.832653105,-1.232572556,-0.17431657,-0.543715596,-0.209674671,0
Man00893.wav,266.1986996,277.182631,267.740773,270.8517709,275.5861765,271.1718178,-0.066458127,0.21067137,-0.00034208,2573.28187,1.860764744,9.496123767,17.13747829,30.07420731,-20.67267418,-4.290334225,-33.40968323,-44.98673248,6.307206154,-0.087437302,-50.95583344,27.67638588,-8.191103935,-15.5936861,1.251461983,-0.127531573,-0.107997708,0.051722206,-0.352060974,0.036275808,0.159321755,-0.093286186,0.150913626,0.146426365,-0.055951264,-0.030224063,0.12426091,0
Man00894.wav,245.5193714,248.3721691,245.5193714,245.5193714,245.5193714,245.6391856,0.008121773,0.18104324,-0.000719805,1638.950905,-1.4609914,6.672056107,20.98216781,94.38426208,-22.3315506,32.80617523,-13.09992313,-56.25704575,-3.316881418,31.41693115,-42.05597687,8.709239006,-18.0045681,-12.80416107,12.90264893,0.07418339,0.118277937,0.131825924,0.222033978,0.052125663,0.016238036,-0.107944824,0.133420885,0.053706147,-0.033238672,0.041604538,-0.003133093,0
Man00895.wav,208.8552666,245.5193714,229.0776736,239.9117012,241.3014955,235.0948482,0.07863958,0.09206126,-0.000277395,2708.069933,2.221842051,11.55994295,15.66725348,66.1975708,22.41981888,-22.32020569,12.76623344,-42.91126251,9.573749542,19.51456642,-54.01791763,5.667757511,-7.979952812,-22.34846878,-8.813256264,-0.145741895,-0.147657499,0.083914205,-0.184800327,-0.041672446,-0.130977765,-0.182961643,-0.02059081,0.098500639,0.045089338,0.067739666,0.099378787,0
Man00896.wav,106.8685135,123.4708253,114.5388368,115.869714,117.8950809,116.0943184,0.000840126,0.12375188,3.20E-05,2057.72989,-14.95583543,17.70369293,13.91605467,118.6452255,51.15175247,19.03142357,-18.62001801,-72.87794495,-5.581520081,39.71882629,-46.96449661,23.40298462,-11.1245079,-2.360280752,-25.37532806,1.661492825,-0.366612285,-1.306969643,-0.166888639,0.17165263,-0.047627546,-0.187442124,-0.018446881,-0.512242973,0.127511099,0.497526973,-0.37567994,0
Man00897.wav,230.404707,477.0598229,244.1052839,463.4788558,471.5803235,381.5067698,-2.098041857,0.16517027,-9.18E-05,3023.504647,-12.50911689,9.026137235,12.02995487,50.0772934,12.20671272,7.27820158,-11.30925083,-46.08523178,18.43160629,9.367743492,-42.38488388,-2.933429241,-19.09846497,-24.22958565,17.83144188,0.83685708,0.30265975,-0.574763238,-0.357726723,-0.675066948,-0.422673941,0.185589477,1.026769638,0.416953921,0.325101823,-0.329173774,0.551322579,0
Man00898.wav,229.0776736,251.2581146,230.404707,246.9416506,248.3721691,242.3260842,-0.150047083,0.21183445,-0.000365094,2744.031955,10.30961411,11.38917725,17.67529999,14.94390869,-8.570329666,30.21717072,-52.13178253,-33.69307709,-2.71616888,-7.273839474,-40.46201324,16.10832977,-13.96957111,-13.39903545,3.630156994,-0.487355351,0.305465966,-0.010538008,-0.096694157,-0.201679915,-0.042240553,0.065495908,-0.202458337,0.057991337,-0.113337904,0.134866565,-0.214655712,0
Man00899.wav,122.0526419,275.5861765,135.4258855,138.5913155,272.4207993,199.0221619,0.937506771,0.14477253,-7.30E-05,1832.023772,1.279473371,10.32655136,9.50589898,97.77816772,41.87985229,13.20637989,-33.20859528,-48.67230988,9.794057846,4.847185612,-3.043940783,5.967831135,-15.52472115,-16.09302521,-7.445776939,-0.354112059,-0.534393847,0.375397742,0.265970469,0.006201989,0.059850212,0.113339514,-0.026853746,-0.15745917,-0.172870919,0.109426834,-0.05593222,0
Man00900.wav,264.6655079,757.2852648,266.1986996,752.9236226,752.9236226,525.2447261,4.000472606,0.19694515,-0.000433344,1971.433688,2.514521175,4.44767402,18.39804082,85.47648621,-16.87157249,-8.572007179,-10.86083031,-26.19329453,8.578044891,12.80206108,-18.96223068,28.10552979,-13.28731155,9.085879326,-9.147509575,0.114437796,0.302415669,0.508893669,0.04951784,-0.066696726,0.090324409,0.270356685,0.029054683,0.268369555,0.178433597,-0.074062936,-0.021630207,0
Man00901.wav,229.0776736,251.2581146,237.1560803,246.9416506,246.9416506,243.0245406,-0.02773674,0.17382741,0.00027108,2941.269541,1.015114989,12.1064321,10.41665634,58.24514389,14.56959915,6.680366516,-11.21335983,-80.10622406,-3.183078289,42.85687256,-45.29172897,2.553677559,-11.04026127,-27.59881783,-0.456722945,-0.131566361,0.095635138,0.04305616,-0.194956183,-0.005449179,0.138774306,0.153159156,0.060448233,0.198100328,0.063953303,0.04000587,0.030024422,0
Man00902.wav,32.89264335,231.7394279,210.0651529,211.2820479,230.404707,211.9053066,-0.114446212,0.15690635,-0.000195829,1979.140464,8.44433249,10.09743762,12.61853295,119.0960464,-19.97731972,24.59177589,-23.39229393,-53.34635544,-5.926668644,49.75597,-67.3336792,14.83447742,-8.198597908,-8.579421997,3.426882505,-0.489308685,0.009843876,0.071405664,-0.178529426,-0.070204362,0.250634372,0.195656046,-0.376720935,0.198769718,-0.038340241,0.198366508,0.049963996,0
Man00903.wav,237.1560803,309.3350242,248.3721691,249.8109744,251.2581146,254.8354407,0.455146597,0.19062166,2.72E-05,2866.826469,2.779432039,11.24491934,11.33975331,44.77131653,-7.917049885,-12.82673931,-35.93275452,-28.03978348,38.1146431,14.66680717,-46.35630035,25.13240051,-8.496328354,10.78780937,2.792550087,-0.196998686,0.008256312,0.13165684,0.112482533,-0.053567566,-0.294756055,0.120669745,-0.006477347,-0.140643582,0.055488627,0.020362198,0.110328056,0
Man00904.wav,96.31529725,141.013849,109.3664466,110,121.3496704,112.9612658,0.454404809,0.12572102,-0.000891814,1975.253043,-5.658971505,17.59552553,10.23259517,107.6174316,30.69272423,-0.698089957,-28.66551018,-43.69248199,-18.38853455,34.05464554,-43.89837265,-22.82118225,8.629827499,-8.879086494,5.047469616,0.158762738,0.728916824,0.213222846,-0.000777347,0.006992375,0.01834151,-0.350370795,0.262113601,0.194402203,-0.070587568,0.030336358,-0.183375359,0
Man00905.wav,124.9054872,133.8703865,128.5654973,130.0593565,130.0593565,129.4998041,0.048209835,0.11682577,-0.000128573,1911.344135,-2.324093776,14.78727988,12.54268751,109.7639771,21.87866974,15.8650341,-27.86914253,-63.89672852,19.77177811,12.99776077,-52.63774872,7.584016323,2.66765666,-8.183346748,-6.702498436,-0.057964571,-0.16148822,0.232683897,0.103603236,-0.177533269,-0.217123002,0.014216503,-0.006283048,-0.033604883,0.042269655,0.112182237,-0.131501257,0
Man00906.wav,230.404707,235.7901618,233.0818808,233.0818808,234.4321104,233.1176744,-0.01238622,0.25856906,-0.000537009,3207.915114,-4.858714926,13.76383802,15.03781216,43.3629837,33.56818008,0.755387783,-19.19495773,-38.50015259,-26.2275219,18.60103607,-48.23023224,20.9827404,-22.5340023,-17.66940117,-6.865514278,0.409951866,0.089851253,-0.170207083,0.030057814,-0.375743091,0.364166498,-0.223335519,0.177835256,-0.130936772,-0.007764546,0.025468478,-0.029368456,0
Man00907.wav,109.3664466,117.8950809,114.5388368,115.2023535,115.869714,114.8344355,0.006945706,0.16963191,-0.000111542,1389.075763,-3.34538307,12.10591449,16.50534019,125.8065872,15.19424248,48.95949554,-8.7957201,-29.77682686,2.628727198,0.663236022,-40.09920502,12.15548992,-2.346781254,-11.0029335,-9.863665581,-0.159954756,0.031145757,0.327586442,0.250856191,0.14934808,-0.151967034,-0.305811256,0.164363533,-0.04156328,-0.058687072,-0.214364201,-0.146845847,0
Man00908.wav,109.3664466,916.3106942,110,110,110.6372235,146.8827062,0.006568645,0.13229391,0.004038079,2433.486749,15.34703466,20.91331827,3.54825867,115.6289215,-26.31045532,-47.80639648,3.468297482,-31.62285042,0.463653684,15.64694214,-62.62727737,2.078747988,-17.39794731,18.51364326,-4.663034916,-2.011728764,-0.921660841,1.306077719,-2.810974598,0.274281502,-0.967456579,0.400705963,1.253463626,-0.294469416,0.588536918,-0.604300261,-0.282376081,0
Man00909.wav,471.5803235,482.6029911,474.3121605,477.0598229,479.8234024,476.3019231,0.208824298,0.059977617,-0.000830318,2725.093255,23.75595911,5.720412265,17.92313603,99.2999115,50.6393013,-35.03857422,-22.93671036,-43.13583755,40.87710953,-38.78511429,14.44453526,-16.73905182,-16.43868446,-10.68304825,-6.070940018,-0.71670711,0.911721885,1.176834226,0.938689172,-0.570263803,0.229381904,0.537475824,-0.157926574,-0.143748835,-0.734122038,0.271759242,0.700647771,0
Man00910.wav,217.4730845,278.7883336,244.1052839,246.9416506,272.4207993,253.434476,-0.41495853,0.17204817,-0.000910307,2887.092889,18.42305904,11.55165252,15.83905358,38.30337524,-1.42803812,5.16726017,-23.76759148,-17.35499191,-7.867394447,4.955513477,-38.55522919,29.3088932,-4.626962185,-3.341360092,3.338083267,-0.807910204,1.040139318,0.310824722,-0.505436897,0.046530686,-0.331569493,0.188176826,-0.064220876,0.09843488,0.296591043,-0.208638787,-0.258914232,0
Man00911.wav,198.2751018,266.1986996,199.4236978,199.4236978,251.2581146,215.5495403,4.179036122,0.12108424,0.007106707,3839.230672,41.20001076,17.99944107,8.800671849,34.19941711,27.60039139,-4.241279602,-38.47584152,-18.7085762,6.334459305,0.182304204,-33.28678131,25.26895714,-1.000627875,16.12825012,8.512845039,-2.086261272,-1.640226603,-0.103739977,1.471269608,2.52660203,-0.288603157,-0.542464972,2.822917223,-0.251694798,-0.797933996,0.379982263,-0.865363777,0
Man00912.wav,122.7596857,133.8703865,123.4708253,124.1860845,124.9054872,125.1544696,0.022968926,0.14426972,-0.000448845,2468.581391,-23.15151899,19.73894931,11.87978124,56.47409821,0.87133646,39.31998825,67.650383,-4.532823086,-46.41466522,10.48717499,-25.61094475,6.130685329,-32.89795685,-13.82593536,12.62801361,0.187947661,-0.191686362,0.837809503,2.303686142,0.657893598,-1.154553652,-0.298984557,0.902863145,-0.640709102,-0.854248106,-0.136574179,0.074145235,0
Man00913.wav,32.70319566,560.806676,98.56656061,98.56656061,493.8833013,250.5436104,1.116441418,0.14539994,0.001152278,2262.370518,26.86492768,22.23384519,9.493851207,88.09545898,5.124103546,41.84370041,-26.30949974,-40.48060226,11.57185841,14.4814291,-56.75466919,9.449028015,-21.57588577,11.94099712,10.11196804,-0.799785018,-0.223394632,-0.466603518,0.119642884,0.63721174,-0.302889824,-0.140708417,-0.009168543,0.26537019,0.328238279,0.400805324,0.421354055,0
Man00914.wav,130.0593565,452.8929841,135.174603,434.946169,434.946169,313.1292617,0.000602881,0.21581806,-8.15E-05,3252.427418,-0.138127688,14.23580346,8.860931648,41.50260925,7.526876926,11.40765667,-32.26389313,-45.31146622,-17.00964928,26.78676987,-31.66309357,10.60054302,-7.329182148,-7.115426064,-17.24493408,-0.31268701,-0.227679715,0.451721519,-0.020848464,0.029748803,-0.190793186,0.573594451,-0.21111013,-0.003053317,0.16350022,-0.004376984,0.072754629,0
Man00915.wav,122.7596857,149.3989688,124.9054872,124.9054872,125.6290573,128.1888333,-0.012570781,0.14439173,-0.00017887,1924.181346,-3.938077877,15.13847661,14.58615766,120.6198349,44.03844833,15.47858715,18.96588898,-72.91261292,-16.51621628,43.13914871,-36.14845657,10.71588802,-19.38704872,-9.643297195,-18.63358498,0.216063872,0.064208336,-0.070593148,-0.391514629,-0.101949818,0.150439471,-0.092902519,-0.158696175,0.051344745,0.047744837,-0.068967417,-0.057614945,0
Man00916.wav,154.6675121,233.0818808,229.0776736,230.404707,230.404707,221.6436875,-1.120031337,0.17733228,-0.000837165,3044.869095,23.09989815,13.8548466,12.50970916,66.81878662,45.16338348,-15.07818699,-22.40125847,-31.49456787,-4.73110199,41.65750504,-55.57117081,-12.91971207,25.4993763,-5.81609869,-7.619515419,-1.025811553,0.363894522,0.473326236,-0.280639231,0.404396266,0.177015781,-0.374706537,0.210360005,-0.044499096,-0.194736511,0.16501084,-0.118720621,0
Man00917.wav,110.6372235,119.9558506,116.5409404,117.2160552,117.2160552,116.8271287,-0.003443494,0.14646257,-0.000158137,2546.878504,7.946148544,21.77953766,12.37205582,78.25161743,14.55788708,18.02396774,13.65324974,-19.36226845,6.3345294,20.19558525,-45.15390015,11.74711132,-4.749427795,-17.83162689,10.01420212,-0.514621973,-0.128154814,0.079755329,0.383822918,-0.03528887,-0.028735599,-0.255012989,0.165402278,0.166596025,-0.158869922,0.238032073,-0.149417087,0
Man00918.wav,251.2581146,793.1004071,258.6205394,261.6255653,385.261189,356.8524181,-0.704739226,0.23487335,-0.000378077,3149.79203,0.023119021,10.32843942,10.51701492,29.15565491,-23.45849419,-2.82920146,-13.01112556,-13.01996899,-0.785473466,9.409378052,-29.76007843,14.65799618,-4.688098907,-5.314700603,-4.380043507,-0.041522663,0.185733557,0.201009527,-0.136894807,0.02704953,0.014679767,-0.000784629,-0.094925284,-0.068952717,-0.224535942,-0.035558052,0.097056925,0
Man00919.wav,222.5562769,251.2581146,230.404707,249.8109744,249.8109744,242.9426311,-0.223196949,0.14946431,-0.000534596,3227.552191,-6.604448318,13.25067437,19.14034396,17.65464211,-13.18731213,-32.1348114,-11.86914063,-20.81389618,-25.36558914,11.74375534,-38.19997787,9.192130089,0.651234031,-14.97806168,-9.160876274,0.445923358,0.210778892,-0.336136669,-0.492514074,0.011008047,-0.145002797,0.221498385,-0.382481575,-0.284043014,0.110804535,-0.376586735,0.005004867,0
Man00920.wav,206.4563593,246.9416506,218.7328932,223.8455323,242.6993409,227.7708832,-0.05907455,0.20253943,-0.000629455,2375.284368,1.4131222,10.39209452,11.66569154,66.1451416,-22.02575493,14.51539707,-47.19623566,-40.09210205,-21.03520203,43.57917404,-45.19061661,-2.361223221,-9.523989677,-15.22122192,-4.175860405,-0.119026981,-0.154495016,0.134721428,-0.270280153,-0.193119809,0.45099169,-0.025109548,-0.035767231,-0.116457537,0.214915708,-0.082149521,0.107035868,0
Man00921.wav,158.2826938,272.4207993,261.6255653,269.2917795,269.2917795,256.7261438,-0.390339848,0.2084775,0.000189787,2916.480625,5.191161241,11.59948067,10.79531263,41.89521027,5.728279591,26.21552086,-22.82131004,-12.47032738,-1.969709039,1.316668391,-49.83993149,11.86008835,-10.70958328,8.481451035,16.8869133,-0.285934091,0.010569011,-0.127362475,-0.233615726,-0.148473829,0.046819832,0.32505554,-0.196938723,0.224220559,0.493672729,-0.052168593,0.120010354,0
Man00922.wav,103.2281796,119.9558506,110,115.869714,117.2160552,113.102702,0.072866668,0.112477474,-0.00016074,1707.621388,-2.819485465,15.11821479,13.7621738,134.8824463,-7.427416325,1.819490552,-10.62150288,-66.99585724,13.92528534,28.67424393,-24.84658051,0.595582604,4.893762589,3.356529951,-20.29932404,0.088598341,0.233490646,0.234902278,-0.100508273,-0.496425539,0.075649031,0.12013673,0.231821477,-0.053250421,0.08802405,-0.234131426,-0.006305569,0
Man00923.wav,249.8109744,300.5288565,288.619783,298.7979376,300.5288565,287.6931328,0.866423059,0.17783543,0.000341529,2475.490313,-18.17191801,8.721305117,11.45655853,65.43060303,-1.732046962,26.653162,-9.663282394,-26.81216049,-5.711830616,24.12581062,-58.69210434,-6.092041016,-4.649853706,-8.844371796,3.578021288,1.286939621,-0.768701315,-0.51544857,0.106579468,1.220278621,-0.422324002,0.014582405,-0.309058279,-0.822969735,0.426032126,0.338252425,0.115023792,0
Man00924.wav,142.652351,282.027698,241.6509569,249.8109744,251.2581146,235.6507125,-0.083782305,0.1632802,0.000550087,2211.697243,-7.466597949,9.480240572,12.94260133,68.78096771,-11.31319427,-15.162323,-44.30023956,-23.99925613,2.826628208,-21.59817123,-52.97544098,6.999807358,-4.449401379,-12.69499016,3.29193449,0.34199205,0.326241016,-0.14092885,-0.246868134,-0.319241017,0.42957747,-0.194231853,-0.030082334,0.068699539,0.093717769,0.194820538,-0.105927296,0
Man00925.wav,248.3721691,258.6205394,248.3721691,249.8109744,249.8109744,249.8216335,-0.064146257,0.23534231,-0.001026071,2638.641128,-16.17031731,10.55385832,17.82097266,40.88150406,-12.91412354,20.15983772,-21.04935265,-38.05236816,-4.378462315,0.795252442,-8.831745148,22.26446533,-2.951236248,-3.782133102,1.85640502,0.808936357,-0.087097608,0.163989231,0.122154713,-0.253865123,0.081512086,-0.010131282,-0.194924042,0.151279122,0.122348189,-0.173036456,-0.008956858,0
Man00926.wav,119.9558506,155.5634919,119.9558506,119.9558506,121.3496704,124.2118361,0.001412202,0.14053218,-0.000143787,2641.412564,0.218597567,21.64370757,7.49486706,109.4002991,19.29346466,9.667737007,10.09895897,-67.40916443,18.66667938,28.98461914,-37.27118301,10.23358727,-22.4265728,-10.60094357,-29.31226921,-0.061994884,-0.265650332,0.117626168,0.446770668,0.271135271,-0.163275942,0.452219844,0.275378168,-0.479203731,0.242199346,-0.030694053,0.043210432,0
Man00927.wav,260.1187129,491.0387428,261.6255653,263.1411468,417.7105332,337.8265597,2.359092949,0.21308467,-0.000268321,2551.963316,-2.047571035,8.16160601,12.17513218,49.05403519,-22.20152092,16.93452263,-21.38941956,-13.04734421,-7.201139927,-3.113865376,-24.29071236,-1.086623669,-5.962965012,2.184630871,-23.12782478,0.63525331,-0.394573987,0.659331799,0.418225378,0.246334121,-0.403242797,-0.697571874,-0.276407778,-0.037057173,0.233100682,-0.043534018,-0.399588823,0
Man00928.wav,231.7394279,273.9989169,251.2581146,259.3696262,272.4207993,260.496825,0.159518666,0.13078332,0.000113115,2631.427637,9.388924221,10.15170901,13.63321508,55.0739975,-7.409759045,4.470737934,-16.46674919,-21.81245041,1.979828715,2.627232075,-50.89340591,12.34062004,-12.71310329,-10.91005135,8.917963028,-0.609317958,-0.096907839,-0.025156518,-0.186475307,0.26020056,0.188487068,-0.364340484,-0.108774811,0.137239382,0.043705154,0.141504034,-0.025833091,0
Man00929.wav,88.83315835,172.6085015,152.8910042,159.6607331,166.7288223,147.2852117,-0.125622773,0.21567638,-0.000152256,2256.930411,-3.594029646,16.22733545,13.85781465,92.99750519,18.95380783,-14.32145309,-34.33003616,-41.82881546,2.693116903,10.36709404,-33.60031891,29.50160027,-37.62163544,2.726778269,-2.697968721,-0.030946702,-0.058524128,0.137532517,-0.320939571,-0.035388257,0.065779679,-0.15944685,-0.065446302,-0.026976757,-0.043745834,0.096933104,0.127668664,0
Man00930.wav,135.4258855,140.201669,135.4258855,136.2103996,138.5913155,136.9476055,-0.024275417,0.14812411,-0.001030426,2522.91807,13.35315751,18.44996763,9.646942546,91.8013382,9.050047874,0.182261035,-18.21724701,-27.81336975,28.70133591,1.732123613,-10.81212425,8.640384674,1.129539728,6.899888992,-0.179850772,-0.34950605,0.450099677,0.228778839,0.183357179,0.060683776,0.39078486,-0.088690013,-0.201837823,0.192639098,-0.082292207,-0.053606786,-0.005964402,0
Man00931.wav,242.6993409,255.6500291,250.8963296,251.2581146,252.7136381,251.2785872,-0.063774165,0.22424999,-0.000390645,3196.50043,9.471323525,12.72367343,16.13881668,44.15462875,36.37750244,-9.910590172,-6.821546555,-48.31229401,0.470860511,23.50834656,-33.55488586,20.29678345,-18.29720116,-2.645875931,-7.068131447,-0.128679618,-0.130832478,-0.120220631,0.229648605,-0.339036703,0.160646841,-0.166769102,0.502149642,0.167518184,0.17649509,0.032284372,0.069615185,0
Man00932.wav,212.5059924,280.403338,239.9117012,258.6205394,278.7883336,254.9732434,-0.179766173,0.20911948,-0.00144049,2225.967546,-3.754389368,8.769551555,13.11349762,55.63090134,-46.74975204,23.08182144,-58.66370773,-12.12296391,-11.51264381,6.19203949,-47.28095245,-5.818791389,2.99815464,-4.021654129,1.442296386,0.206288025,0.383723348,-0.375236124,-0.013366297,0.602232456,-0.057704642,0.057601739,-0.179465681,-0.140121147,0.291463554,-0.002201739,-0.074213266,0
Man00933.wav,213.7370271,270.8517709,233.0818808,233.0818808,234.4321104,238.3895224,-0.208564991,0.17819484,-2.83E-05,2088.76588,-0.07708592,8.77273014,16.3138309,71.51477814,-15.98143673,17.25604248,1.265157819,-7.553399563,-12.68755627,2.33328557,-27.0964222,7.767671585,1.676271319,4.097547531,-11.9744072,-0.194835797,-0.316467673,0.455005139,0.176686168,0.013616841,0.183635339,-0.390798628,0.13208881,-0.132328272,0.031863436,-0.020645352,-0.050778005,0
Man00934.wav,205.2672581,290.2917404,254.1775933,264.6655079,288.619783,266.6901631,-0.156101634,0.23203711,-0.000372802,2444.936135,9.682017699,9.308355394,16.28659535,54.60598755,-12.97906971,4.598337173,-29.05898094,-46.49409866,-17.34043121,11.54963684,-51.47417068,17.47967148,-3.917520761,-3.703499794,-6.568092346,-0.321389496,-0.030158399,0.301241726,-0.225156754,-0.069956191,0.073885575,0.194923416,-0.145110488,0.023556668,-0.079413697,0.054235566,0.099773675,0
Man00935.wav,218.7328932,297.0769882,245.2831133,269.2917795,295.3659506,268.5426744,-0.64846051,0.1895807,-0.00088613,2359.938732,-10.02793555,8.581560415,14.45617107,78.51072693,44.00955963,7.961705208,-11.14620876,-50.24700165,-37.06744003,29.37824821,-64.32660675,10.55525112,-15.20479965,-5.416820049,-21.30714607,0.705494404,1.044703722,-1.128365874,-0.527422011,1.033594489,0.65520376,0.162660852,0.162113234,-0.633440375,-0.979484797,0.442768425,0.404007822,0
Man00936.wav,113.223246,122.7596857,122.7596857,122.7596857,122.7596857,122.2641036,-9.74E-16,0.21233055,6.74E-05,3390.84559,45.87267098,27.66607242,9.740909835,24.31986046,1.856852293,51.66439438,0.446389616,-19.87456322,-5.455724239,2.09895277,-33.40269089,11.43078232,-9.342549324,0.49174875,9.261483192,-2.840996265,-0.127524301,0.740481138,0.711256504,-0.14397493,0.841324687,0.017531132,-0.251653761,-0.269990623,-0.516791224,0.471146435,0.058558129,0
Man00937.wav,130.0593565,139.3941668,132.332754,135.4258855,135.4258855,134.3790112,0.029007074,0.11198481,-7.85E-05,1671.87931,-4.997350176,12.48211358,13.29214492,114.9684067,8.615528107,45.85379028,-13.08411312,-66.38827515,-13.46440792,24.67993927,-47.35628891,19.24334908,-26.94747734,-10.44865704,-11.67774105,0.263384402,0.047778249,0.247511566,-0.08896739,-0.08579918,0.216159701,-0.255077213,0.310850114,0.11784064,-0.0782381,-0.080957398,0.049669176,0
Man00938.wav,207.6523488,285.304702,244.1052839,245.5193714,249.8109744,249.0242169,-0.612748268,0.18788931,-0.000562404,2675.442562,14.16391995,10.76692633,16.46281009,49.54581833,-0.031993628,-26.60778999,-14.55006886,-26.12176323,10.48980236,-11.02117634,-31.36105156,2.525537968,-19.75043678,2.136306524,-7.590181828,-0.391798019,-0.169646099,-0.024056187,-0.001343327,-0.593159676,0.117539592,0.34524107,-0.238731697,0.252791077,-0.22736983,-0.195568934,-0.17457822,0
Man00939.wav,115.2023535,116.5409404,115.2023535,115.2023535,115.869714,115.4506168,-0.000635581,0.116291575,-0.001679777,2809.222112,19.42096485,24.33601939,11.29291479,83.3804245,36.07341003,27.83350563,-21.53277969,-55.63873291,-5.177286148,24.91143227,-42.68156433,36.47277451,-19.87593651,9.649790764,-20.03055382,-0.444875449,-0.109915115,-0.612522423,1.087039828,0.230861589,-0.719954908,0.448918641,0.120756626,-0.825665951,-0.015211334,0.087718293,0.37280193,0
Man00940.wav,116.5409404,127.8250146,119.9558506,123.4708253,125.6290573,122.7296627,0.019399188,0.16038866,0.000124735,2656.55185,-5.048748694,21.62506955,9.692590299,62.3743782,11.35009575,42.5121727,21.42763138,-36.8536377,2.494923592,23.77163696,-32.87102127,-1.406115174,-12.21004105,-15.43482018,14.12370586,0.096331961,0.159445554,0.033576578,0.174368635,0.397383094,0.115700662,-0.023606513,0.117402785,0.081282824,0.171695232,0.076823987,-0.063765153,0
Man00941.wav,124.1860845,125.6290573,124.9054872,125.6290573,125.6290573,125.3005407,0.0306464,0.10097523,-0.000284574,3257.820745,6.71763065,26.00362556,9.37370854,61.31754303,31.40572929,12.7511282,-39.66923904,-58.27602005,22.29134941,30.94317055,-36.1427803,14.87846088,-10.16820431,-21.15322876,25.59741783,-0.743571877,0.144488737,1.296869516,0.761600316,0.3401317,0.321878344,-0.320347011,0.358282059,-0.313079655,0.148909301,0.05326777,-0.365854025,0
Man00942.wav,229.0776736,241.3014955,239.9117012,241.3014955,241.3014955,240.1370025,0.108050981,0.26270455,-0.000928591,2778.454351,6.186429616,11.56524231,17.15885123,49.36606216,2.990262985,5.55878973,-5.413545609,-9.880511284,-13.49444008,8.138221741,-29.25708389,-4.131921291,-10.59413147,14.74834824,6.856226444,-0.191505477,0.624134898,-0.387567997,0.166329995,-0.338083059,-0.099087477,0.068404339,-0.079840079,0.10574995,-0.16575563,0.178327307,0.212175205,0
Man00943.wav,238.5299115,261.6255653,258.6205394,258.6205394,258.6205394,258.1330942,0.030248662,0.13772689,-0.000857066,2494.399312,3.549937626,9.659851013,13.83118046,43.9461937,8.441431999,31.38039589,-31.02982521,-70.90085602,-6.258914948,15.506567,-50.74037552,7.052602768,-10.51462936,-18.53354454,-14.68144894,-0.092424706,-0.215994567,-0.01441438,0.156745464,-0.007886584,-0.132003725,0.330898583,-0.139135167,-0.031887319,-0.18972072,0.15609096,-0.167218909,0
Man00944.wav,102.0425029,123.4708253,102.0425029,103.2281796,122.7596857,111.729832,-0.099359598,0.16584295,1.55E-05,1852.042779,-3.081902751,16.84266687,7.502820643,125.9241028,-18.15942192,7.28024292,-15.71286869,-57.20334625,13.30829811,36.60524368,-34.06846619,6.803497791,-1.129771709,-8.236873627,-16.2478447,0.338141441,-0.225354627,-0.466047734,-0.322786272,0.128820196,0.022338111,0.108947515,-0.002321378,0.0236232,0.130317479,-0.019569656,0.024674095,0
Man00945.wav,62.4527436,273.9989169,124.9054872,124.9054872,124.9054872,144.9954355,0.380861107,0.10333613,-0.00064399,2018.14028,-2.150944395,15.42136147,12.33642799,85.74981689,-20.87041855,19.80502319,-43.14835739,-58.67895126,-4.791311741,3.562361002,-44.07909775,11.71476746,-6.638310432,-19.26229095,-2.917162657,-0.112829871,0.011141159,-0.166481018,0.158492401,-0.010614482,-0.031284478,-0.181675211,-0.084468782,0.085046723,0.053262997,-0.267245501,0.186033398,0
Man00946.wav,231.7394279,269.2917795,233.0818808,234.4321104,235.7901618,239.3739782,-0.557389338,0.1766607,-0.000537699,1794.580369,-38.96836328,7.377015318,17.6197613,82.45904541,25.44270515,9.153459549,-38.98277283,-27.27170753,-5.193164825,-7.510517597,-47.49588394,0.818522692,1.955850601,-26.70269203,5.535562992,1.58095479,-1.244882941,0.13503477,0.680301785,-0.211659744,-0.368614495,-0.514105141,-0.313131422,0.34015587,0.158727184,-0.344626874,-0.259402156,0
Man00947.wav,237.1560803,618.6700483,248.3721691,248.3721691,248.3721691,287.1337414,-0.11878445,0.20497538,-0.001248294,3207.565605,5.116227146,12.1189655,11.40055204,42.70149231,-15.72511578,-7.208250999,-33.40630722,-30.55685425,10.74318981,30.25427628,-46.7389946,27.77369499,-9.451207161,2.081493378,-13.39396286,0.388209701,-0.179305419,-0.125746295,0.167786255,-0.075252227,0.34648481,-0.073290072,-0.522129416,0.484994441,-0.007562467,-0.092434973,0.086417787,0
Man00948.wav,123.4708253,659.2551138,608.0416672,615.106771,618.6700483,592.7321467,3.660146384,0.26166347,-0.002140304,3002.049378,7.384546699,5.560144967,12.83782953,39.25924683,-7.271348476,23.05831146,-32.54261017,6.614647865,-25.23599434,10.25408363,-15.86571884,1.837269545,5.260143757,31.97624207,6.118481159,-0.627515852,0.624650478,0.298958451,-0.299041033,-0.142515287,0.072849661,0.007150614,0.08151909,-0.234823689,0.123712964,0.12435022,-0.11378333,0
Man00949.wav,213.7370271,233.0818808,217.4730845,227.7582832,230.404707,224.6149025,-0.063101792,0.14962989,0.001727519,3339.365981,5.453153397,14.92287225,6.164948452,28.73100281,-22.4486351,-27.83013725,-44.69917297,-48.77225113,-33.12779236,52.79882813,-36.00235367,-11.18647861,-10.70479679,4.354986191,-22.80729675,-0.29609704,-0.38117528,-0.479218602,1.29441154,-0.098522626,-0.401341379,0.416846633,0.88678056,-0.906473458,0.154908314,0.491180539,-0.549274147,0
Man00950.wav,,,,,,,,,,,,,,,,,,,,,,,,,,,,,,,,,,,,,,0
Man00951.wav,218.7328932,254.1775933,248.3721691,249.8109744,252.7136381,245.0359016,0.199180962,0.19322138,-0.000798924,2385.929281,-1.368836049,9.80477623,15.92697475,67.44346619,3.186520815,15.34251308,-47.89279938,-21.31341934,-13.47581577,35.55261993,-65.39450073,3.593043804,10.00497532,-28.10105133,17.12488365,0.011482136,0.25760588,0.081867374,-0.055309527,0.353427112,0.119450577,-0.225159436,0.012872515,-0.167213082,-0.069585368,0.27027598,-0.047579676,0
Man00952.wav,248.3721691,455.5165665,249.8109744,249.8109744,249.8109744,292.5054616,-0.061025045,0.21928225,0.000444707,2797.909155,-5.444758407,10.52677555,16.04090452,51.47826767,-7.757151604,-4.588613987,-18.50559998,-32.89468384,2.669764042,17.4918766,-37.97367477,14.89033985,-15.07959652,6.204217434,-7.829318523,0.080125332,-0.031425472,0.152614743,0.075906225,0.178015187,-0.039462913,-0.222627178,-0.029421059,0.08371111,-0.132827297,-0.068407007,0.047571782,0
Man00953.wav,221.274447,779.4754168,727.27628,759.4787192,766.0844957,663.4281341,-6.638893908,0.1860888,-0.00071355,2411.047691,-9.462749099,4.129604974,11.25585598,74.51447296,-21.61183739,10.37511921,-36.13100815,-53.6758461,-4.474837303,31.51434517,-46.72202301,30.23092079,-3.40875268,0.747723818,-10.7242136,1.136461139,-0.37037012,0.039403841,-0.036107574,-0.43357572,0.061311699,0.38855359,-0.242928281,0.255611628,0.326217324,0.122574955,-0.248561442,0
Man00954.wav,109.3664466,155.5634919,110.6372235,152.8910042,154.6675121,136.6382842,-0.399151744,0.0939449,6.58E-05,2199.776961,-42.5765293,16.21579419,14.9788808,81.84915161,5.076010227,31.23192787,-5.405603886,-54.40314102,22.24466133,-16.77093315,-31.66621971,-8.192678452,-5.022090435,2.943092346,-22.67432785,1.836266398,0.100090295,0.628131211,0.014041035,-0.942904174,-0.338248074,-0.206849858,-0.276287347,0.429931819,0.255439132,0.241823226,-0.085377507,0
Man00955.wav,225.1422562,267.740773,258.2481532,258.6205394,261.6255653,257.8914627,0.056986244,0.15315305,-0.000828002,1656.468089,4.531103934,6.428000493,20.23306619,78.95449829,-8.323908806,18.71775627,40.62870026,-23.1602993,-38.06151962,18.44859505,-11.44772434,-6.078332901,-25.84973145,-5.245137691,-7.959888458,-0.213445827,-0.290992379,0.457783282,0.394814283,0.429952353,-0.498588383,-0.286904126,-0.11693874,0.130734831,-0.170546204,-0.126135215,0.001905006,0
Man00956.wav,114.5388368,117.8950809,115.869714,117.2160552,117.2160552,116.5471484,,0.1466085,,1858.368246,,15.97553358,8.550044243,60.15996552,78.83180237,34.2041893,-47.70914078,-61.28729248,1.926744223,20.4153595,-37.18192673,0.560844541,-3.862566233,-30.83974838,-23.28316498,1.463150382,-0.057371628,0.744230032,0.738736629,0.335777223,-0.430856377,0.861908555,0.034927741,-0.30319351,0.58899951,0.109560736,0.102463223,0
Man00957.wav,122.0526419,248.3721691,242.6993409,246.9416506,246.9416506,216.7961798,0.008983788,0.23560503,-0.000624487,2164.950965,-1.254384124,11.55628388,11.31044376,84.74001312,-25.77078629,-0.882272601,-10.45017433,-44.90777588,-24.68681908,4.549147606,-19.32512665,13.85144711,-20.49277496,5.721739292,-5.047951698,0.274605036,-0.332164139,-0.394891292,-0.741471112,-0.37088722,-0.043273434,-0.675686598,0.019317213,0.516833901,-0.166295871,-0.018886825,0.426238,0
Man00958.wav,156.464662,165.768535,156.464662,162.9207308,164.8137785,161.0280123,-0.089415069,0.15998083,-0.001114021,2496.209378,-3.04687914,15.49962265,11.26487956,69.52689362,3.776024103,1.640015364,-39.12901688,-55.2423439,0.532018661,20.51789665,-29.02937317,6.005451202,-8.182258606,0.294410527,4.271949291,0.245448679,-0.510203242,-0.166618556,-0.016739633,-0.049080677,0.164223641,0.18148753,-0.114066035,0.128738776,-0.221105352,0.199071497,0.211313203,0
Man00959.wav,57.60117676,115.2023535,64.28274867,110.957681,111.9227661,93.29944046,0.019641693,0.14820625,-1.71E-05,1718.899053,0.109764476,16.58246288,16.23721636,104.3993912,58.02243805,46.38323212,24.18991089,-9.320306778,28.45836067,23.5581398,-24.42656517,-1.430730224,-24.98428726,14.96396255,-24.52958107,0.10146679,-0.664122224,-0.058233686,0.150703818,-0.189532012,0.218255147,-0.011327002,0.247248948,0.004620806,-0.227755278,-0.161463678,-0.157842442,0
Man00960.wav,124.1860845,124.9054872,124.1860845,124.5457859,124.9054872,124.5457859,0.00513859,0.122992046,0.00272694,2671.267092,124.5509764,21.4534152,11.98329534,87.76853943,32.19677353,-11.41934109,-21.46482849,-40.59031296,6.410443306,44.18666458,-45.12604141,-8.095781326,0.498059124,-6.868118763,-10.78445244,-3.602609158,-0.595683694,-1.894566894,0.294058859,-0.613322854,0.444792479,-0.791270852,0.632441342,-1.069915652,0.477634847,-0.794891715,1.204998851,0
Man00961.wav,137.7930882,266.1986996,140.201669,217.4730845,218.7328932,191.1545593,0.056633781,0.13100724,-0.000590393,2336.989523,-5.860729417,13.00598779,15.9563316,60.58141327,10.0929594,43.0947113,-62.38435745,-50.33982849,-16.42761612,26.19446564,-44.8521843,15.17484379,3.590464115,-15.11183262,-9.926029205,0.590236545,0.102353849,-0.179478467,-0.003537224,-0.022436943,0.266287982,0.025678024,0.198031873,0.013423364,0.078429922,0.130632088,0.110030368,0
Man00962.wav,249.8109744,251.2581146,249.8109744,249.8109744,249.8109744,249.8951105,0.004206803,0.19905366,-0.001366657,3207.127485,0.461533391,12.83386834,16.86845152,43.25065613,24.05705643,-0.434272408,-24.63040352,-39.04689789,32.72754669,18.8953476,-30.62059402,33.24770737,-17.17166901,-3.635075092,-2.733144522,-0.35809654,-0.432652235,-0.41294837,-0.124028541,0.089236774,-0.153025389,-0.11190936,-0.617826939,-0.105371535,-0.065222278,-0.093751997,-0.071613602,0
Man00963.wav,207.6523488,273.9989169,249.8109744,251.2581146,272.4207993,254.6361574,0.373954357,0.15621549,-0.000531095,2587.602566,-7.288193689,10.35967144,15.90504248,56.62401962,9.888198853,-9.681956291,-37.98559952,-20.06799698,-4.173901558,13.77138042,-52.19404602,15.84263325,-7.464310169,-5.244001865,11.242239,0.251234978,0.301591128,0.019647531,-0.342779845,0.27485919,0.107671119,0.088908061,0.178825423,0.075056843,-0.029470094,-0.110561028,0.187076479,0
Man00964.wav,233.0818808,252.7136381,235.7901618,249.8109744,249.8109744,244.7366577,-0.101156935,0.16144225,0.000207772,2270.647985,4.792625978,9.276076416,18.60796617,66.46434784,-9.722622871,1.610341072,-14.63705158,-22.57356071,-11.41567612,-0.292634398,-45.14474106,23.1740818,-3.664349079,2.326286554,-4.127451897,-0.462350786,0.262109518,-0.033052541,-0.07805147,-0.074351236,-0.035218429,0.000125599,0.038784944,0.014153456,0.02197562,0.171472833,0.125077933,0
Man00965.wav,109.3664466,682.5036952,110.6372235,674.6644717,678.5727632,455.65989,0.15163277,0.113222145,-0.000412427,2196.341671,-15.75317583,9.257298509,14.0830518,96.06430054,-8.504777908,-18.29556274,-11.519104,-40.43347168,-10.76829433,55.61119461,-58.75278091,1.371818781,16.65519333,-8.853746414,8.71619606,0.921437263,0.494044334,0.44615984,0.116410911,0.011154204,-0.029420201,0.014635537,0.526097655,0.039732724,-0.557806134,-0.205870926,-0.282544702,0
Man00966.wav,49.56877544,267.740773,112.866771,136.2103996,142.652351,142.0552693,-0.01490126,0.14864473,-0.000702691,2628.527292,-15.96538632,21.35133082,7.262978614,111.3678741,14.06331921,-5.927142143,-16.09231949,-91.3705368,52.93782043,19.1326313,-33.78211594,2.35605669,-17.70941544,-10.4734602,-2.351711988,0.41159749,-0.966130733,0.150615722,-0.553388,-0.45646444,0.012430225,-0.166785285,-0.070369378,-0.253509015,0.036988184,0.26291582,0.096804693,0
Man00967.wav,53.74379826,89.86534993,60.67483522,61.02632096,62.4527436,62.03872507,-0.112930113,0.14200614,-7.23E-05,1325.770035,-1.172063433,21.45892372,9.05971457,161.1570892,23.9938488,19.46406746,0.655486941,-92.13037872,0.181176424,50.51284409,-42.31624603,-10.67033291,-8.8490839,-16.01402473,-9.974052429,-0.064681657,-0.079509936,0.078319721,-0.279708207,0.20214273,-0.000980254,0.015137075,0.06074816,-0.064330883,0.109540395,-0.106709667,0.267022222,0
Man00968.wav,51.31681453,166.7288223,115.869714,118.5780401,133.8703865,121.6921774,-0.409833238,0.13596697,-0.000190648,1758.415599,13.33063215,14.45148187,8.917570644,131.4799347,14.27569199,15.4554882,-21.72587013,-38.72199249,0.093359694,39.22224045,-35.22835541,-2.71355319,-1.599076033,0.677308679,-4.661995888,0.487924427,-0.500886977,-0.926303506,-0.440883517,-0.181950226,-0.128436819,-0.207359865,0.82565254,0.260627329,0.337777138,0.198922366,0.066043079,0
Man00969.wav,113.223246,152.0104168,114.5388368,115.2023535,115.869714,120.5703088,-0.015429022,0.14957322,0.000211876,2004.072925,20.98754396,16.78696748,9.034922215,99.00650787,3.879400969,24.26370621,-29.14105034,-45.86236572,-2.014154434,32.23147964,-34.42489243,-11.41404438,1.641509295,-15.02913761,4.887512207,-1.137147069,-0.367545605,-0.846388817,0.378091037,0.543421745,1.479938626,0.592425287,1.421121955,-0.767147779,-0.789040089,0.581369281,-0.391071409,0
Man00970.wav,80.52471328,280.403338,182.8723372,244.1052839,275.5861765,224.342042,-0.542898559,0.12690578,-0.000272031,1983.537273,5.113399413,10.51457539,14.34577776,95.2437973,36.96221161,20.14157104,-19.13987541,-49.97851563,-3.258522511,14.76390457,-46.51707458,8.406586647,-9.770963669,-17.2949295,-20.36828232,0.324125528,0.622699559,-0.268353105,0.048151519,-0.321241319,0.074488737,0.128189728,-0.16252242,0.033154875,0.136017144,0.026110476,-0.263729632,0
Man00971.wav,49.28328031,199.4236978,99.13755089,198.2751018,198.2751018,162.7183962,-1.13016497,0.19172215,-0.000243348,2259.01463,16.70496838,16.87932626,16.70297996,76.95159149,45.45059204,25.27945518,-8.854247093,-45.37937546,8.092526436,18.88291168,-44.5683403,16.48591232,4.912628174,-9.049479485,-3.935068369,-1.231788158,-0.769005716,-0.025708942,0.119845949,0.456145406,-0.260324717,-0.708943307,0.275033534,0.130248725,-0.099550679,-0.137906596,0.02311258,0
Man00972.wav,190.4180434,270.8517709,203.4972842,207.6523488,237.1560803,220.4473838,0.255399108,0.19938415,-8.57E-05,1929.600445,4.196305648,8.835449063,15.91917578,101.6145325,-2.330564499,-23.85083771,-11.50553417,-35.77163315,-2.662522793,23.11295891,-58.52726364,9.160241127,-6.047026157,-5.756956577,-11.78479671,-0.169371724,0.030801065,0.027533306,0.417112172,0.128964737,-0.115451396,-0.246037409,-0.143786594,0.111109316,-0.125923008,0.172101423,-0.062358446,0
Man00973.wav,62.09304226,246.9416506,105.9470101,120.6507478,244.1052839,140.6834506,-1.461566987,0.16659275,-0.000515206,1591.711744,-16.9473397,11.07951531,3.028144115,111.5188065,-0.7899189,41.46147156,-3.409669399,-29.6129818,9.329699516,21.69690514,-22.39015198,18.50137138,-3.751251221,-4.6852808,7.233306408,-0.134921491,1.052796602,0.342585593,0.722999573,0.947337747,0.040358827,0.126574352,0.453318179,0.161477774,0.000167545,0.089922071,0.109531671,0
Man00974.wav,122.0526419,425.0119847,179.7306999,210.0651529,212.5059924,229.2433623,-1.677236473,0.15356168,-7.80E-05,1925.018926,0.086294187,9.801772239,14.68202631,87.07666779,-46.86800385,23.55960655,-6.236175537,-28.27913857,-12.91393948,8.393774986,-44.09400177,3.521470547,-9.517210007,-2.99601984,2.11658144,0.228603989,0.325669408,-0.058708623,-0.305297673,-0.180004478,0.031357501,0.38547799,0.097884975,0.089110009,-0.080236271,-0.008275681,0.145444363,0
Man00975.wav,270.8517709,511.3000583,270.8517709,272.4207993,502.5162293,372.2412693,0.468871962,0.21803087,-0.000410602,2512.428921,4.913244303,7.470576726,17.42983892,35.65745544,-17.03804588,4.213447094,-36.40906525,-31.36723518,-7.267322063,8.130689621,-33.19699478,5.794002056,-5.932011604,-13.51900387,4.379930973,-0.262170315,-0.065721668,-0.556379616,-0.014082236,0.083350062,0.242083892,-0.074593529,-0.146384329,0.251354307,0.174656108,0.182215288,0.275006473,0
Man00976.wav,90.909535,193.7464922,92.49860568,118.5780401,178.6955272,128.0960445,0.433278936,0.22663426,-0.000307097,2128.720119,-0.656213143,18.11135622,10.50886721,102.6144791,4.160811424,32.1923027,7.756287098,-36.65159988,11.31529522,18.30941772,-36.94236755,22.8534565,-15.21663094,-16.86773872,-11.31360817,-0.069956392,-0.02198042,0.224021956,-0.021266084,-0.018583555,0.078927793,0.052562311,-0.029039735,-0.125066623,0.151134536,-0.030868374,-0.163062736,0
Man00977.wav,117.2160552,138.5913155,122.0526419,122.0526419,122.7596857,123.11235,0.135194876,0.19425817,-0.000286691,2078.846378,-2.420435813,16.93937528,15.69833459,94.6344986,1.743117809,22.57058716,-7.05704546,-36.74577713,-19.70104599,7.42494297,-16.24087143,16.1478405,-18.84945869,-12.42067623,-2.205135107,0.023369964,-0.316776216,0.032639556,0.089160495,0.506049693,0.031413153,-0.060600065,-0.198173225,-0.148666263,-0.116480857,0.018739842,0.034097698,0
Man00978.wav,,,,,,,,0.18160298,0.001127984,2442.907291,83.2584559,0,2.645045401,94.94137573,5.181965351,15.38750648,-0.203275397,-45.34934998,3.302743912,10.20066547,-40.13897705,-17.10951042,6.789892197,1.267751694,11.52178764,-6.19192934,0.568012655,-0.081802063,-0.27858898,3.040543556,-1.758882046,-0.896130681,-0.218033403,-0.857203305,-1.90055716,2.085217476,-0.597775996,0
Man00979.wav,174.6141157,369.9944227,175.625645,176.643034,199.4236978,215.0422898,-0.615828318,0.15945342,-0.001437605,2279.321263,-8.501268766,11.41743414,13.92148803,86.27240753,9.310815811,14.13785648,-46.61776352,-28.52713585,-14.20492077,24.87001228,-65.08963776,31.00894165,-2.227155209,-22.19512177,8.814092636,0.149147555,1.163147688,0.586438119,0.12879917,-0.369183451,0.109502584,-0.14258489,0.14252913,0.10357815,0.036755826,-0.264743775,0.097079694,0
Man00980.wav,90.909535,229.0776736,137.7930882,206.4563593,225.1422562,183.8837924,0.1686525,0.15198693,-0.000654473,1923.45769,2.369147179,11.60086774,11.78798933,104.1427307,-2.457361698,6.439008713,-39.60737991,-60.0627327,-12.83891487,27.41546059,-65.11923218,18.67710876,-26.45725822,4.970328808,-4.089898109,0.056043353,0.343085319,-0.426520854,-0.285385966,-0.168789327,0.326103896,0.222019359,-0.375298768,0.317778707,-0.042173345,-0.220097005,0.054920804,0
Man00981.wav,295.3659506,916.3106942,401.738866,595.8749258,904.4817324,611.0382345,-2.833785774,0.15708095,-0.0005789,2278.556655,-8.629506747,4.296775897,13.93378899,58.40262985,-31.77709389,-23.33141899,-80.16812134,0.848367631,4.264247894,13.99376297,-11.56874275,-7.373165607,6.804999352,-8.486310005,-12.6648798,0.51052624,-0.503578007,-0.434198469,-0.017586861,-0.032128587,0.22481668,0.046364516,0.197158113,0.130518481,-0.412796617,-0.591472208,-0.282412469,0
Man00982.wav,32.89264335,222.5562769,77.33375604,198.2751018,220,162.4929399,1.100179495,0.17812748,0.000193182,1986.060093,-7.018396806,15.37833634,13.80953606,92.98254395,11.65704155,21.10906029,-24.04782486,-28.21693039,-26.4386692,18.85235977,-34.87099457,14.20669842,-6.605528355,-13.71293736,-6.033765793,0.413794309,-0.059669077,-0.087965615,0.137195617,-0.112934403,-0.118126355,0.055647686,0.045052454,-0.159131125,-0.128756315,-0.086815886,-0.15415293,0
Man00983.wav,62.4527436,779.4754168,124.9054872,125.6290573,125.6290573,151.1957128,-0.191884154,0.16505665,7.46E-05,3407.544812,3.921676875,27.89834647,6.62895448,66.27012634,0.724385738,3.806935072,-7.913946629,-41.16998672,-5.95168972,18.52021408,-53.28190994,23.01727295,-13.73730183,15.51567554,-1.804798126,-0.040121119,0.695439458,0.064295828,-0.387514263,-0.030625399,-0.148181051,0.089162789,0.725905955,-0.280751497,0.099361725,0.003818617,0.166718304,0
Man00984.wav,249.8109744,263.1411468,251.2581146,251.2581146,251.2581146,251.8599768,-0.232470748,0.090995416,-0.001320523,2825.374197,-7.838458001,11.22859263,15.08176125,58.61553574,38.54306793,8.733409882,-44.41358948,-46.31092072,6.313174248,24.8271122,-47.46263504,18.83841324,-18.21540642,-15.3542881,-4.09723568,-0.004197855,-0.653156936,0.354016155,0.075812444,0.729082465,-0.168776616,0.156333297,-0.121377274,-0.305034459,0.543235421,0.049390759,-0.049987216,0
Man00985.wav,87.30705786,229.0776736,210.0651529,210.0651529,226.4464921,194.8697489,-0.505479027,0.18034968,-0.000134808,1867.976271,-3.011337794,10.53787517,14.7875463,109.5672684,-30.53139687,-0.675154328,-37.72072601,-22.29045296,-25.38638878,28.60229492,-58.07510757,11.9750824,3.008078098,-1.558919907,11.71393108,-0.140084162,0.134650007,-0.032415375,-0.33150509,-0.484080404,-0.05701207,0.008228443,0.05371565,0.001983101,0.030106455,-0.181030974,-0.075390905,0
Man00986.wav,200.5789475,275.5861765,269.2917795,273.9989169,275.5861765,264.1091182,0.066374792,0.082972296,-0.000102615,2254.675441,-4.226688293,8.468236694,14.92512387,62.92857361,-41.49795914,15.17657566,-3.579339981,-25.38245201,7.835306168,-4.321501255,-36.09447098,12.45236397,-17.08560753,-1.771487832,-11.0442152,0.267697275,-0.696613014,0.145224512,0.189512938,0.343401492,-0.161529914,-0.15920575,-0.155933723,-0.148253337,0.163874045,0.019969914,0.00894463,0
Man00987.wav,233.0818808,254.1775933,235.7901618,248.3721691,249.8109744,243.7138556,-0.147882135,0.16118349,-0.000280002,3131.190645,4.172776775,12.86712242,12.44302052,53.74580383,-0.03668626,-17.61341858,-36.70663071,-32.5560112,21.30384254,23.37725067,-62.93763351,35.84772873,-2.549528122,-6.292904854,9.19271946,0.006653408,-0.096817464,0.203501254,-0.041919649,0.008669131,0.088866986,0.038318589,-0.12863341,0.196876436,0.137098521,0.104369454,-0.013421568,0
Man00988.wav,85.80717486,573.9149107,86.80420621,87.8128225,520.990852,258.1818871,3.22629633,0.16781545,-0.000268693,2591.37019,-1.924296254,20.15969548,12.50546957,62.78435135,43.64838791,63.24087143,-32.07862473,-49.6295433,8.427961349,2.554850101,-37.06389618,7.445642948,-12.25631428,-3.678375959,5.876249313,-0.038723502,-0.380933136,0.440485179,-0.341918796,-0.044233657,0.01191138,-0.320496082,0.325320661,0.002305149,0.174600109,0.172693208,0.226413205,0
Man00989.wav,237.1560803,244.1052839,241.3014955,241.3014955,241.3014955,241.3619973,0.005930484,0.16682051,-0.000670672,1354.131213,1.2776977,5.6104751,20.4381527,129.5648499,-16.2006321,-16.12189865,-17.07945061,-45.46857834,-1.061453104,28.9503212,-68.53126526,14.16680431,-8.662251472,-4.002617836,-20.52578735,-0.498593807,0.016639134,0.272107124,0.409300834,0.002062715,-0.357172251,-0.046243504,0.095120534,-0.071694016,-0.077828296,0.051811386,-0.03232808,0
Man00990.wav,199.4236978,264.6655079,200.5789475,221.274447,263.1411468,233.6199315,-0.63988243,0.1772066,-0.000805247,1755.488518,1.630701036,7.563219053,19.78105112,76.00244904,-14.04527283,12.67718029,-34.22047806,-31.97199059,-15.71533585,24.46084595,-24.1125927,-16.44015503,4.647120476,-24.89853096,-0.957805812,-0.148894504,-0.545409858,0.167582273,0.524823427,-0.003333117,-0.890162706,-0.223180205,0.651985884,-0.100552075,-0.031734604,0.155375615,0.014128987,0
Man00991.wav,124.1860845,272.4207993,248.3721691,249.8109744,269.2917795,225.5258118,2.487741243,0.18787187,0.00035411,3541.351294,1.790962866,18.19755733,10.09134738,33.87998581,0.213370204,7.671175957,-13.8466835,-9.71619606,3.963713169,5.395729542,-17.02242661,13.31331158,7.794002056,11.15494919,0.79052335,-0.198889464,0.601278186,0.435328513,-0.004374497,0.019903114,0.036374222,-1.201290727,-0.063308202,0.384163618,-0.115513489,-0.040309362,0.411561638,0
Man00992.wav,206.4563593,244.1052839,242.6993409,242.6993409,242.6993409,240.3408071,0.192349641,0.14886573,-0.000528201,2193.789931,-2.570165191,9.129139339,17.55159279,71.14532471,-8.399250031,-20.00666428,-13.41484547,-68.80397797,12.71021843,26.83818626,-59.11677933,-12.14191246,-16.01134491,-5.246115208,-4.789701462,0.232598856,-0.199682191,0.046801873,0.064671397,0.007542681,0.064430974,0.067960121,0.019862447,-0.069300987,-0.066809967,0.212416753,-0.074978188,0
Man00993.wav,130.0593565,258.6205394,229.0776736,230.404707,257.1309947,229.5600451,0.829616875,0.21248381,-0.000912258,2212.633418,-14.42859574,9.957587822,14.09089121,94.84450531,1.94740808,-2.888493299,-26.44215393,-45.74178314,17.50217438,15.74657154,-58.87197113,32.08625031,-22.59446716,-7.844485283,1.310330629,0.547137856,0.931244254,0.298368633,0.113030352,-0.057739735,-0.307694197,-0.411514044,0.624938607,0.280035257,-0.401621938,0.000178762,0.18317984,0
Man00994.wav,204.0850057,267.740773,245.5193714,248.3721691,248.3721691,243.0202785,0.280648372,0.18077494,-0.000535815,3203.090788,-4.163420151,13.12437221,15.87002729,27.36087418,28.32562256,-0.605579972,-30.17797279,-38.27707291,2.307535648,7.773906708,-53.32971573,10.09038544,-5.909322262,-14.38583946,3.878699303,0.36732921,-0.200040951,-0.480522513,-0.351802409,-0.026571797,-0.124268673,0.111694276,-0.221255913,-0.082405947,0.091372058,0.059891496,0.233221561,0
Man00995.wav,220,252.7136381,248.3721691,248.3721691,249.8109744,246.4938281,0.302031876,0.15369615,-0.000524477,2566.465531,4.351406704,10.43253692,15.46543493,68.36524963,81.13929749,15.08780098,-27.59592438,-25.46724129,-17.90535164,34.42184067,-56.62152863,2.092392683,7.39330864,-27.60212326,-0.694599628,0.075076841,-0.283116639,0.019741619,-0.270647526,0.247181818,0.335490406,0.262605339,-0.301565677,0.306955278,0.104685098,0.050654061,0.206634447,0
Man00996.wav,229.0776736,261.6255653,257.1309947,258.6205394,261.6255653,254.8915859,0.196853393,0.23815794,-0.000599697,3227.927137,-12.661963,12.71164286,14.53040806,20.27210426,-16.94248581,-1.004925609,-25.83283615,-18.2749176,1.865899682,2.386338472,-26.29131699,14.4810009,-15.3678875,-1.922609925,-3.053693771,0.196259871,-0.097158566,0.024193801,-0.066768803,0.145914495,0.215080038,0.027911639,-0.088729441,-0.103186265,0.239935428,-0.096509129,0.094421066,0
Man00997.wav,238.5299115,267.740773,241.3014955,246.9416506,251.2581146,248.6059708,-0.000992043,0.23546275,-0.000259775,2244.96755,14.82211007,9.052456807,12.96897288,69.61421967,-25.05380821,-30.02174377,-34.51193619,-34.46146011,0.679470062,-1.04121685,-38.73416138,-9.904999733,4.58853817,-12.46966839,5.202170372,-0.74503094,-0.42183888,-0.08777158,0.118378043,0.035908099,0.406024992,-0.156462446,-0.131218672,-0.21560894,0.344029814,0.025987279,-0.148491934,0
Man00998.wav,249.8109744,252.7136381,251.2581146,251.2581146,251.2581146,251.1066665,-0.035808528,0.13659927,-0.004690174,1631.897186,8.856336445,6.498189323,18.38466583,103.2838058,-57.73686981,-31.47501373,-20.66460228,-19.40175629,-50.50992584,29.02511215,-41.65016937,-4.932359695,4.889884472,1.989237666,-1.460317492,0.523878694,1.022496819,-2.213992834,-0.618656993,1.836032152,-0.638500452,0.799016237,1.191129804,-1.430266738,-1.135984182,0.056072019,0.941686034,0
Man00999.wav,211.2820479,246.9416506,238.5299115,242.6993409,245.5193714,238.8677248,0.193053702,0.23504229,-0.000774303,2541.608916,0.899053897,10.63211609,15.27147616,57.62758636,-4.996039867,24.08008385,-11.71985531,-34.23830414,6.7858634,5.559727669,-29.00877762,18.44149971,-17.69308472,2.378726721,-16.45234299,-0.034184195,0.547280073,0.185280278,0.143095225,-0.463773549,0.318069279,0.030428274,-0.133534193,0.065113649,0.080338977,0.025911709,-0.160366103,0
Man01000.wav,113.223246,124.1860845,119.9558506,122.7596857,123.4708253,121.442955,0.047055056,0.13871856,-0.000287023,2039.759432,3.930399697,16.76257673,13.13417183,99.64511871,23.86796951,18.76525497,-17.08303642,-56.92658615,20.57082367,24.80511284,-52.16302872,11.30162907,2.763437748,-4.241328716,10.48727322,-0.459919512,0.325354397,0.539967656,-0.309212625,-0.007426944,-0.043182187,-0.123611808,0.040250659,0.212679178,-0.11664097,-0.017545842,0.018683,0
Man01001.wav,86.80420621,573.9149107,152.8910042,153.7766928,156.464662,207.4188066,2.401277489,0.110714406,-0.000431145,2230.066782,-1.667668317,13.95375728,10.25109602,104.3465958,-8.381019592,5.358770847,-17.92940331,-42.05479813,-3.771910667,36.65352631,-54.7103157,18.27705765,-22.903862,12.97629166,1.77194488,0.138514191,-0.343345016,-0.186614528,0.175674319,0.288316309,0.249542072,-0.145059064,0.0232348,-0.028372739,-0.126599386,0.176578715,0.088422187,0
Man01002.wav,263.1411468,304.0208336,267.740773,300.5288565,300.5288565,289.8225812,0.216535054,0.26643378,-0.000225254,2083.820694,9.125410213,7.215711511,20.67693629,56.10810089,-48.83176422,8.309348106,-55.88095856,-10.26936245,-29.02186012,12.46399403,-41.95790482,4.68729353,-4.18777895,-8.051174164,0.48131752,-0.33296591,0.309421659,-0.035401493,-0.131532609,0.118771255,-0.092703089,-0.118262433,0.102711484,-0.121803336,-0.104176566,-0.074628413,0.172863677,0
Man01003.wav,122.7596857,246.9416506,123.4708253,231.7394279,245.5193714,204.1561906,-1.612390315,0.17304097,0.000249634,3796.611546,9.065934761,20.00604652,10.897469,35.4312973,20.09582138,6.26404953,12.37619495,-39.3572731,7.886045933,3.506783247,-25.96214676,14.63087177,-10.83773804,4.067279339,2.995973349,-0.412772059,-0.208931088,0.275204897,-0.12636584,-0.093056172,-0.343234777,-0.146791086,0.056865636,-0.382723629,-0.063540407,-0.088854052,0.03909694,0
Man01004.wav,212.5059924,442.5488941,220,440,440,349.846495,0.049508045,0.1519359,-0.000221314,2121.497008,-2.763275872,7.370176537,20.20412465,52.60684204,-5.816436768,21.6384201,-35.37102509,-63.44992828,-7.912657261,31.23993301,-57.8110733,7.295426846,-11.10656929,-21.89472389,-9.754295349,-0.269783646,0.298775613,0.168846682,0.069476172,0.15306367,-0.066119015,0.192776114,0.233205497,-0.219263628,0.246938765,-0.191494823,-0.18162322,0
Man01005.wav,124.9054872,127.0887967,124.9054872,125.6290573,125.6290573,125.4891788,0.003456817,0.07175298,-0.001662163,2398.953389,42.85013179,19.11150492,9.325476281,92.70830536,9.917827606,-2.131866932,-13.55445004,-55.55035019,-6.610487938,72.68321228,-50.68897247,-10.27497673,8.036478996,-24.59960365,6.338575363,-1.791832566,0.791657746,-0.883866012,0.693471909,0.096779257,0.450606674,0.507500648,-1.074873924,-0.163947344,0.415117681,0.172952801,0.077387005,0
Man01006.wav,41.68220558,166.7288223,83.60587372,124.1860845,125.6290573,111.5882799,-0.259575123,0.1492345,-7.52E-05,1739.018816,1.363162479,16.65641161,12.93030926,108.4420242,40.51623154,32.77592468,-2.599291325,-21.781147,22.69680214,17.28138733,-25.79023361,23.24028397,-4.478587627,-5.311850548,-3.01010108,-0.023921752,-0.70682776,0.268789589,0.257585943,0.468626946,0.270598084,0.11493203,0.154773131,0.073167935,-0.054670237,0.14132455,-0.254475743,0
Man01007.wav,98.56656061,601.057713,119.2649557,199.4236978,202.325226,268.3020423,0.12829975,0.20406215,-0.000941757,2470.652454,-2.153210861,14.05495957,12.80840657,53.53428268,3.287202358,20.76617432,-21.87771797,-43.57569122,-33.00215912,22.16923332,-9.150618553,-4.617224216,2.544931173,1.425812483,14.3793335,0.138675302,0.350873202,0.455244154,0.191030443,0.454882354,0.126437128,0.001228938,-0.06315162,0.09819591,-0.301563233,-0.101496622,-0.085396536,0
Man01008.wav,118.5780401,169.6431908,129.3102697,131.191678,165.768535,146.3122039,0.855653525,0.16484731,0.000320524,2369.440903,15.63466044,16.22573973,4.87587625,87.40289307,-10.38508987,14.81115055,-4.88356638,-42.16565323,-20.68670654,18.68817902,-34.13108063,3.531197548,-26.542696,-8.278063774,1.494148731,-1.07521081,0.282034993,0.244834319,0.295079052,0.263885587,-0.704564929,-0.476765871,0.334341437,-0.198830023,-0.051627751,-0.380471647,0.262058973,0
Man01009.wav,113.223246,535.481546,117.7253245,124.1860845,499.6219488,231.2647773,-2.72756541,0.08722538,-0.000283254,3736.644784,7.378132498,22.8021513,8.802999743,43.14690018,41.74878311,18.56853104,-18.51722717,-77.37397003,-9.196066856,22.54780388,-26.60408211,-13.92607117,10.13127518,-24.71691704,-8.892521858,-0.234740838,-0.019170169,0.220254928,0.101894721,-0.107950732,0.176990345,-0.052151579,0.022346485,0.236258134,-0.126500502,0.209438652,-0.143049777,0
Man01010.wav,218.7328932,249.8109744,228.0938192,233.0818808,245.5193714,234.2831857,-0.139643713,0.215775,-0.000165979,3518.222529,7.740180638,15.11505678,17.08001936,3.27995491,20.10246849,19.33392906,-12.96143436,-43.22901154,4.346897602,-4.25547123,-30.13665581,4.529810429,-21.84535408,-14.16531467,-11.7777729,-0.246312797,0.102513827,0.143498987,-0.009508114,-0.227320254,0.111877277,-0.029138083,0.005422051,-0.0835476,0.063036487,-0.007451436,0.037894204,0
Man01011.wav,193.7464922,577.239566,251.2581146,257.1309947,270.8517709,264.5173567,-0.24712623,0.20960836,-0.000122295,2206.470462,10.84944563,8.609571692,17.24748175,62.35657883,7.107613564,5.712078571,-39.69103241,-27.01753998,-39.42494583,31.97174644,-36.9764595,-10.18262863,7.74070549,-16.54270172,-2.205551386,-0.62267071,-0.723330557,0.38850832,0.818822682,0.682798743,-0.125539765,-0.088594273,0.029971398,-0.124977335,0.104410022,-0.069201931,-0.151569068,0
Man01012.wav,97.4344271,119.9558506,110,112.5711281,115.869714,112.6401287,-0.016988857,0.07884052,-0.000190166,1918.619502,-3.153944528,17.0130691,9.59226475,119.1011658,10.21565533,35.2038765,-41.34414673,-66.2364502,24.56145668,25.1406517,-32.61781693,10.48284435,-10.1852951,-15.6700201,2.554998159,0.184311524,-0.012996261,0.089181893,-0.085418902,-0.033971895,-0.152743489,0.323425412,-0.050391622,-0.0362847,0.106857404,-0.274952888,0.088568702,0
Man01013.wav,113.8791416,269.2917795,124.1860845,124.1860845,124.1860845,133.5645378,0.030767719,0.14390287,-0.000487063,2291.395574,-2.222237954,18.0807632,14.73925696,85.34020233,30.14375877,24.62579727,-16.80596161,-66.41030121,-5.19182539,32.41089249,-50.00986099,-6.191353321,-1.016913652,-25.08969307,-1.89115119,0.173767179,-0.103548862,-0.243096516,0.089945473,-0.128391474,0.200463876,0.073904492,-0.035998151,0.137797266,0.168856457,0.010042095,0.079571702,0
Man01014.wav,172.6085015,526.2822936,226.4464921,227.7582832,261.6255653,247.7176256,-0.085548062,0.2056814,0.000221355,2347.900017,1.656641594,9.775660893,15.04877496,59.6324234,2.500551224,-4.843065739,-44.42416382,-58.93400955,-19.58584595,24.55934143,-41.65676117,8.752581596,1.672419667,-9.692339897,10.89275169,-0.176762879,-0.108730063,-0.10935384,-0.016962318,-0.163894698,-0.143593788,0.130958647,-0.238474697,0.040549096,-0.063806713,-0.088752605,-0.018195637,0
Man01015.wav,119.9558506,288.619783,270.8517709,270.8517709,272.4207993,254.9805646,-2.596765092,0.121783,-0.001631793,2707.713927,-35.64381517,10.75296012,10.54509494,30.76691055,-35.80897522,9.29805851,-27.90967751,-27.57102394,-0.222392723,-20.17421532,-33.77360916,-1.439350009,1.597830296,-11.20087051,-1.513010979,2.207829237,-0.195328861,-0.15091753,0.364401489,-0.26052314,0.04827271,0.608057559,-0.408466339,-0.161929548,-0.312146574,-0.195480481,0.373321891,0
Man01016.wav,32.70319566,260.1187129,226.1204331,257.1309947,258.6205394,210.5784515,0.142963928,0.13398336,-0.00042479,2284.903409,-17.94327906,12.93278098,11.92127719,92.66329193,44.54457474,-13.60012817,-18.23639297,-62.40691376,2.258929729,45.67272568,-52.9474678,10.53583336,-16.28443718,-10.87536812,-20.44595337,0.938504398,1.043494105,1.110806227,0.558573842,0.248931125,0.838686228,0.420950264,1.038605928,0.35800758,0.193379775,-0.07052777,0.060153063,0
Man01017.wav,119.2649557,477.0598229,122.7596857,122.7596857,123.6496401,135.228864,-0.040282829,0.20959862,0.000187917,1621.797565,32.41674593,12.68858836,7.27085367,118.6724777,-13.79673004,83.53284454,18.62178612,-52.84268951,1.708394408,4.944113731,-53.23602676,-8.626943588,-19.31988525,-10.00463295,-11.62090397,-1.347684026,-1.361939549,-0.254120588,-0.613836288,0.181658283,0.228689805,0.524321318,0.342090964,0.211905867,-0.535508156,0.233501077,0.10456273,0
Man01018.wav,227.7582832,369.9944227,330.5850629,361.5437384,362.0673388,340.9103969,0.687095397,0.26785418,0.000346415,3128.756798,-15.5021598,9.255051093,12.45762806,28.07076263,-6.780797005,13.30450726,-26.59230995,-13.39234161,-14.72026825,-5.214164257,-18.78341484,15.7130518,-17.99173737,5.041055202,-7.038338661,0.191998959,-0.417314887,-0.334234685,-0.204160571,0.175679639,-0.033205453,-0.009908145,0.014777359,-0.063557871,0.32126075,0.358051598,-0.011240533,0
Man01019.wav,210.0651529,244.1052839,242.6993409,242.6993409,242.6993409,239.2476498,0.187026415,0.14558814,-0.000111882,3109.011463,-1.438131245,12.94994238,15.06202123,35.0223732,6.484571457,2.218742847,-32.89574814,-17.9140892,5.500795841,12.35147095,-44.14426041,23.26398849,-0.952849448,-4.768444061,0.758064866,-0.047127068,-0.873817563,0.066167362,-0.029175393,0.105307557,0.191359624,-0.132390857,0.05379932,0.124283627,-0.0633156,0.128280655,0.060133353,0
Man01020.wav,124.1860845,748.5871016,126.356819,252.7136381,748.5871016,440.2736275,-1.277434388,0.30464044,-0.00085968,2331.692085,-1.021614266,9.387536773,16.70966152,50.78955078,-49.12553024,-6.091558456,-28.7900753,-37.42936707,0.865317106,5.780221462,-19.20502281,17.95079613,4.176673889,25.63263893,-11.67727184,0.177287951,-0.203786924,0.002856317,-0.268736333,-0.103533447,0.004024958,-0.058085293,-0.364902765,0.12290848,0.105492823,0.115619041,0.163956717,0
Man01021.wav,234.4321104,361.5437384,248.3721691,249.8109744,251.2581146,266.122024,2.013732931,0.13127697,-7.68E-05,3244.666839,-13.39216354,12.7948923,11.57929482,33.84378433,9.073082924,-1.799219728,-26.95623207,-20.22835541,10.90721416,-6.171659946,-48.2929039,15.76525307,-13.27840328,3.402203321,-3.547342777,0.670112491,0.322357684,-0.479507953,0.45559749,0.689972222,-0.512628913,-0.67327553,-0.217560843,0.009453568,-0.361916482,-0.006516938,-0.24550052,0
Man01022.wav,115.2023535,278.7883336,248.3721691,258.6205394,269.2917795,237.3308497,-0.285012757,0.1737272,-0.00014114,2501.165564,4.631070488,11.85529034,13.07204189,78.0650177,2.11990428,16.47931671,6.661671638,-41.62585831,0.205641165,14.62216949,-42.55025482,1.454339504,-15.73856831,2.324574232,-9.714673042,-0.672361016,0.230195358,-0.610695958,-1.035731077,0.354192227,0.244967848,-0.537767649,-0.124871418,0.222962022,0.111380644,-0.172307655,-0.086784795,0
Man01023.wav,95.20902171,389.7377084,95.76056196,96.31529725,143.2721335,170.4383838,,0.17925617,0.000967997,1940.089586,-21.80830433,15.00558951,7.861105827,107.6784897,15.06479168,78.22408295,-18.83774567,-12.8064909,-27.82917786,0.16324842,-53.91911316,-0.740305901,-13.24972248,-12.66056633,5.58992815,1.936314344,2.677342892,-0.986685693,1.207194567,0.565455079,0.528210938,0.950162947,0.507291317,1.319502473,0.987851858,0.479293257,-0.534565389,0
Man01024.wav,43.15212538,130.8127827,129.3102697,129.3102697,129.3102697,118.0021904,-0.001447511,0.13962482,-0.000326271,2199.098619,-7.72812907,23.07806762,10.71963216,92.31010437,-50.89704514,-5.6337533,2.568629742,-1.379613519,-2.911163568,-6.135311127,-64.36393738,21.97706795,5.680588245,9.354525566,6.776365757,0.245543152,1.016127348,0.16834189,0.690940976,-0.355306119,0.1385746,0.364098787,0.232641712,-0.248925373,0.117484093,-0.02057514,-0.093051746,0
Man01025.wav,114.5388368,233.0818808,116.5409404,129.3102697,130.8127827,128.8315027,0.003573225,0.16649634,-0.000483921,1576.123344,-2.947288159,12.43793683,12.807675,126.3437195,-11.78646564,24.24475861,-21.60511017,-66.27072144,-1.413347125,16.59855652,-43.1703949,21.67783928,-24.50958633,-5.082544327,-7.195876122,0.433253527,0.10124784,-0.11080578,0.045194626,0.068606675,0.099593841,0.099558294,-0.09877149,-0.06100909,-0.009641939,-0.005635106,0.025034953,0
Man01026.wav,57.60117676,181.81907,172.6085015,174.6141157,177.6663167,168.5680428,-0.253231808,0.19862084,-0.000759828,3072.403468,5.378489817,18.91448047,10.27765004,65.33965302,-0.906363368,4.175979614,30.07877541,-44.60957336,-11.88872814,11.99809265,-32.20313263,10.76468563,-5.999948502,-8.973973274,-14.5443325,-0.342891425,-0.114786617,0.167709142,0.248384506,-0.010129333,-0.11388658,0.051031582,0.181486145,0.179022506,-0.107833631,-0.030661609,0.143259659,0
Man01027.wav,119.9558506,145.9866917,126.356819,130.8127827,131.5705734,130.1906146,-0.127455977,0.12962869,-0.000170719,1574.679306,8.277607398,12.05157708,17.17391634,116.7322311,25.66407394,20.08151054,-20.05316162,-46.27812576,0.140238136,32.78588486,-40.2644043,23.86328316,16.38297462,-16.69182205,2.011199713,-0.592582524,0.12242911,-0.940582693,0.333482951,-0.580907643,0.062008012,0.49251619,0.052185234,0.100487761,-0.234286785,-0.068604201,-0.019222951,0
Man01028.wav,142.652351,166.7288223,152.0104168,153.7766928,162.9207308,155.6681788,0.046162028,0.10534605,8.81E-06,1872.402503,0.593509816,12.06898335,14.44082453,114.6760712,47.09367752,11.3545866,6.041180611,-50.95305634,-2.780910492,24.72929001,-43.92765427,-3.425503016,4.787961483,-26.70362663,-7.914661407,0.12506184,0.600840628,-0.241340026,-0.41252768,-0.21803017,0.255518734,0.313184857,0.005160167,-0.087683626,0.06944257,0.211264387,-0.273440003,0
Man01029.wav,189.3213162,251.2581146,231.7394279,233.0818808,243.4023124,235.4744464,0.285096852,0.20909837,-0.000564787,1963.520876,2.473318399,8.330377361,15.11620102,73.00241852,-1.016789913,14.43549538,-12.37607861,-43.05608368,-5.914463997,26.56443214,-53.41793823,11.41810513,-24.456707,-17.5605545,-8.876079559,-0.399050415,0.100802697,0.040346544,-0.381450593,0.024617022,0.098963529,-0.124850385,0.01811906,-0.13745065,0.15171285,-0.041916233,0.15190047,0
Man01030.wav,114.5388368,246.9416506,188.5035083,213.7370271,227.7582832,203.6180154,-0.170271082,0.19909993,-0.000517183,2673.73826,3.712003539,13.80781338,13.90053486,56.29496384,-15.49299717,-0.935522616,-24.31487274,-39.10379791,5.597470284,16.61274529,-57.60580826,20.19538307,-14.10775566,2.26425457,-4.981173515,-0.109964199,0.027969252,-0.004831381,-0.057018414,0.197151601,0.125032082,0.184649169,-0.092267506,0.043235619,-0.079925321,0.142527923,0.04953517,0
Man01031.wav,160.1218501,195.997718,167.6946726,182.8723372,193.7464922,179.229911,-0.119708709,0.15920396,-0.000495485,1488.052975,-0.293068207,8.379972991,12.84988407,134.6507111,-44.13954163,-18.91641426,11.36348057,-47.54075241,13.37432671,-10.50048923,-39.11980438,4.779062748,-5.25089407,7.536881924,-8.768918037,0.065190658,-0.168312207,-0.18154861,-0.102959983,0.104554877,0.147053033,-0.152775183,-0.046279155,0.056977037,0.094644859,0.07232935,-0.078841276,0
Man01032.wav,222.5562769,267.740773,229.0776736,238.5299115,251.2581146,241.802698,-1.103270078,0.14740501,9.17E-05,2375.292718,0.104195562,9.795498954,11.29288047,77.18869019,25.17668533,-18.68353081,-27.93633842,-28.86282921,10.56298065,19.52441788,-52.67631149,8.878836632,-14.83959484,-16.77253723,9.257340431,-0.149988219,-0.141050473,0.783083618,0.2527574,0.503477991,-0.33010906,0.069825038,0.664597094,-0.164872766,0.290160477,0.335125804,0.061969604,0
Man01033.wav,104.4276333,257.1309947,245.1658495,249.8109744,251.2581146,242.8978936,0.075239775,0.11107694,-1.51E-05,1849.715607,0.225579946,7.62982734,18.3786667,71.81497192,-21.17540741,-7.564342022,-7.746629238,-48.58638382,0.301878959,10.6393013,-48.53221512,-4.540618896,-14.14795971,13.43418217,-4.632901669,-0.19507274,-0.468732089,-0.031245643,-0.197211191,-0.197469324,0.137537405,0.066786505,-0.116396196,0.029245466,0.086165674,-0.000298621,0.117040515,0
Man01034.wav,115.2023535,115.869714,115.2023535,115.2023535,115.869714,115.5184716,-0.035124234,0.13227086,-0.002309519,2753.986398,36.65316497,23.84158826,11.64373139,75.92652893,11.69602394,16.5142498,-50.55138779,-15.92451382,29.62985802,24.65563774,-43.24745941,28.38788033,-22.49899673,13.8811245,-4.048043251,-0.082684897,0.369686425,-0.403103828,0.346667588,0.648529708,0.161587164,-0.344933748,0.053255465,0.341989607,-0.388859838,0.139756471,0.230493665,0
Man01035.wav,49.56877544,96.8732461,49.56877544,49.71234994,49.85592444,54.41408211,2.22E-15,0.16101411,-0.001826345,1221.533747,-28.39602625,22.57121183,4.936278198,92.25600433,17.37192154,31.41519737,-18.76906204,-27.90871239,7.978710175,32.75331116,-30.27971649,0.637541652,-2.665327072,-14.72074699,-1.438867211,2.502479553,2.754073858,1.015819907,-2.197348595,1.1894871,-2.401560545,1.448842049,-0.098052293,-1.669641972,0.937521398,-0.484985739,2.029969931,0
Man01036.wav,161.9823764,257.1309947,163.8645209,205.8618087,215.2865277,198.1759991,1.299085019,0.16123712,-0.000503949,1602.189092,2.641174774,8.094758403,7.338692994,134.79599,-29.35320282,0.058356743,-9.003375053,-43.36703491,-17.88367844,21.4872818,-59.34941483,6.490693092,-15.81431293,-14.50636864,-11.03263855,-0.676076353,0.871121645,0.672361255,-0.598216653,-0.824441612,0.015364368,0.84141624,0.051333003,-0.689185619,0.441120952,0.179809198,-0.095245689,0
Woman00001.wav,,,,,,,,,,,,,,61.57752609,-10.21699905,-11.70496464,-28.00348473,-18.31420326,37.06983948,-27.59621811,-16.80533218,14.36268806,-23.56812859,7.435500145,-13.12115192,-0.531681359,-0.039340761,0.039438307,0.372332036,-0.158633366,-0.400711924,0.060016133,0.066532589,0.077191122,-0.087208219,-0.048093237,0.089377932,1
Woman00002.wav,458.1553471,570.609404,511.6147413,554.365262,557.5766672,535.1231505,-0.145841294,0.14634363,-0.000337356,2732.482643,-6.835970387,5.149575026,17.9798052,27.73976898,-27.58882713,-16.3677063,-21.09517288,-24.15942001,0.195699349,-13.88933086,-27.6364727,6.736610889,-19.95115471,-1.116080284,10.60111713,0.203123346,-0.499361902,0.310520887,-0.006801448,0.18473807,-0.192419738,-0.026866617,-0.34681195,-0.084032305,0.204175845,-0.001205417,0.279884338,1
Woman00003.wav,311.1269837,314.7421051,312.929324,314.7421051,314.7421051,313.9666905,0.19381223,0.14808671,-0.003055772,3332.4086,32.93569158,10.61529769,15.35783251,12.8035326,31.40659904,72.03005981,28.29579353,-13.29126167,19.10988617,1.297787786,-10.44448853,-11.07619667,-28.70528793,17.51381111,-31.42604828,0.857001364,2.428848743,-1.204660177,2.174671412,0.003770221,-0.80166316,-1.403954864,0.81644839,-0.72237438,-0.618536294,0.748745322,-0.661983192,1
Woman00004.wav,311.1269837,434.946169,351.25129,403.481779,420.1303057,385.1588765,0.582619759,0.16746892,-5.59E-05,2098.004167,1.059748938,5.544339209,10.19074568,52.66257858,-25.9010334,-18.32095909,-16.2511425,-30.09427643,15.20676517,-37.30105972,4.539377213,14.38693333,-17.54786873,-4.629117012,-16.7506485,0.155623421,0.167688459,-0.29488185,-0.033666387,0.094018698,0.197367653,0.036092505,0.052550014,0.1782877,0.04284269,-0.143339425,-0.02046317,1
Woman00005.wav,216.2205317,359.4613997,249.8109744,251.2581146,331.5370699,279.6995898,-0.603475195,0.1525491,-0.000679424,3121.696844,0.868540691,11.3848445,7.61232807,37.47469711,17.26309395,11.68624401,-11.57734013,-9.36828804,3.47423172,-22.41773605,-5.392552853,8.80989933,-3.028320551,-1.971123576,-28.71693611,-0.032619238,0.130816475,0.474880338,0.422030598,-0.028147347,0.088102214,0.178704038,0.066324383,0.005478412,0.124731943,0.198452309,-0.029366948,1
Woman00006.wav,355.3326334,374.2935508,361.0231537,361.5437384,372.1377786,365.5374671,0.135504377,0.17187594,0.000235863,3287.556119,14.04097845,8.989871158,20.45542933,19.92107582,13.12332249,-11.19472408,-17.31970215,-14.78293705,3.029366255,-9.584849358,-6.067978859,40.8167038,-20.89357567,6.113631725,-1.08397305,-0.160860166,0.569405913,-0.458336323,0.266863555,-0.192457631,-0.021407345,0.103957064,0.305853933,0.061001178,-0.304519027,0.253260702,0.0702774,1
Woman00007.wav,237.1560803,405.8191252,251.2581146,349.2282314,374.2935508,325.0347077,-0.600645993,0.17963266,-0.000434791,1871.021567,-2.584853425,5.962987937,16.35062234,87.63932037,-18.53781509,20.10250854,-15.88150597,-6.904897213,17.02842903,-34.5344429,-1.894059539,15.39792252,-21.52819443,4.282971382,-17.44262505,-0.037754647,0.472840577,-0.128503293,-0.178004503,0.05495286,-0.074703202,-0.00429015,-0.079460546,-0.118656158,-0.049525268,0.053219192,-0.088247404,1
Woman00008.wav,136.2103996,417.7105332,333.4576446,345.2170031,347.2168248,327.1688126,0.281863622,0.15800615,-9.50E-05,3472.85405,2.41819152,11.68788453,10.88900906,19.67825508,6.455645084,-14.14988136,-44.09044647,-0.633618593,29.27391815,-15.22427845,-3.178823233,-0.684563398,-23.67105675,6.917393684,-11.47878838,0.238407314,-0.302888423,0.369894773,0.696143925,-0.381120533,-0.195797816,0.140459299,0.088679768,0.117693409,0.018754054,-0.023893362,-0.20028384,1
Woman00009.wav,260.1187129,267.740773,265.0488059,266.1986996,266.1986996,265.5146889,0.068134967,0.14740384,-0.002801593,2586.783275,14.15452035,9.741057718,14.63033685,24.43401718,-43.12681198,-36.16296005,-73.97761536,8.88380909,17.1552887,-26.79838753,-8.325183868,27.64168167,-14.85314751,19.78175926,-26.61314011,-0.649534941,0.344747305,-0.03441311,0.086549133,0.001781119,-0.278059334,0.075550161,0.243962303,0.065201856,0.443128407,0.004128846,-0.049106065,1
Woman00010.wav,345.2170031,351.25129,347.2168248,349.2282314,349.2282314,348.7650346,0.035814539,0.15520903,-0.001179949,2234.215902,-0.214755308,6.407695852,24.55954904,43.99915314,-24.75986671,-16.38218117,-9.706673622,-38.27840424,2.828254938,-15.46252346,-14.60607338,25.51719666,-17.50446701,3.013430119,-22.48057938,0.294452935,0.03071774,0.349654734,0.667312622,-0.306857198,0.13558352,0.066456489,-0.096272364,-0.086995259,0.071357101,-0.074450709,0.074015759,1
Woman00011.wav,217.4730845,291.9733833,245.5193714,252.7136381,282.027698,258.0512599,-0.404994954,0.11029223,-0.000155953,1944.138482,-1.562728603,7.490104889,0.562973017,70.16591644,-22.31012726,21.41299438,-52.86022949,-17.52420998,10.01473808,-26.44890022,-20.78476715,0.853238225,-22.30852318,6.041754723,-21.74032402,0.13215369,0.504686475,-0.029830044,0.087535717,0.143618494,-0.276073337,-0.35795927,0.067268193,0.225818798,0.053468596,0.002823995,-0.106168143,1
Woman00012.wav,359.4613997,420.1303057,365.7446743,410.5345163,412.9127185,393.7012944,-0.236309812,0.15907365,-0.000187453,2638.357881,-0.652635844,6.718546641,19.31440666,14.26676559,-11.02723026,-12.97687054,-44.12055588,-13.31807327,9.527324677,-22.94001961,-27.97517776,17.79000282,-30.44651604,5.577873707,-21.33237839,0.065846823,-0.112498626,0.092569426,-0.030140219,-0.143067881,0.139226526,0.099839479,-0.109815672,0.056801058,0.043132033,0.055806845,-0.000216842,1
Woman00013.wav,272.4207993,401.157895,288.619783,290.2917404,325.3722843,309.8578543,-0.535570895,0.22261663,-0.00139934,3552.749983,-9.34148167,11.62695456,7.028023266,26.75055122,4.059912205,15.35751629,-16.96997643,2.408253431,3.64280653,-14.4741087,-1.880823016,19.77882767,-25.37816811,-5.711052418,-19.48609352,1.042159677,1.971229911,-0.103026114,0.414496452,0.487120032,0.327781498,-0.288556546,-0.498223364,1.164720178,-0.326511025,-1.313237548,-0.726833522,1
Woman00014.wav,275.5861765,351.25129,277.182631,285.304702,322.0988531,297.7240643,-0.198405402,0.13205686,-0.001048509,2391.644274,4.465389952,8.19783494,15.89525021,56.35500717,-9.869148254,-32.49094391,-65.4670105,-26.44324493,30.95738983,-14.58102608,-44.78971481,20.30085945,-19.61583138,2.763423681,-18.4819622,-0.125747591,0.317162097,-0.04891989,-0.019612875,-0.067886703,0.113050118,0.038056135,-0.069238335,0.132877678,-0.019985417,-0.017695321,-0.025166405,1
Woman00015.wav,335.3893451,365.7446743,337.3322358,359.4613997,361.5437384,351.2870318,-0.201972521,0.27189368,-0.001045266,3903.954551,-0.598682737,11.11521595,12.84763244,-1.14184165,-23.55647087,-17.2606945,-25.73280525,-8.617284775,-4.004067421,5.365134716,-13.07454014,5.01780653,-13.27244186,5.693810463,-14.93671131,0.360508263,0.310539246,-3.71E-05,-0.045823317,-0.039077599,-0.121655107,-0.105865233,-0.0129037,0.206133068,0.022477057,0.14127776,-0.063550331,1
Woman00016.wav,206.4563593,293.6647679,208.8552666,245.5193714,290.2917404,247.8522622,0.500369178,0.1858924,-0.000750764,3362.549282,3.087270973,13.87303914,12.82399967,22.72951889,17.84134865,15.00518036,-32.49126816,-7.117356777,20.30427742,-23.38254738,-17.46310806,17.01906013,-22.45034218,9.716377258,-16.57755852,-0.402248561,-0.208887875,-0.067606784,-0.225724667,0.138454229,-0.035873495,-0.015354875,0.242838681,0.074119754,0.057760082,-0.130515426,-0.117668875,1
Woman00017.wav,383.0422479,422.5640958,396.5502035,415.3046976,417.7105332,407.4446946,0.13531599,0.19456978,-0.00033446,2293.92716,-3.668120539,5.670795152,19.40992773,48.28988266,-24.52150536,-29.07950211,-48.6372261,-15.86896038,23.45329094,-33.50033951,-20.49126434,25.21858978,-38.21353531,6.126038074,-11.40586376,0.216177002,-0.025289156,-0.259529412,-0.090006553,-0.014301226,0.036754627,0.034052525,-0.174359873,0.026850948,-0.066267788,0.057339355,0.143463567,1
Woman00018.wav,251.2581146,442.5488941,323.9647528,333.4576446,345.2170031,336.3860873,1.418203292,0.13926458,-0.000247811,2759.552366,-1.786392056,8.319984153,12.63155262,39.20742035,-16.32446098,-16.30939674,-42.37467957,-17.65912247,9.221936226,5.06742239,-54.54513168,14.37060833,-20.30573845,-12.85145283,3.733384132,-0.591059744,-0.374376148,0.086697526,0.435922503,0.803067923,0.102638051,-0.883411765,-0.592394114,-0.011354956,0.164681494,0.522597551,-0.012773417,1
Woman00019.wav,278.7883336,466.1637615,369.9944227,415.3046976,440,409.0749761,-0.945542914,0.19318971,-0.000283798,2137.619397,14.65230002,5.369702846,22.7190605,42.23271179,-10.32562923,-17.81593895,-56.52693176,-11.39322186,8.742826462,-29.35336494,-9.941163063,12.72834682,-34.17296982,1.97024405,-35.9275322,-0.237246007,0.442992002,0.080034599,0.22042881,0.310195953,-0.034920581,0.10889817,0.00756728,0.090003036,-0.012650854,-0.061269872,0.09674596,1
Woman00020.wav,76.88834638,234.4321104,178.6955272,230.404707,231.7394279,197.471288,-0.767585376,0.08716108,-0.00103772,2102.58627,-8.329783807,11.5090064,10.28356703,96.10522461,-4.558561325,6.306997299,-40.61849594,-15.86685181,18.04927635,-40.79891968,-30.47992897,32.3715744,-24.48158264,7.732745647,-16.17049408,0.624257386,0.189915717,0.306217313,-0.265623778,-0.284358442,0.039376482,0.065545522,-0.295797765,-0.102211483,-0.197000891,0.236387596,0.274234027,1
Woman00021.wav,80.9911882,335.3893451,244.1052839,275.5861765,326.7852517,273.1137704,-0.816555876,0.18463367,-0.00016614,2317.761617,2.572708818,9.109626109,17.00506349,63.03574371,9.267476082,-12.22054863,-33.63614655,-5.589540005,14.09506512,-20.49658585,-7.967479706,12.88716412,-44.01210022,4.164581299,-24.12829971,-0.157922879,-0.195234388,-0.174123064,0.207042411,0.274466813,0.024052523,-0.301858723,0.142129958,0.076336466,0.085364893,-0.111318216,0.340317249,1
Woman00022.wav,233.0818808,337.3322358,329.6275569,331.5370699,335.3893451,314.3162673,1.564170571,0.08426707,-0.001411448,3070.816916,-18.90001408,10.12996954,12.56385761,18.03947639,-26.22521019,-1.002003431,-9.134983063,-26.00771713,20.02670479,-19.37316704,-20.79076195,22.21325302,-39.49258804,-11.86048698,-8.704026222,1.171368361,-0.300708622,-1.289069653,-1.506709576,0.658712626,0.531639397,-0.417564124,0.238770947,0.527475059,-0.082962357,0.137883484,0.172126368,1
Woman00023.wav,223.8455323,349.2282314,252.7136381,280.403338,341.2518476,291.2076382,-0.976085841,0.15128593,0.000283344,3260.576898,-18.33462622,11.42162812,14.27786413,30.77458382,42.24255371,-27.17430878,-49.44134903,-0.134557113,13.40162373,-30.39091682,-10.52873898,-8.330956459,-19.33130836,9.157668114,-8.953346252,0.356852204,0.153718814,0.272023618,0.017641136,0.080703609,-0.430967897,0.253184646,-0.349574924,0.109202228,-0.2399517,0.049284156,0.347733736,1
Woman00024.wav,220,231.7394279,227.7582832,230.404707,231.7394279,229.1808801,0.056957049,0.11233345,-0.000416609,1722.20431,-1.290763297,7.51818044,17.72444233,96.99931335,-4.779649734,-15.20314121,-27.52696609,-28.13150978,38.69275284,-9.12298584,-40.9770546,19.27678299,-18.33375359,-6.483659267,-25.83096695,0.060862012,-0.208350778,0.011384371,0.357518286,0.106389619,-0.166995972,-0.168743923,-0.078500934,0.128442869,0.114977501,-0.063024253,-0.146007732,1
Woman00025.wav,282.027698,514.2619894,316.5653876,320.2437002,504.6995145,399.9970367,-0.479964187,0.17687197,0.000347251,2758.336613,27.10221133,7.255437938,16.65020541,33.76770782,-7.416055202,-5.296429634,-33.40301514,-15.01156521,8.616823196,-29.80694771,-16.30559158,21.67811966,-32.23533249,3.144816399,-7.710755825,-1.094147801,0.536158741,-0.030402306,0.152203605,0.247586325,-0.082301021,-0.341369331,0.33586055,-0.229985565,-0.182119966,0.081403382,-0.315687537,1
Woman00026.wav,115.869714,323.9647528,275.5861765,275.5861765,311.1269837,274.9218258,-0.227923703,0.15552269,0.000159827,2003.122905,3.644576793,7.68225083,17.27057676,64.82857513,-31.7895031,-21.69274712,-36.2010231,-25.09347343,-11.80233765,-30.18046951,7.562208652,8.386101723,-27.58767319,4.556060791,-16.22241211,-0.396676719,-0.137777045,-0.268253177,0.071696103,0.049596038,0.19947502,-0.411834449,0.091203436,-0.170980558,0.016731763,-0.079408571,0.142572954,1
Woman00027.wav,369.9944227,450.2845125,415.3046976,440,440,429.8090462,0.04188646,0.24432562,-0.000200924,2015.255804,-4.794547289,4.751456219,26.65445677,44.66503906,-10.50286388,-13.64442921,-11.3390789,-35.84451675,-1.243650079,-19.15205193,-37.72898102,23.28268814,-38.02083969,-10.02491951,-22.52176094,0.11224658,-0.099841841,0.072610237,-0.071511954,0.152822509,-0.08566346,0.017113421,0.107592441,-0.057658765,0.066678077,0.079734057,0.071359262,1
Woman00028.wav,357.3910544,508.3551866,403.481779,459.4823806,471.5803235,436.5111403,0.977014134,0.19567509,-0.00109328,3248.393533,-7.276030086,7.639850249,17.03942614,21.0692997,5.941577911,-32.98927307,-27.07993317,-15.99529171,10.52103138,-17.26569939,-11.88801765,11.43667698,-24.77734756,7.382849693,-18.17668343,0.233488545,0.275903404,-0.24759002,-0.105265349,0.003570261,-0.180135861,-0.062868029,-0.212949112,-0.212273598,-0.139163658,-0.10959205,0.04435027,1
Woman00029.wav,314.7421051,372.1377786,314.7421051,361.5437384,363.63814,344.159288,-1.806882382,0.16560231,0.000733691,3690.908424,-4.809469275,10.81416204,10.60437269,31.09601974,2.224593163,-33.45899582,-19.53129005,-5.521664143,16.81755829,2.464632988,-31.35137558,8.797251701,-36.37021255,-19.11502838,-13.23534298,-1.540259957,0.060439341,1.192662716,0.146384045,-0.124163255,-0.52175492,0.147601172,0.127614915,1.123606443,0.128126368,-0.427178204,-0.344312012,1
Woman00030.wav,108.1102658,442.5488941,367.8634116,417.7105332,434.946169,362.4810187,-0.00430005,0.19723397,-0.000787586,2007.157469,-0.624025306,6.253637441,12.74459583,84.49486542,-45.77299118,-40.57857513,-12.79178429,-31.20462418,22.18842316,-31.10370636,0.804408133,14.02203178,-33.37809372,-0.980291426,-34.10750198,0.199125692,0.052301727,-0.15842028,0.067416087,-0.02644315,-0.111647233,-0.012216426,0.059781305,-0.062182009,-0.100220539,-0.138816625,-0.000664589,1
Woman00031.wav,343.2286994,629.4842103,345.2170031,345.2170031,401.157895,389.9218436,1.333893456,0.13295504,0.000204602,2013.643598,-9.216961745,5.28363596,15.93211892,61.83525848,6.881853104,-26.05562019,-32.28955841,-12.49860668,5.556221962,-20.46891975,-27.51034927,22.21178818,-21.34499931,3.727091312,-1.960754752,0.175848126,-0.011688945,0.216841251,0.141142681,-0.099897869,-0.198146701,0.008592715,0.149785414,-0.175076574,0.294736415,0.181881964,0.039888058,1
Woman00032.wav,237.1560803,257.1309947,246.9416506,246.9416506,249.8109744,247.9646496,-0.001327261,0.16745813,-0.000464573,3463.242947,-8.72134086,13.96552064,12.51922869,47.02028275,11.29530621,-1.680479527,8.834130287,-17.15837479,33.20476532,-42.72743988,-20.49785805,36.67082214,-31.04131699,-5.085500717,-28.51308632,0.378062785,0.065094531,0.052594475,0.21490404,0.176141351,0.277977377,-0.088324435,-0.201915205,-0.097007424,-0.015796205,-0.037944343,0.082561441,1
Woman00033.wav,216.2205317,440,369.9944227,374.2935508,383.0422479,353.9277662,-1.513603194,0.15343639,-0.000416432,2360.069008,3.258193618,6.907238991,15.60159296,50.77410126,-19.24830437,6.766225815,-13.08080673,-20.18200684,-2.95074296,-26.18353844,-6.171374321,10.52855873,-21.34664154,-15.46886826,-16.00198746,0.138604999,0.41568464,0.276503146,0.133275151,0.266867042,0.299627751,-0.008480138,-0.073578127,-0.066369154,0.267139733,0.204170838,-0.061611596,1
Woman00034.wav,225.1422562,783.990872,343.2286994,414.1087081,433.0673398,401.948758,2.019474396,0.19380173,-0.000521504,2133.713868,-0.097507348,5.549718828,9.016158502,68.84354401,-27.69223785,12.38560104,-43.55712128,-33.28420639,-14.59770203,-11.41477871,-28.76544189,1.66813767,-10.59892178,-1.48438561,-31.8879528,0.42420885,-0.51895237,-0.637841284,-0.165553495,0.315416574,-0.092947498,-0.144819662,0.114018112,0.101267017,0.224907488,-0.047051694,-0.064239107,1
Woman00035.wav,210.0651529,351.25129,231.7394279,249.8109744,249.8109744,245.7742632,0.207320607,0.15177235,-0.000168775,1968.083616,3.043909049,8.118210487,20.5847273,88.00672913,-10.68633366,-8.98415184,-4.434976101,-52.08982849,27.80271912,-22.54837799,-18.33388901,22.33268738,-24.93871117,0.17860648,-9.890415192,-0.169926569,0.224616498,0.086206511,0.164257929,-0.259335458,0.124207556,0.288829327,-0.168041423,-0.085098833,0.084236398,0.049107537,-0.132454276,1
Woman00036.wav,389.7377084,432.4410634,391.995436,394.2662424,429.9503861,406.9835018,0.07783787,0.18894604,-0.001512656,1755.994087,-2.147725289,4.336749163,24.59241356,78.20638275,-11.82362843,-11.80697918,-57.00121689,-10.1985302,9.244972229,-2.246211529,-28.14200783,27.53462791,-25.65310097,5.873861313,-22.03992081,-0.270451099,0.243674904,-0.054884493,0.129677102,-0.221912384,0.040894397,-0.044273082,0.044586774,-0.149976879,-0.03508839,-0.184717566,0.103983104,1
Woman00037.wav,329.6275569,345.2170031,331.5370699,341.2518476,343.2286994,338.0326121,0.049636586,0.14805175,-0.001450652,3035.438325,-6.263829964,8.993641978,17.65787899,26.75314903,-1.652197957,-28.87809753,-31.5194397,-9.612566948,26.21323776,-43.99900436,-1.199845552,27.97445679,-35.18788147,5.869854927,-20.47267914,0.387288392,0.242200509,0.219375312,0.397323042,0.235537156,0.09725035,0.066781886,0.067111753,0.114817321,0.128532216,0.13853097,0.173209697,1
Woman00038.wav,229.0776736,374.2935508,323.4982779,323.9647528,363.63814,323.1830429,-0.041565072,0.17967351,-0.000549132,1997.56022,-1.943253341,6.181142672,17.32783496,83.00634003,-14.23522091,-15.1267662,-35.05220032,-8.254095078,10.12966347,-20.23722458,-25.97893906,40.12311172,-26.20821762,3.934860945,-2.40358758,0.16472806,0.246284753,0.378730237,-0.106262684,0.071163483,0.211782187,-0.267247051,-0.039288774,-0.306052238,0.070810795,0.056279082,-0.224222004,1
Woman00039.wav,312.929324,405.8191252,337.3322358,341.2518476,389.7377084,350.452399,0.487782843,0.15581204,-0.001227461,1911.480353,9.804793475,5.484917556,17.37282083,75.18670654,-22.2377243,-6.250701904,-36.17949677,-16.16819763,23.98429489,-22.75134087,-14.46699715,16.89784431,-9.687639236,4.573832989,-8.824607849,-0.484282553,0.27290383,0.058661215,-0.061460655,0.108064346,-0.066259041,0.266001999,0.092816159,0.089583814,-0.02351121,0.000920516,0.002064434,1
Woman00040.wav,316.5653876,427.4740541,355.3326334,394.2662424,417.7105332,381.6902586,0.390160255,0.11670798,-0.00053461,2860.265371,2.668171749,7.56161036,6.587883381,20.60844231,-43.59561157,-24.71824074,-43.95095062,-19.79620934,10.3836956,-30.82780266,-19.79255295,22.54496002,-30.29867935,1.470436215,-25.21522903,-0.029780751,0.409034878,-0.107509218,0.077787235,0.051049236,0.226697043,0.017256038,-0.09410625,0.045093197,-0.215379894,0.049293153,-0.061350483,1
Woman00041.wav,267.740773,353.286068,273.9989169,305.7820084,335.3893451,306.7829781,-0.02624635,0.15621445,-0.00028692,3327.218975,-0.016966375,10.92121801,15.47902356,46.62062836,39.87226486,-10.12349987,-8.109999657,-36.95849991,23.13096809,-33.35722351,-22.87574577,24.92810631,-34.03604507,-12.50566292,-11.95444679,-0.117872208,0.062795587,0.166348681,-0.004242579,0.114083186,-0.142400727,0.046644665,0.084159166,-0.058915135,0.087210976,-0.22876969,0.117631599,1
Woman00042.wav,307.5533855,376.4618113,311.1269837,311.1269837,365.7446743,328.0085994,-0.811258272,0.08400379,-0.000845538,3677.677029,12.24935963,11.30200622,16.03204581,5.815582275,16.40500832,-6.008874416,-6.248846054,-15.19582844,9.137827873,-10.87297249,-43.63180542,27.60702515,-24.29421234,-2.708642483,1.851755023,0.277329147,0.795028985,-0.305134743,-0.449407488,0.10460256,0.142191783,0.024882561,-0.203084067,0.031085074,0.334492683,-0.085362576,0.122158684,1
Woman00043.wav,718.9227994,1161.166961,1012.318508,1028.523979,1070.963092,1013.375128,3.502910159,0.065821595,-0.001804843,2094.585961,58.8935251,2.078257681,6.689294819,151.2804108,-26.82675552,-0.670811296,-1.292970061,-36.34918213,45.35959625,69.74752045,-9.01638031,-4.689040184,9.772947311,-3.514997721,13.55339909,-3.254766703,2.513861179,-1.38536346,-1.40913868,-0.429833472,2.22034049,1.331429482,-1.745094299,-1.176762104,1.604908943,-0.42498526,-1.314256549,1
Woman00044.wav,241.3014955,415.3046976,403.481779,403.481779,408.1700115,398.8278499,-0.952017862,0.09271956,-0.000481065,2680.430626,-7.908858366,6.734232052,22.39585102,36.55396271,-3.112532616,-30.17511749,-24.41535568,-42.00011826,28.40611076,-31.09545517,-23.52083206,32.16901398,-25.27311707,-6.770083904,-17.4306221,0.484810889,0.460118055,0.223162577,0.107534029,-0.312944472,-0.013681063,0.027455203,-0.249797672,-0.225130692,-0.079944938,-0.228641257,-0.043144323,1
Woman00045.wav,327.7290419,394.2662424,335.3893451,341.2518476,345.2170031,342.9257488,-0.646854949,0.17901565,-0.001088178,2404.290503,-4.915601506,7.011353669,13.41620391,41.59195328,-36.7579689,-5.656690121,-51.29649734,-4.743722439,32.78709412,-35.25712585,-17.48308945,17.44993019,-9.948335648,4.096627712,3.976765394,0.961927772,0.006327586,-0.648638666,-0.452225208,0.387438476,0.56882149,-0.117729202,-0.135402545,0.073543675,0.154829428,0.122754395,0.048312262,1
Woman00046.wav,323.9647528,369.9944227,339.2863816,349.2282314,367.8634116,348.3069666,-0.311905405,0.2560656,-0.000255841,2566.438913,-6.022335042,7.344780445,22.20688489,21.18658257,-20.85451698,-18.17991638,-24.67085648,-7.143800259,-5.855979919,-14.86541367,-7.040218353,11.44195652,-16.09753609,3.283039093,-6.896201134,0.522072017,0.015099109,0.055591546,0.052440386,0.006190594,0.086178631,0.034073606,-0.095008053,-0.159824491,-0.108672537,-0.186674073,-0.007557767,1
Woman00047.wav,255.6500291,351.25129,297.0769882,300.5288565,337.3322358,313.6646017,-0.334571075,0.11285389,-0.000428228,2993.952532,-0.212098067,9.549041713,10.17086488,19.33815765,-9.30338192,1.370074987,-55.95580673,-28.13051796,14.77295017,-41.12784958,-13.03941727,8.783733368,-26.44955254,4.778407574,-25.54245758,-0.012807225,0.208818793,0.280412465,0.047090907,-0.106745258,-0.23031202,-0.074298695,0.376921862,0.253091753,-0.222509027,0.093254253,0.266032338,1
Woman00048.wav,207.6523488,277.182631,275.5861765,277.182631,277.182631,265.2975793,0.485718597,0.16915189,-0.000285582,2946.012396,-7.671534466,11.07800966,20.34913172,27.45008659,18.08025169,-7.51758194,-9.392466545,-26.26535416,12.0429821,-12.43452358,-30.54555702,28.40442276,-26.34226418,-19.9938221,-32.40646362,0.293007374,0.155249313,0.110533223,0.019613581,-0.047428507,0.105893031,0.003908985,0.140872091,-0.001522328,0.000181217,-0.058245022,-0.05563404,1
Woman00049.wav,141.013849,514.2619894,307.5533855,311.1269837,445.1125537,344.7261825,0.059693706,0.18648633,-0.000439262,1842.248914,0.525002037,6.521657689,10.88496717,92.27239227,-7.808059216,-2.779564857,-54.28685379,-43.89700317,9.271403313,-9.225902557,-44.048172,1.202541471,-36.66047668,-1.015530348,5.543214321,-0.049220879,-0.26549527,0.250691146,0.238702044,-0.282611072,0.065644927,0.007934888,0.134025365,-0.193147734,-0.040964123,0.010838968,-0.236606285,1
Woman00050.wav,323.9647528,372.1377786,358.4292254,365.7446743,367.8634116,357.7024074,-0.346423867,0.13084891,-0.000521845,3321.581358,3.098044604,9.27325581,16.52840108,26.27942467,20.28854561,-26.07395363,-40.80408478,-16.97401047,-3.841314793,-3.946495533,-23.68416977,21.08883667,-21.10248947,7.960183144,-21.15305328,0.102850586,-0.147550017,-0.177573249,0.011844179,-0.175126761,0.105000027,0.291130632,-0.429101229,0.05900998,-0.247116908,-0.095365442,0.128561586,1
Woman00051.wav,341.2518476,361.5437384,356.9649787,361.5437384,361.5437384,356.800241,-1.476669955,0.20683499,0.000859801,2772.351086,-61.70089314,7.709187813,16.71093092,84.54780579,-24.64223671,-21.75177765,-37.10359955,-29.38680649,17.25926018,-22.86639404,-32.64297485,4.014839172,-0.9903543,-10.05604172,-4.287641525,10.409585,-6.402781487,0.89007467,-1.346647739,-1.377198815,2.80041647,1.437173367,-2.252769709,-2.182971954,1.729239225,-1.143429041,1.718313694,1
Woman00052.wav,241.3014955,347.2168248,275.5861765,277.182631,329.6275569,294.0068419,0.619861294,0.2362049,-0.000350484,2568.38723,-3.508639684,8.802697254,16.96404974,47.13807678,9.356552124,-17.50091362,-31.54645729,-22.97189713,8.387465477,-6.288112164,-14.66718578,9.648170471,-15.75450611,0.360457003,-2.211111546,0.372974664,0.335444897,-0.002722009,0.07544104,0.076785065,0.176751301,-0.085028477,0.239850789,-0.126207605,-0.204394147,0.25799939,-0.003711319,1
Woman00053.wav,218.7328932,325.8414615,222.5562769,298.7979376,298.7979376,272.6570502,-0.208357407,0.23155962,-0.000440162,2728.805061,-4.457105061,10.02198985,15.32066528,39.01028442,-31.07829094,6.328481674,-32.7624054,-14.23534584,-13.41401291,9.430481911,-29.03360748,17.39872742,-15.45944977,0.18066743,-14.13373947,0.319117218,-0.167981237,0.42969048,0.135023519,-0.200606421,-0.388242692,0.269759268,-0.300632924,0.080411121,0.01728221,-0.056375861,-0.100808516,1
Woman00054.wav,235.7901618,554.365262,547.208775,549.5850934,551.172353,484.9432525,0.040430613,0.15836222,-0.000472387,2473.345545,6.924716629,5.409961596,11.93885037,61.57861328,-40.46705246,-16.2022686,-26.43313217,-9.644928932,5.848447323,-1.483003497,-42.04680634,19.05799484,-13.73478508,6.186182976,22.45231819,0.960637271,-1.097421169,0.058523469,0.283545107,0.057169586,0.069960132,0.208502278,-0.093771778,0.780676603,-0.133240059,-0.771074831,-0.510518491,1
Woman00055.wav,238.5299115,369.9944227,263.1411468,309.3350242,314.7421051,290.8268959,-0.045439105,0.1995452,0.000254052,2369.090634,1.681323276,8.262848893,14.00309061,45.83566666,-38.38021469,-0.584139585,-36.17796326,-27.43711853,3.123270035,-13.56932735,-23.12418556,14.49848557,-16.3718071,-7.831831932,-11.78121471,-0.370775282,-0.25600037,0.059785232,-0.269270957,0.003927039,0.16093801,0.166748568,0.187563151,-0.447910249,0.080918953,0.192182884,-0.129644364,1
Woman00056.wav,611.5640167,615.106771,611.5640167,611.5640167,615.106771,612.8630266,-5.87E-15,0.22413939,-0.000621961,2824.067436,-7.830349248,4.6073801,22.59599723,17.03236008,3.769220829,7.315269947,-28.8144989,-6.351891518,-32.6697731,-11.04480171,-32.55830383,14.27420044,-0.636205494,51.49881363,1.388872027,0.289780498,-0.105647616,-0.040452298,-0.158713892,-0.048938978,-0.166123524,-0.022542609,-0.034984991,-0.024942679,-0.106884278,0.189890549,-0.00825812,1
Woman00057.wav,226.4464921,347.2168248,267.740773,333.4576446,343.2286994,300.9768962,-0.19393766,0.18169871,-0.000558443,3089.807725,1.135684313,10.5116508,17.43565608,35.79076004,11.24240685,-25.07040787,-18.57500648,-21.47100639,-2.921685457,-18.92583084,-13.66088486,14.26352119,-21.60242653,-5.927145004,-30.35110092,-0.164830476,0.052171607,-0.126085356,-0.451381981,0.214997411,-0.195749074,0.078224137,0.046539824,0.127956823,0.198839247,-0.087427057,0.164296865,1
Woman00058.wav,195.997718,440,293.6647679,329.6275569,440,339.3428331,2.212372404,0.21112493,-0.002682698,2699.874756,2.99174194,8.683516504,14.8512771,42.427948,-15.24337959,-2.17561698,-9.897702217,-27.10436058,-16.47876358,-5.60219717,-13.57262993,7.153719902,-15.36196136,1.921958089,0.933499813,0.696049213,0.454545707,0.098070711,0.001369292,-0.32399714,-0.061756384,-0.078418769,-0.246380121,-0.011729049,-0.432239503,-0.263083011,-0.438088387,1
Woman00059.wav,401.157895,410.5345163,403.481779,403.481779,405.8191252,404.7115418,0.004843213,0.20388417,-0.00043863,2474.319047,-1.432780724,6.114597927,18.4660897,49.36230469,-13.97668934,-30.2720356,-15.6143055,-28.73879051,-8.547681808,12.21173573,-32.24151611,34.79335785,-29.94028664,1.730154395,-8.419941902,0.104441956,-0.175055608,0.214661002,0.045957878,0.056280158,-0.105822608,0.220445484,0.025078846,0.001891734,0.131579742,-0.066604421,-0.022596169,1
Woman00060.wav,412.9127185,445.1125537,440,440,440,438.0615565,0.126273746,0.23180772,-0.001084921,2317.002862,-5.669597167,5.294974256,11.36891989,8.462533951,-0.732667029,-11.68469524,-29.80516434,-26.9659977,-2.879617453,-22.64937782,7.619123936,-12.69113159,-21.24480057,-3.885074854,-28.46570778,0.024513952,-0.093726806,0.029637391,0.010303111,-0.088405617,-0.058268521,0.182042435,0.054501746,-0.146479785,0.095460735,-0.062266819,0.086499728,1
Woman00061.wav,394.2662424,442.5488941,440,440,440,439.1496136,0.246130077,0.2517252,-0.000618357,3105.871655,10.03920257,7.071810733,19.07575679,-12.56096172,47.31745529,-30.81352234,-18.39358139,-14.00874043,-9.863963127,-34.57150269,-10.53917503,-0.322900802,-31.08680916,-8.245301247,-25.83965492,-0.556900978,0.296921849,-0.132677332,-0.073693037,0.128171489,-0.177332878,0.213601723,-0.039581232,-0.060738366,0.046349153,0.070536859,-0.051525384,1
Woman00062.wav,210.0651529,442.5488941,220,220,437.4657865,317.9794704,0.030377557,0.108187005,-0.000369269,3293.66195,-3.26214217,11.96691571,7.961942385,19.04642677,32.55912399,-15.10866642,-23.68626785,-16.35783386,20.81871414,-19.2567749,-19.4750843,-5.775026798,-25.47167969,-9.664261818,-26.12514114,-0.158999056,-0.418150067,0.023042906,-0.040424626,-0.070232563,-0.183726117,-0.220375597,0.132873431,0.120094433,-0.184781224,-0.025042875,0.027878776,1
Woman00063.wav,698.4564629,706.572136,702.50258,702.50258,706.572136,703.321179,0.506545938,0.18843779,-8.43E-05,3492.28727,117.0253927,4.962818558,8.427374843,44.19449615,22.47084999,3.882871151,-14.16678429,-13.75219727,13.92463684,30.79360008,-27.56113052,45.78416443,-4.164830208,-9.605609894,6.211052895,-2.996831417,2.557799339,-0.796602607,0.809535861,-1.57729888,-0.086811438,-0.457444906,0.664043069,0.636370957,-0.326621443,-0.086356476,-0.311005205,1
Woman00064.wav,223.8455323,601.057713,297.0769882,508.3551866,587.3295358,454.4078618,-0.841571697,0.17635983,-0.001718395,2633.255994,-2.041841923,6.75121729,19.01122927,25.4459343,10.03171253,-1.348720074,-50.47780609,-0.17301105,-28.51049423,-21.59202385,-27.53088379,12.74848366,-1.652716756,1.968389034,7.946263313,0.414153278,0.36565429,-0.18372485,-0.360775471,0.020083113,0.097055636,0.006131508,-0.072196506,0.111742169,-0.152198359,-0.152728826,-0.127303869,1
Woman00065.wav,102.6336291,417.7105332,166.7288223,412.9127185,415.3046976,313.613216,-1.62006653,0.058746334,0.000225332,2708.313794,24.30298164,9.842877308,-24.66012174,33.19706726,5.462663651,12.94771576,-7.679605484,-21.15809441,-9.586397171,-22.44964981,-18.47306824,6.231722832,-28.32341576,-4.058969498,-21.83984756,-0.208705366,-0.031501744,-0.483900696,-0.234703422,0.103977777,-0.39186281,-0.282020628,0.192764699,0.12278723,-0.130081728,-0.077466555,-0.216231436,1
Woman00066.wav,291.9733833,442.5488941,327.2571468,414.1087081,417.7105332,385.4847587,-0.224320817,0.19727169,8.30E-05,2673.605244,-7.539978544,7.139932229,12.96042738,28.76134872,-55.40350342,-51.14546967,-17.42345428,-17.3909874,35.01990891,-17.70460701,-22.26243591,28.25382996,-31.43361282,7.341031551,-2.842095613,0.561837316,0.330512136,0.104121894,0.205229521,0.002304341,0.08830256,0.188513726,0.176959291,-0.106567822,0.038416557,-0.051233832,-0.147405982,1
Woman00067.wav,318.3992322,410.5345163,357.3910544,405.8191252,408.1700115,385.6095518,0.313705071,0.26439214,0.000547968,2520.010852,4.94725255,6.582315362,15.24620326,37.89846802,-26.55447006,6.897334576,-41.46523285,-9.379162788,33.1129303,-23.74926949,8.999574661,16.1158886,-3.97184968,4.422532558,-8.401079178,-0.724341035,0.29324764,-0.132519603,0.548184454,-0.249976993,-0.320239663,0.040439367,-0.001569152,0.175611198,0.121941552,-0.027630087,-0.029425608,1
Woman00068.wav,320.2437002,427.4740541,323.9647528,410.5345163,415.3046976,382.3590169,-0.430238931,0.13851587,-0.000301343,2796.654039,-4.47836294,7.36468864,11.63582837,23.67578316,-20.61952972,-25.11540604,-52.81351471,5.345891476,22.52479172,-37.48989868,-11.45915985,25.18993378,-24.41867638,6.149329185,-21.84162903,0.365781546,-0.085227489,0.174879745,-0.002946107,0.077933088,0.007316608,0.045668207,0.086992271,-0.144180372,0.148015216,0.056663491,0.165193304,1
Woman00069.wav,234.4321104,408.1700115,264.6655079,391.995436,391.995436,360.8357352,1.436090228,0.1935242,-0.000175109,2155.92985,0.75527558,6.267632081,18.5798723,42.95148849,-15.76836777,-24.00444031,-47.30088043,-12.74873543,21.16723633,-27.94389343,-29.46246338,31.23100853,-28.82450294,15.02514172,-31.25893593,-0.139034092,0.342510343,-0.275477409,0.322842389,0.390176743,-0.264998108,0.247585386,-0.023349116,0.297743499,-0.072440557,0.055460379,-0.090483263,1
Woman00070.wav,108.7365422,333.4576446,266.9697363,327.7290419,329.6275569,274.9834578,0.69137867,0.12332598,-8.42E-05,3056.059486,-6.887273606,13.56431721,10.16431108,25.30430603,-17.21538925,-2.814325571,-49.44133759,-8.961136818,5.941241264,-29.49329567,-12.43230915,13.7165947,-24.05146599,0.688883841,-11.25185013,0.161981136,-0.176652029,-0.022125734,-0.191655874,0.019660058,0.091773622,-0.104044326,0.068893895,0.01168756,0.012268984,-0.037105914,-0.022531778,1
Woman00071.wav,270.8517709,432.4410634,327.7290419,347.2168248,349.2282314,336.6137053,-2.912163219,0.064334825,-0.001883391,3429.111809,-5.048168167,10.22428373,13.30167118,20.38777161,10.68689156,-21.61808586,-36.83452606,-21.13875961,7.264138699,-23.15704346,-28.8230648,19.92784882,-29.07843399,-4.567963123,-18.94864082,0.71640873,0.384352386,0.634156823,1.010156989,1.040587902,-0.247004151,0.597458363,0.242859289,0.485576332,0.138356149,-0.27921623,0.111261144,1
Woman00072.wav,280.403338,307.5533855,286.1334585,292.8288455,307.5533855,294.9175136,,0.14995624,,1669.462443,,5.641829214,7.773950961,117.57724,-73.16346741,-3.404501438,-51.25379944,-37.70005035,-7.590736389,-12.32441902,-31.94482231,2.315215111,-18.131567,-1.801904202,-8.38487339,,,,,,,,,,,,,1
Woman00073.wav,349.2282314,442.5488941,351.25129,353.286068,394.2662424,368.4451954,0.620258739,0.17998244,-0.001354443,3660.656122,6.554522292,10.00743298,15.12778153,-2.918983221,-9.523957253,-21.0712471,-26.10606003,-30.32807922,1.130619407,-20.11222267,-14.30757618,17.91062164,-17.35192108,7.436944008,-18.6580162,-0.089599483,-0.258007526,-0.222701117,0.123782545,-0.030399794,0.015538074,-0.011562025,-0.012640116,-0.086836867,-0.165002957,-0.143629283,-0.07849364,1
Woman00074.wav,398.8473955,455.5165665,401.157895,401.157895,403.481779,410.7521764,-2.9095281,0.14720376,-0.004264586,2890.113683,-46.88437607,7.037118312,14.87559854,47.54874802,4.869925976,-20.66580391,-28.48031616,13.79211998,-3.081957817,-29.23577881,5.60198307,22.81130219,-35.38125992,16.63014793,-36.15680313,2.05252409,-1.026626706,-3.811127186,2.943418741,0.63333708,0.802100539,-0.210951179,2.320558071,0.243107334,-1.10082829,0.028430471,-0.402192742,1
Woman00075.wav,248.3721691,282.027698,249.8109744,250.5345445,278.7883336,261.1526612,-0.265995205,0.14010419,-0.000819514,3374.192136,-1.243917091,12.93419442,14.4066919,15.08090305,2.402414083,-7.445076942,-23.56904411,-19.24086189,5.734922409,-37.45145416,6.237247467,20.09027863,-32.04728317,-13.00763321,-22.30378532,0.711888015,0.717590094,-0.173377514,0.184292138,0.494385898,-0.130408913,0.466162473,-0.385309488,0.570255399,0.313082755,0.00477338,-0.060626574,1
Woman00076.wav,337.3322358,415.3046976,415.3046976,415.3046976,415.3046976,403.591999,-0.203363315,0.27192667,-0.000633522,1691.070519,-3.61174856,4.20260062,22.09272829,68.43736267,-37.59708023,14.61365604,-2.770166397,-16.40702438,-1.544797659,-1.485925794,-24.5361824,30.77773857,-18.67316246,-7.16461134,-25.06685066,0.292194754,0.181459934,0.099268325,0.034279622,-0.102677986,0.186011583,-0.08441709,0.056361619,0.061467744,-0.090066448,0.041315451,0.136626795,1
Woman00077.wav,417.7105332,420.1303057,417.7105332,420.1303057,420.1303057,419.0134876,-0.096170446,0.27447587,-0.007080513,3440.725758,42.63160997,8.212048389,13.53548282,34.5600853,-6.857945919,-12.73509121,-14.56200218,15.38488293,-23.73901367,24.14500237,-31.95339775,29.36602592,-17.82901764,-2.895639658,-9.083287239,0.022388266,-0.688675284,-1.39593637,0.216186494,2.951411963,-1.219573498,-0.662236333,-1.436850905,1.852325916,-0.491496116,1.892154098,0.99625808,1
Woman00078.wav,359.4613997,432.4410634,369.9944227,415.3046976,417.7105332,398.1581678,-0.416630409,0.21090876,-0.001444738,2629.866401,-9.174141252,6.64978165,16.37121821,61.01063919,32.63804626,-3.797394276,-38.74119568,-0.333846092,5.289907932,-31.7788353,-12.80972195,20.370327,-33.20719147,17.43899345,-32.58572769,0.587332368,-0.025981551,-0.055981658,-0.134300664,0.175926208,0.451248616,-0.211926237,-0.024123812,0.13395606,-0.372890234,0.233361363,-0.298718393,1
Woman00079.wav,327.7290419,374.2935508,329.6275569,333.4576446,372.1377786,349.3641945,-0.228904656,0.15330857,-0.000521335,2360.994066,-4.444587776,6.745492161,21.9383285,40.6435051,-4.687723637,-2.995501041,-42.40063095,-24.79731941,10.85177994,-9.225212097,-35.77710724,20.22430038,-32.63308334,10.15668774,-17.80885696,-0.090529531,-0.050511703,0.274051845,-0.626424313,-0.042461816,0.288082749,-0.175456539,0.127097443,0.038789935,-0.262640715,0.053920429,0.09886881,1
Woman00080.wav,408.1700115,417.7105332,415.3046976,415.3046976,417.7105332,414.9711348,-0.017267652,0.22869605,-0.000373858,2595.405308,-0.409596573,6.257682436,24.41795822,6.400067329,-14.08150959,-17.24194717,-46.34132385,-20.30468369,1.426996469,-30.31041336,-15.32633209,27.72006416,-34.71888733,-8.449353218,-24.07872963,-0.023808856,0.071259126,-0.021333421,0.004458162,0.125684261,0.021746114,0.067637436,0.026584025,-0.067903847,0.073668085,0.021243401,0.030421617,1
Woman00081.wav,363.63814,422.5640958,378.6426324,404.6504521,410.5345163,397.5976049,0.374934298,0.17171414,-6.07E-05,1694.400527,0.228690324,4.266476092,17.4292446,97.04174805,-12.75823498,-17.71828842,-27.99681664,3.153434277,26.05138588,-0.88576746,-19.23449326,47.33057404,-16.7570591,11.02662373,10.10696316,-0.081044212,-0.058853626,-0.296289086,0.270866156,0.237395674,-0.170235604,-0.038789771,0.151864737,-0.009671455,0.09753345,0.03305795,-0.176285893,1
Woman00082.wav,244.1052839,275.5861765,248.3721691,269.2917795,273.9989169,264.4732314,-0.156454896,0.19254793,-0.000375441,2436.710955,1.505308139,9.204264183,19.04328754,40.32072067,22.99427032,15.31112766,-64.45863342,-15.9216404,14.05133629,-13.43186569,-6.128735065,21.9538765,-27.89969063,-5.054345131,-5.824733257,-0.040545646,-0.216050103,0.078561947,0.2155893,-0.167066723,-0.132105052,-0.202465534,0.21444127,-0.120353103,0.054444693,-0.059340056,0.018267905,1
Woman00083.wav,349.2282314,432.4410634,365.7446743,383.0422479,427.4740541,395.6189559,-0.484105017,0.17505091,-0.001826413,2703.73333,-4.74887199,6.901072831,16.33074226,38.35247803,-2.311795473,-11.96646786,-15.41344929,-13.37049961,3.054879189,-12.97767353,-14.83850002,6.660303593,-23.17019081,-4.541223049,-25.93705368,0.436247289,-0.055262614,-0.030543571,0.156144142,-0.074467018,0.072641999,-0.078723326,-0.056953512,0.055445649,0.023573985,-0.098569743,0.355580866,1
Woman00084.wav,141.013849,408.1700115,403.481779,403.481779,403.481779,357.9491519,-1.208426177,0.20514053,-0.000578152,1047.893694,-0.269260406,3.079472463,21.85920662,144.7389221,-3.538905621,-37.59464645,-30.52880669,-0.384757787,4.996154308,-33.66055298,-4.198673248,11.0244627,-19.2507,-3.894224405,-24.95543671,0.127512217,0.042989705,0.628516793,0.354210287,0.002864043,0.06465093,0.06156588,0.113701336,-0.076745987,-0.170151293,-0.072268933,0.026932064,1
Woman00085.wav,345.2170031,412.9127185,378.6426324,386.3770867,389.7377084,384.5216556,-0.239997473,0.15935816,-0.001129933,3402.268918,-6.645969428,8.799791965,13.12625193,53.38890076,34.3777771,-27.07184792,-16.56361961,-37.24909973,26.58792114,-34.1292305,-14.36971951,15.87953281,-32.35691452,-4.921425819,-24.88796425,0.157317907,-0.105760768,-0.020218797,0.140307963,0.188149914,-0.309613079,0.13706091,0.110034361,-0.102817342,-0.043181755,-0.153817952,-0.043691669,1
Woman00086.wav,206.4563593,270.8517709,214.9751931,258.6205394,269.2917795,247.0428592,0.242557851,0.13842285,0.000341002,2986.635561,34.17746267,12.16577255,8.960974173,55.26547241,-5.648413181,1.102993369,-50.77557755,-25.9525547,41.88972473,-20.37691116,-32.7996788,23.39614868,-16.09716606,11.53914833,-17.25883484,-1.533116341,0.347583145,-0.397155762,0.876880825,-0.123995289,0.809851527,-0.832534611,0.690377831,-0.35549736,0.454920292,0.281178653,-0.203283623,1
Woman00087.wav,223.8455323,327.7290419,225.1422562,316.5653876,325.8414615,278.0369518,-1.119801941,0.11843677,-0.001167309,2941.997789,20.17629772,11.10445771,16.07542403,48.76345825,2.050272942,-42.68447495,-23.11465073,-15.00076199,1.87182796,-18.12359047,-21.34630013,15.44129848,-19.8598671,-16.53659248,-10.48484612,-0.457478315,-0.180261686,-0.348883539,0.001334773,-0.131354377,-0.378090441,0.70171392,-0.396367133,0.479345292,0.053979129,-0.074345581,0.106518023,1
Woman00088.wav,440,1028.523979,440,466.1637615,466.1637615,508.4085108,0.374208323,0.24621639,-0.000404209,1903.739165,-1.632978909,3.953713896,25.39258021,49.6966362,-19.14268303,-24.20249367,-24.22985458,-36.89582825,1.796008706,-8.660340309,-11.62021732,-4.183959961,-39.58924866,0.214810297,-17.15307426,-0.079018235,0.058432311,-0.202120781,-0.134510741,0.064093634,-0.054772411,-0.027938994,0.003144519,0.009491084,-0.089713603,-0.054430101,0.078584231,1
Woman00089.wav,254.1775933,825.8254371,263.1411468,298.7979376,821.0690326,492.8336319,-0.039408172,0.14690904,-0.000546874,2908.041428,-2.181347153,7.525301005,11.83931903,41.42509842,-18.32580376,-18.6979332,-49.30950546,-6.92095089,4.167414188,-23.1422081,-16.55823135,23.37984657,-31.52500153,-7.0339818,-25.70819664,0.50773406,0.961431384,0.139396861,-0.10945911,0.036226735,0.076910235,0.140617207,-0.339653343,0.008148302,-0.078795396,0.011423969,0.030721352,1
Woman00090.wav,192.6305945,248.3721691,230.404707,231.7394279,233.0818808,225.570524,-0.437856651,0.14437391,-0.000841833,2649.335931,-1.229602753,11.6644432,15.4639472,63.29006577,27.67591095,-12.22295952,-17.80556679,-50.79032516,5.429692268,4.851508141,-41.09047699,11.49817848,-14.34026337,-0.536193132,-20.87192535,0.515294552,0.097460851,-0.229552895,0.009761548,0.074231081,0.136812612,-0.065457873,-0.055966385,0.204704612,0.120318465,0.064508542,-0.053733531,1
Woman00091.wav,221.274447,230.404707,226.4464921,227.7582832,229.0776736,227.3834912,-0.049393231,0.16554795,-0.001079881,2105.037603,10.61931943,9.255656114,11.39477948,103.9579773,-21.34269524,6.710626602,-60.94329834,-23.30546379,43.31528091,-24.48175621,-21.07293892,25.05865669,-18.65167236,19.65262032,7.210657597,-0.025269264,0.677832961,0.102824628,0.399612367,0.010856623,0.415201157,-0.135224074,0.062396463,-0.194757506,0.216311187,0.264588326,-0.174158096,1
Woman00092.wav,216.2205317,372.1377786,241.3014955,252.7136381,341.2518476,287.8918575,0.281364266,0.13276808,-0.000571998,2463.171891,-5.487085337,8.788270237,10.45388357,64.50980377,31.81102943,-20.67583466,-46.28957367,-44.9323349,21.68270874,-12.55289078,-18.26805496,4.448980331,-32.97700882,12.59406662,-28.90382767,-0.262645602,0.328972936,0.687952697,0.323162317,0.366325557,-0.093927942,0.425734162,0.248546392,-0.474265546,0.149756908,-0.035008077,-0.088538319,1
Woman00093.wav,357.3910544,408.1700115,405.8191252,408.1700115,408.1700115,401.4147181,-0.61465113,0.15500733,-4.07E-05,2773.962507,13.55422955,6.952610801,20.41569895,72.91271973,29.64318085,-44.34083939,5.539382935,-1.441481709,27.28300285,-5.932025433,-13.37031746,38.86855698,-22.08611679,9.406088829,-5.808598995,-0.763304591,0.840346396,-0.221556202,-0.249557704,0.4542436,-1.000271678,0.212128714,0.212837949,-0.447982848,0.049015217,-0.108754806,0.114302389,1
Woman00094.wav,307.5533855,380.8360868,337.3322358,369.9944227,372.1377786,356.2164847,-1.083439469,0.17524526,-0.000935478,1946.846585,1.333804711,5.520310829,20.99284107,78.77364349,11.25145721,-34.7748642,-29.57197571,-16.33066368,22.4119091,-36.11281586,-16.70764732,36.22996902,-34.85991669,13.02487755,-18.61726952,0.286301434,0.192631513,-0.072519295,-0.125425652,0.344762325,0.009325093,0.163956538,0.045138244,-0.331605673,0.379180849,-0.020580174,-0.469057441,1
Woman00095.wav,327.7290419,706.572136,415.3046976,434.946169,655.4580838,507.0860376,0.011700494,0.33755648,-0.000145872,1848.850692,5.292877765,3.801995554,26.60151565,57.44737244,-5.021984577,-13.55737209,-28.51761055,-9.781430244,-14.64019966,-14.02131176,6.455833435,-20.23762512,14.47797203,-6.88695097,-1.264984727,-0.391788721,0.0066596,0.019705409,0.077630103,-0.056479331,-0.057393245,0.037336156,-0.147431076,0.146784082,-0.000934953,0.091101445,0.035377543,1
Woman00096.wav,458.1553471,505.4272762,485.3986818,488.2105677,491.0387428,486.5312812,0.529737931,0.2617093,-0.000154641,3729.882257,-40.14519453,7.661471313,10.18858125,14.13788795,-9.387467384,-11.54128551,-48.23273468,-0.450625956,-1.822029352,15.08959103,-18.81626892,-10.72980881,-7.425782204,-11.7588377,0.458677113,1.976859689,-1.345239997,-0.293683052,-0.275936514,0.154004991,0.118829519,-0.609926999,0.034469675,-0.076531217,0.428315252,0.313135326,0.083716363,1
Woman00097.wav,412.9127185,422.5640958,415.3046976,417.7105332,422.5640958,418.5583143,-0.130262248,0.12163029,0.000522601,2950.811679,67.71965244,7.053940595,9.463165586,39.3018837,17.39465523,-1.484318852,-36.14566422,-15.04820251,32.92744064,-42.70290756,-8.59324646,-0.644861817,-18.98035812,5.945518494,-10.54836941,-3.817464352,1.411772847,-0.608026147,-2.077330351,-1.124284744,1.099383354,-0.277753592,-0.641810834,-0.230405182,-0.503810227,0.155558407,0.152802765,1
Woman00098.wav,269.2917795,361.5437384,297.0769882,316.5653876,320.2437002,311.3746535,-0.957893142,0.13004552,6.27E-06,2638.068845,2.633960326,8.514362714,13.19392292,36.35939026,-33.87356186,-11.50312996,-42.03081512,-11.96071053,14.1920948,-27.83937645,-15.07869339,17.16078758,-37.63756561,11.01724911,-18.2147789,-0.174321219,-0.466330022,0.024601877,-0.118725844,0.435338438,0.107127421,0.616766334,-0.686005652,0.42875284,-0.065613151,-0.083783627,-0.291257083,1
Woman00099.wav,405.8191252,442.5488941,434.946169,440,440,436.6429297,0.245544545,0.2621416,0.000260759,3105.186301,-10.73877156,7.112964187,20.9816584,0.791668952,19.21199226,-17.70607376,-18.95194817,-9.967608452,0.628781199,-7.265752792,1.132525086,23.57325172,-23.92554665,-12.82499313,-11.66861439,0.362047076,0.325454175,-0.227083519,0.27896744,-0.207869232,-0.161415055,0.062847681,-0.053298362,-0.027214138,-0.277430892,0.043574855,-0.135936394,1
Woman00100.wav,625.858648,783.990872,766.0844957,770.522378,772.7541734,764.128512,0.12880796,0.21934687,-0.000409448,3538.127138,9.963280476,4.643509534,12.83630919,-6.22446394,-12.79685783,-5.716902733,-35.9103508,-15.10460663,13.55532551,11.34802151,-20.99559593,48.87226105,14.91187,15.58590508,-14.93194008,-0.143475607,0.440221965,-0.081274047,-0.004312549,0.074342474,-0.125422046,0.072737902,0.156807691,-0.063145779,0.12454696,-0.043830007,0.055410527,1
Woman00101.wav,221.274447,297.0769882,226.4464921,251.2581146,252.7136381,244.0558752,-0.226981099,0.21985376,-0.000254662,2866.432587,-2.75540076,11.79592343,15.28721277,31.62000275,-9.797417641,-6.765377522,-43.08150101,-10.66155052,16.50331497,-10.40537834,-21.0678215,18.79956627,-17.19681549,-5.512317657,-10.3944273,0.169844076,0.140882045,-0.009349217,-0.066414937,0.01230168,-0.177959308,-0.10596887,0.030922454,0.049255617,-0.010706178,-0.11710874,0.128047153,1
Woman00102.wav,223.8455323,255.6500291,226.4464921,248.3721691,249.8109744,241.5731516,-0.254309093,0.1267433,-0.000320369,3160.366586,0.160964478,13.02856596,16.95981328,34.12372208,29.89779472,5.866457462,-15.65657711,-35.31374741,14.76967716,-23.30811501,-17.68198967,31.61693954,-31.88523483,-8.992341995,-17.69493103,0.106363498,0.124757312,-0.335469633,-0.21432288,0.270531416,0.126018062,0.103758566,-0.207564622,0.274357021,0.143264189,-0.321048379,0.268289924,1
Woman00103.wav,257.1309947,532.3973993,264.6655079,341.2518476,344.7199272,327.0996094,0.24161563,0.13101597,-0.002122979,1940.923008,0.663159705,6.051737822,8.222997529,70.38759613,10.42850494,-4.287831783,-34.6772728,-18.84769821,15.26329517,-39.15604019,-25.67096138,4.195105553,-21.56291008,-1.479824066,-2.837508202,0.032665052,0.43458271,-0.044735998,-0.095936544,0.008660311,0.039710931,-0.027409693,-0.03810665,0.01144968,0.014730052,-0.130373448,-0.345422119,1
Woman00104.wav,359.4613997,452.8929841,372.1377786,398.8473955,420.1303057,395.6421929,0.325212861,0.1481325,-0.000554472,2007.352186,-2.971296979,5.090764782,22.88752499,53.1239357,-14.24190807,-24.84302711,-47.03390503,-25.60404968,27.99830818,-28.22326088,-32.15665817,23.03910828,-38.96606064,6.8092556,-5.246201515,0.246749625,-0.184093252,-0.216831669,0.060429636,0.272193521,-0.162854418,0.078776218,-0.152111575,0.035121679,0.06336689,0.0010092,0.018901201,1
Woman00105.wav,434.946169,445.1125537,440,440,442.5488941,440.8484698,-0.053145896,0.19892336,-0.001460495,1532.164002,-3.724782465,3.475045994,25.95914921,50.34704208,-39.78807831,-20.91082382,-36.57341766,-22.8538208,-13.94437695,-20.40320015,-8.849155426,7.136663437,-23.93022156,-35.15081406,-15.92596722,0.30576992,0.340583354,-0.32820186,0.104143798,0.061960947,-0.161869884,0.128517196,-0.11107748,0.100831717,0.014206773,-0.147130415,-0.007889438,1
Woman00106.wav,119.9558506,339.2863816,150.2644282,325.8414615,331.5370699,258.1501813,-0.438885163,0.19876637,0.000585195,2175.004176,20.58506204,9.445626124,11.95050968,67.1856308,-40.30734634,-3.879007101,-34.44068146,-25.17115211,10.16575527,-27.6570282,-28.27414703,19.32845306,-20.44042969,1.881102562,-7.93774128,-0.877623975,-0.52518934,-0.026419258,-0.290154994,-0.336363226,0.095437564,-0.29584831,-0.043311153,0.30725947,-0.19022572,0.148024216,-0.048646308,1
Woman00107.wav,171.6143497,275.5861765,172.6085015,193.7464922,273.9989169,219.8443288,-1.328312947,0.15987308,0.000428004,1803.656174,9.554359784,7.871264814,15.67308477,112.4380112,13.45403194,-14.81089687,-6.875699043,-27.40405464,28.63277245,-7.399897575,-23.92029572,41.98361206,-18.03650856,-9.765806198,-24.55652618,0.389674634,1.537047744,-0.39171949,-0.176733658,0.690205574,0.531709611,0.134906814,0.05854376,0.204924345,0.042524222,0.086685672,-0.087340586,1
Woman00108.wav,318.3992322,471.5803235,335.3893451,422.5640958,460.809414,404.0136659,-0.223966408,0.20362271,-3.57E-05,4030.50116,-9.842756431,10.08490669,12.04453101,-10.69029999,0.561030447,-0.875789106,-18.30414391,-17.23199272,3.052590132,-17.23652458,-7.022583008,10.48286057,-18.07784081,2.97881484,-12.8020401,-0.195690691,-0.53807658,0.288920611,-0.276337236,-0.385459572,0.042657245,-0.3180103,0.031640295,0.20848994,-0.198676065,-0.127629057,0.148408249,1
Woman00109.wav,361.5437384,372.1377786,363.63814,365.7446743,367.8634116,366.3385937,0.072577592,0.19030412,-0.000136362,2968.839651,7.036460531,8.102086167,21.18606699,6.460222244,32.57996368,7.155515671,-29.18837929,-26.98481941,6.97867775,-19.63088036,-7.849783421,3.827614307,-16.34117317,1.910670996,-23.30859184,-0.688364327,-0.044957027,0.406848729,0.152328879,-0.027984627,-0.27213493,0.114264302,0.241805822,0.084972233,-0.019358804,-0.181380883,0.071726494,1
Woman00110.wav,374.2935508,440,410.5345163,425.0119847,440,421.1118499,-0.265347378,0.15031248,-0.000205495,1599.624522,2.410462814,3.808832251,21.48813452,75.87698364,9.618470192,-4.672560215,-39.88567352,-15.424613,13.2536726,-3.684228897,-11.0923872,20.92840004,-23.20447159,-5.439377785,-12.81270218,-0.16793789,-0.256511211,-0.054318037,0.079656765,0.105033964,-0.015641658,-0.138924956,-0.13080579,0.033421345,-0.054364149,0.035382144,0.049179342,1
Woman00111.wav,220,466.1637615,329.3701168,440,442.5488941,388.5256342,-2.818451135,0.21199311,-0.000196752,4799.59526,3.446047288,13.68537372,8.909513642,-28.78524971,15.0565834,11.82868767,-23.89102364,-8.64228344,-0.466095924,-21.33315086,-22.54411888,6.264002323,-17.67533684,6.002607346,-7.227678299,-0.227000058,0.018211953,0.212681204,0.197214499,-0.142168507,0.005141181,-0.051253565,0.04682276,-0.028979447,0.08599925,0.216300383,0.129714146,1
Woman00112.wav,221.274447,339.2863816,233.0818808,285.304702,329.6275569,288.2080291,0.515856108,0.15186605,-0.000134515,1849.331009,-3.825769118,6.567862118,14.7355478,89.28540039,-25.96252251,-26.63629913,-38.80118179,-22.11994362,3.891059875,-35.16607285,-12.94449234,14.25641251,-30.87220383,6.512058735,-20.4119072,0.141222879,0.046785846,-0.224954277,-0.51183188,0.061418358,0.335387528,0.419294089,-0.313563019,0.062287934,-0.023850752,-0.124125116,-0.102278657,1
Woman00113.wav,218.7328932,442.5488941,220,437.4657865,440,342.1022615,0.00791159,0.1331249,-0.001172654,2684.605822,-1.284061298,8.554876318,-1.461714205,33.96179962,-12.19514084,-13.82396889,-20.44487572,-34.73407745,14.75514984,-26.76204109,-43.71893311,21.38424683,-28.9130497,-8.181685448,-16.54469872,0.280094206,0.114718333,-0.035578683,-0.009878961,0.210289896,-0.069922552,-0.050462283,0.047388148,-0.098165937,0.130227163,0.043842416,-0.042639583,1
Woman00114.wav,325.8414615,520.2374259,331.5370699,333.4576446,378.6426324,356.2946804,-0.236607444,0.16407456,-0.001658796,4124.649594,13.21333074,11.70396154,12.21115049,-7.595081329,14.55463505,-18.32552528,-36.6471138,-23.7456398,18.63305855,-26.00358009,2.136344671,-3.63815093,-40.83942413,-0.136711031,-13.97558498,-0.727546453,0.183429077,0.259366721,-0.053576276,0.137731001,-0.002945637,-0.124523193,0.081606716,0.049097281,-0.186259195,-0.163550749,-0.310731769,1
Woman00115.wav,331.5370699,434.946169,347.2168248,367.8634116,398.8473955,376.2582779,0.409118636,0.16138391,-0.000720667,2512.913478,0.2646424,6.71110951,16.94835959,39.37076187,-17.50894356,-26.75160789,-36.6407547,-25.86183357,17.59773827,-44.85485458,-5.54690361,35.61283875,-37.91976929,5.097338676,-14.2595129,-0.112872943,0.014842575,0.064561725,0.034525499,0.137872174,3.54E-06,-0.125835687,0.005788167,0.030260002,-0.065215632,0.025415607,-0.061109152,1
Woman00116.wav,216.2205317,442.5488941,218.7328932,220,437.4657865,323.3238786,0.000612352,0.110007934,-0.001205423,1967.090519,-7.632591331,6.621678603,17.26424246,57.70960617,-34.25630569,54.92127228,19.56214523,-34.90620804,-8.598306656,-23.63211441,-7.991540909,-17.96832085,-20.81376648,10.13127995,-25.58679962,0.8864398,-0.068606317,0.593437076,0.110650055,-0.25459978,0.50302881,0.197310179,0.729371071,-0.376863271,0.187931672,-0.047580976,0.415060043,1
Woman00117.wav,244.1052839,885.0977881,320.2437002,604.5396049,604.5396049,574.5519926,16.61786833,0.07325433,-0.000858542,1341.076354,9.565857183,2.812522519,9.661936549,141.774765,25.33052826,-14.93401909,-39.18481827,19.90291977,3.605502129,-16.69977379,10.57068443,-4.002325535,1.161340952,21.78615952,2.05437994,-0.539908111,0.203282192,0.89920789,-1.13399303,0.008048966,0.395326912,-0.751727581,-0.06760411,-0.246378481,0.376019716,0.46568644,-0.189910442,1
Woman00118.wav,233.0818808,783.990872,331.5370699,333.4576446,338.3093087,363.6858256,2.253372101,0.20542361,-0.000298852,2722.136755,3.022417231,7.853557351,16.31831986,24.32739449,-15.5499754,0.982779026,-34.03553391,-32.46458054,-21.0712986,-8.763376236,-16.97062874,14.65926743,-14.8472023,8.58364296,-20.55643272,-0.079796605,0.047093511,-0.148806214,-0.022916866,0.122360103,0.277332336,-0.021101477,0.005380223,0.175866127,0.106453054,0.029191332,-0.096415289,1
Woman00119.wav,343.2286994,432.4410634,377.555362,425.0119847,427.4740541,405.1424756,0.386468861,0.20079948,-0.001426434,2043.065441,2.061398348,5.10235881,18.50051518,79.33974457,-4.819471359,-15.37106609,-37.65139008,2.568272829,18.71584892,-23.14725113,2.085372448,18.4240551,-30.27321243,9.703605652,-18.74470711,0.096634552,-0.043713965,-0.09611471,-0.203295484,0.131142035,0.088366665,-0.37610051,0.181774914,-0.010517986,-0.262762189,-0.039892912,-0.214187428,1
Woman00120.wav,286.9574553,463.4788558,322.0988531,331.5370699,460.809414,385.3199219,-0.590685022,0.19589597,-4.39E-05,2325.028035,6.286082559,6.212056697,9.628558041,69.16227722,-35.43055344,2.291318417,-29.43660736,-29.96120262,18.81474876,5.980918884,-19.58429909,13.82059002,-13.00843143,-12.12247562,-1.470971107,-1.081954837,0.907464623,-0.547562242,0.744351268,-0.348574102,-0.130683437,0.122438021,0.736212373,-0.749955177,0.025420688,0.148246467,0.323447406,1
Woman00121.wav,254.1775933,311.1269837,264.6655079,269.2917795,309.3350242,280.1253133,-0.608954632,0.04310974,-0.001141357,1513.958861,-8.387786001,5.344926692,-109.828927,88.69586945,20.90751266,-15.8429594,-54.9578743,-20.47642326,17.57691574,-24.7211628,-17.37777138,-7.326973438,-24.08852577,-5.539171219,-5.875683308,0.490191847,0.21552293,0.328271598,-0.15297401,0.198626056,-0.333463669,0.231814086,0.027265275,-0.214406192,0.216171965,-0.154537305,0.12205305,1
Woman00122.wav,213.7370271,295.3659506,231.7394279,233.0818808,254.1775933,248.5536575,0.334082581,0.103371195,0.000948393,2889.867581,-8.873027341,11.74116998,14.88465002,34.104496,-6.057184219,-10.24602032,-29.43294334,-17.59220314,30.51174736,-18.91422462,-19.95001602,20.38191986,-5.032995224,-3.676221371,-7.674836636,0.145622551,-0.684333742,-0.471274793,0.211563304,-0.360512495,0.07208588,-0.027545327,0.141797334,-0.0769336,-0.178121552,0.143420801,0.01070262,1
Woman00123.wav,261.6255653,420.1303057,269.2917795,278.7883336,335.3893451,310.171821,-0.343495633,0.18382645,-0.000786557,3279.409616,14.12743553,10.76572289,14.13186562,31.98683929,14.62839985,-3.294801712,-39.39193344,-10.14563656,17.13194275,-24.26562309,-20.74461746,21.21968079,-39.15466309,7.549306393,-32.53377914,-0.172999427,0.924051285,0.089683264,0.000358746,-0.068990767,0.117704332,-0.082363412,-0.194921598,-0.060950134,-0.088211574,-0.017376557,-0.077174887,1
Woman00124.wav,333.4576446,372.1377786,363.63814,369.9944227,369.9944227,363.073161,0.113692241,0.22409958,-0.000727902,1804.343484,-6.038603111,4.979204297,22.75208062,79.39173889,12.28770542,-44.57924271,-28.4748745,-31.02012062,23.29158401,-1.084634423,-24.98906326,12.69155407,-8.711101532,0.592987776,-4.48700285,0.480075687,0.012281756,-0.0381433,0.097179808,0.175320417,0.088985272,-0.110384971,0.119189397,-0.231672436,0.014967532,-0.142171413,0.06270837,1
Woman00125.wav,230.404707,302.2698024,284.1610832,297.0769882,298.7979376,284.2003297,-0.421475499,0.10763795,-0.00153226,2863.229027,0.812543819,10.14143431,-39.12573302,52.63824463,1.227947474,-37.3447113,-31.63246536,-34.93188477,6.12387228,-20.51232719,-16.66734695,14.18402004,-35.95741653,-7.984750748,1.03392005,0.032411769,0.464741409,0.182345077,0.014096322,-0.088083886,-0.046538245,0.260813028,-0.038118146,-0.214805424,0.03464096,-0.06204778,-0.00020438,1
Woman00126.wav,394.2662424,797.694791,440,450.2845125,793.1004071,550.817139,-0.260935132,0.19505495,3.64E-06,3292.083103,-9.270368262,6.488707079,21.5602945,-1.857960939,-7.932894707,-53.23276138,-19.43355751,-22.746912,5.648796558,-33.48991013,-13.28297997,25.96858597,-30.1986618,-5.742408752,-22.36334038,0.108283542,-0.090192795,0.089169495,-0.043024283,0.137924328,-0.060012929,-0.146625072,0.348990887,-0.008182398,0.10394223,0.123893194,-0.174093246,1
Woman00127.wav,261.6255653,269.2917795,264.6655079,266.1986996,267.740773,266.0806183,0.143194609,0.28458107,-0.001678371,2425.494573,27.30211115,9.114457293,20.34125603,53.08586502,12.09041786,6.194808006,-30.69172096,-35.36338425,15.28906536,39.15811157,-22.28064919,25.75115967,-6.538005352,-9.589355469,-9.197795868,-1.067805648,1.724995852,0.292342246,-0.057859082,-1.403024673,0.655079126,0.108462997,0.408907026,-0.043836594,-0.291758686,0.441050023,-0.10263662,1
Woman00128.wav,275.5861765,403.481779,351.25129,376.4618113,401.157895,373.1900934,0.236254211,0.1495804,-0.000462538,2177.231717,-2.370932107,5.853104174,15.07136454,78.82245636,-4.477023602,7.847287655,-66.93235779,38.40084457,-13.84408379,-20.46303368,-7.745773792,-0.738179445,3.354289055,-33.22613144,-9.565573692,0.262771606,-0.05605216,-0.058464769,0.000421303,-0.154226169,0.087147243,0.063013375,0.135936722,-0.079887964,0.212457195,-0.034333911,-0.054567747,1
Woman00129.wav,231.7394279,445.1125537,417.1195471,440,442.5488941,398.5998224,0.126717088,0.13274881,-0.000350711,2372.945424,3.463635648,6.617290128,20.14772993,31.52604675,2.954270363,9.001636505,-19.09295082,-40.57925797,-9.787642479,-21.60299492,-4.035096169,-26.08455276,-21.2142086,-9.247662544,-25.07564926,-0.177324906,0.149745002,0.102922395,0.301550388,0.316090316,-0.188384965,0.105474018,-0.096030109,0.030275479,-0.027224507,0.082526825,0.160877407,1
Woman00130.wav,246.9416506,442.5488941,267.740773,267.740773,273.9989169,281.2909955,-1.506791287,0.15998472,-0.000934675,3951.702717,-6.374388222,14.35123102,14.05722208,3.78289628,35.06019592,27.00016594,15.30078506,-20.12937546,-26.3359642,-22.65718269,-2.21653986,-2.388281107,-28.34835625,-11.62691212,-24.79776192,0.202007249,0.106880233,0.069685884,0.251656294,0.157812297,0.365103275,0.193821013,-0.046655726,0.391713798,-0.052037302,0.070229046,-0.175206661,1
Woman00131.wav,359.4613997,429.9503861,408.1700115,408.1700115,422.5640958,403.2190861,0.126101316,0.19256371,0.00126494,3115.126438,5.224324618,7.733247024,16.12731388,19.15800667,6.453898907,27.81925964,-16.84210968,-29.08046913,0.753896832,-1.530740142,-25.74593925,12.16379547,-18.60292244,6.142131805,-18.90157509,0.309004903,0.053576045,-0.559822917,0.022393769,0.482476622,0.33736226,-0.374434382,0.3920708,0.210647568,-0.062280934,0.159630373,-0.109296992,1
Woman00132.wav,202.9095626,302.2698024,204.0850057,275.5861765,284.8938935,254.8713589,-0.186870537,0.08992369,-0.000407306,2252.765674,2.603080989,8.822815057,-33.46700117,71.47809601,-30.30976868,8.405673981,6.011431217,-3.849823475,-10.09084988,-3.131035089,-37.90654373,25.84319115,-37.46820831,4.094757557,-20.61387825,-0.614289165,-0.676300347,0.418004483,1.448360205,0.407815456,-0.638173997,-0.042949487,0.338649601,-0.320143104,0.608944416,0.034499466,-0.238110781,1
Woman00133.wav,291.9733833,353.286068,335.3893451,347.2168248,349.2282314,337.1349426,0.323313578,0.16192378,0.000318013,1876.615794,-7.696512667,5.660629916,22.50402596,61.69305801,2.187178373,-3.010078192,-14.4685564,-3.567905188,11.5178318,-16.91871071,-32.51887131,8.800531387,-4.765421867,-9.709261894,-9.284708977,0.56575489,0.086542599,-0.194584295,-0.250776798,0.02304179,-0.202941373,-0.247638866,-0.141386539,0.120676495,0.02694208,-0.093197718,-0.026177436,1
Woman00134.wav,226.4464921,425.0119847,327.7290419,357.3910544,361.5437384,344.3199773,-0.859029559,0.12452293,0.000698071,2038.791531,-1.147647319,5.976379563,19.06886115,65.04598999,-4.317287445,-2.851868391,-32.47855759,-18.10806274,3.133117914,-26.38489342,-24.49298859,4.368412971,-20.14590263,-5.51528883,-30.28020477,-0.18055959,0.002313019,0.269292891,-0.211921751,0.279024869,0.063498773,0.044724807,-0.104590327,0.120282479,-0.00294756,0.127772376,0.032320749,1
Woman00135.wav,226.4464921,264.6655079,229.0776736,251.2581146,261.6255653,246.9790634,-0.465034472,0.0783226,-0.000102906,3643.985008,-36.00694911,14.61931406,14.1098965,37.89287949,21.48659897,-0.035722572,-5.511927128,-9.292908669,21.07585907,-46.14957428,-15.0483675,8.727363586,-19.87724876,-16.23829651,-29.33816147,0.475208521,0.212731332,0.361012697,0.483220756,0.870201588,-1.311509252,0.450866222,-0.248172581,0.253502667,0.048648149,-0.168139592,0.003771177,1
Woman00136.wav,353.286068,378.6426324,367.8634116,369.9944227,374.2935508,369.7766988,-0.064909599,0.15008861,-5.70E-05,2770.141119,3.575662455,7.488111302,16.91530642,37.87110901,-0.40925625,-29.13853645,-31.97130013,-38.92657471,23.64921188,-15.76951885,-41.34781647,19.89517593,-41.29305649,-2.779673815,-4.658035278,-0.11439164,-0.275124341,0.134860933,0.389612198,-0.23420164,0.015051058,0.044006404,0.101823792,-0.319918096,-0.16061385,-0.090109892,-0.139808595,1
Woman00137.wav,285.304702,425.0119847,286.9574553,312.929324,320.7074884,318.8815052,-2.525847079,0.22963026,-8.09E-05,4289.195042,32.13347679,13.83316145,7.262381717,25.29345894,12.64067078,-21.05950737,-22.16928101,-13.07887363,5.372449398,-2.461262226,4.190498829,8.957791328,-25.73824692,15.97260857,-17.44363785,0.40116787,1.337720037,0.120103098,0.200759411,-0.572355628,-0.073506422,0.278048128,0.241109475,0.41106838,-0.440069109,0.270468473,0.015235491,1
Woman00138.wav,339.2863816,440,391.995436,398.8473955,425.0119847,400.8672213,-0.165455127,0.1700546,-0.000650716,2753.848493,7.667674518,6.918355356,7.564183684,37.18940735,-25.93142509,-15.81194782,-21.72555542,-5.854980469,1.513331294,-11.50361061,-10.37946701,17.78816986,-18.61439323,8.010190964,-21.97454071,-0.239977092,-0.036322881,0.001595718,-0.061787035,-0.122834474,-0.166358665,0.09591464,0.035799287,0.086354233,-0.128335625,0.15665333,0.11158523,1
Woman00139.wav,132.332754,463.4788558,335.3893451,417.7105332,440,385.8813764,-1.079804334,0.19920726,-0.000877981,2790.805067,-0.85809277,7.349656342,14.2607956,29.31535339,-16.06189156,1.582550645,-23.38861275,-13.76579189,16.5674305,-24.99842072,-11.77266312,1.044319034,-17.90630722,-5.963474274,-14.71258068,-0.099022806,-0.085496619,0.439266264,0.381739378,0.298320025,-0.446562707,-0.075504601,-0.052822676,-0.007252861,-0.103668489,-0.038555566,-0.222318247,1
Woman00140.wav,32.70319566,357.3910544,296.2214694,355.3326334,357.3910544,273.7127363,17.85056829,0.093853824,0.002521185,2161.496253,134.0791875,6.729049303,-41.97444328,43.90971756,50.4005928,-0.608617723,-48.28120804,10.7051239,4.617848396,-0.403579623,-3.419647217,19.61789513,-15.03730202,1.731772184,7.268134117,0.303549349,0.271781921,-3.498306274,-7.181945324,-2.465315342,-2.743406057,-3.142257452,-2.766936779,-0.998796403,-2.68792963,-1.390125275,-0.745618641,1
Woman00141.wav,374.2935508,376.4618113,374.2935508,376.4618113,376.4618113,375.5325568,-0.043021041,0.17810525,-0.005194912,2246.737119,-106.6989502,5.982003206,20.75602651,62.5673027,-15.27878094,19.61279488,-30.9310627,5.379786968,19.85146523,-9.55633831,5.927705765,24.52443504,-0.922758222,10.7355423,-16.0836277,5.42029047,-2.840308666,1.247578263,-0.297032535,-0.881378293,0.320131451,-0.782652617,-0.677575409,-0.152720004,-0.56347537,0.556603909,0.077009477,1
Woman00142.wav,239.9117012,374.2935508,266.9719567,304.901421,365.7446743,305.9985728,-0.63507806,0.09123826,-0.000374591,2478.566741,7.295894927,8.223026524,-63.55967643,55.83953476,-18.53010941,-15.13763237,-10.1255827,-33.17893982,-14.79485226,-10.6329937,-7.206391335,10.08342266,-23.17557907,-5.741871834,-20.82868195,-0.340324819,0.640315056,0.16432929,-0.026006119,0.220994979,0.017953807,0.189376146,0.340439975,-0.152633324,-0.203311622,0.042947218,0.012650967,1
Woman00143.wav,167.6946726,408.1700115,339.2863816,389.7377084,401.157895,360.5436767,1.872247798,0.19627233,-0.000217625,2562.868694,12.51357867,7.568173191,14.56966263,53.60726547,-7.426809311,-2.271238327,-12.86234856,-0.072905831,-8.924908638,-5.402458668,-28.24552727,23.30353546,-21.90116501,-6.188272476,-25.96419334,-0.767113805,0.501451373,0.278266311,0.388530195,-0.351273954,0.021452852,-0.217430726,0.061830159,-0.237324163,-0.323574275,-0.041707873,0.14557448,1
Woman00144.wav,312.929324,323.9647528,312.929324,314.7421051,316.5653876,315.9794165,0.574158176,0.1684397,0.000688286,3429.239645,13.36448897,10.85327063,11.5535823,-3.502463341,-35.36394882,-24.96827888,-40.07779312,-18.49136925,25.67933273,-13.02613449,-44.7923317,9.150373459,-4.461606503,-3.008627176,1.80325532,-0.65946883,-0.593541682,0.776812434,1.091105223,0.540804148,-1.162620902,-1.506547451,0.613708258,0.061925214,-1.181532383,-1.006923437,-1.863498926,1
Woman00145.wav,77.33375604,372.1377786,312.929324,344.2228513,365.7446743,301.2516215,0.210192011,0.18235342,-0.000918219,1887.094933,-5.699004566,7.510290076,5.417286623,64.83860779,-15.410882,-15.55509853,-44.74975967,-10.20434761,14.1598835,-26.25160217,-28.38763809,3.236968279,-20.96671867,6.044312,-18.46725273,0.174320519,0.115939982,-0.132443041,-0.050369177,0.12921232,0.012469821,-0.079038203,-0.050690152,-0.154349983,-0.044876721,-0.29113096,-0.201143891,1
Woman00146.wav,154.6675121,314.7421051,186.0688893,278.7883336,311.5775688,257.0928038,-0.979403275,0.18651833,-0.000283256,3564.943219,-1.645188042,14.50295936,14.34486365,-6.389242649,-12.49054432,-26.76119995,-51.39789963,-10.30228329,31.10750008,-32.40774918,-15.20171452,-4.146734238,-21.70290375,-5.695106983,-19.81735802,-0.032758493,-0.456303507,-0.16190964,0.10629148,-0.247266456,-0.050924271,0.226002261,0.095230423,-0.009444341,-0.005036051,-0.202328205,0.054652929,1
Woman00147.wav,345.2170031,422.5640958,358.9438134,366.804043,415.3046976,382.5242856,-0.41542356,0.23649257,-0.000437702,3219.558919,7.591003733,8.478804217,10.85682046,29.99901962,-10.01595211,-23.04709053,-24.76953125,-8.811378479,5.836815834,-9.372589111,-4.569372177,10.32351398,-14.98033619,3.429824591,-18.87329102,0.094541043,0.143704951,0.225562677,0.044422314,-0.180979297,-0.028494138,0.223422617,-0.026187269,-0.210717455,0.037671674,0.107276045,0.053201757,1
Woman00148.wav,363.63814,420.1303057,369.4616699,402.319837,412.9127185,393.9917259,-0.443467828,0.18084706,-0.000144149,4018.502747,5.446161284,10.19307486,12.15183484,-41.94417572,-18.34431839,-25.23447037,-44.82651901,5.444699287,-7.320746899,-18.90013313,-6.914785862,8.200714111,-25.06799126,10.70842838,-7.608939648,-0.464670867,-0.025182895,-0.640664876,-0.381348431,0.600674093,-0.10029754,-0.125935391,0.213941887,0.18583262,-0.301908404,0.044206403,0.327326953,1
Woman00149.wav,86.30425077,450.2845125,86.30425077,387.4929844,408.1700115,288.9418733,0.404884303,0.17662483,-6.17E-05,1698.234795,-8.651208722,5.759670506,18.90135595,91.75309753,31.64111328,-13.78033161,2.00970912,1.426451921,23.83349419,-21.49979973,-0.824468195,26.98691559,-23.50242043,-6.112673759,-5.244274139,0.299378216,0.191918671,0.236535102,0.311907947,0.225843579,-0.25025475,0.324729025,0.173881173,0.017817976,0.133705229,-0.208627865,0.156297803,1
Woman00150.wav,318.3992322,450.2845125,394.2662424,437.4657865,440,407.5216422,-0.800742661,0.16240625,-0.000441413,2132.409519,-28.93414568,5.172327624,5.760085948,50.73589325,25.64151192,-12.30653477,-34.30414963,-9.135149956,17.56959152,-11.19662762,-2.161890984,9.809192657,-24.17559814,-3.700886726,-7.503931046,0.498383641,0.086300232,-0.04656852,0.036977332,-0.120498873,-0.035974111,0.268324971,0.135939583,-0.092258416,0.09049052,-0.175570577,-0.029571649,1
Woman00151.wav,245.5193714,327.7290419,247.2992802,248.3721691,250.8963296,264.5459588,0.989544577,0.06836864,-0.001014401,2961.615669,-7.986720729,11.32402014,2.021190835,46.48946381,-3.372606516,-0.664822936,-54.20194244,-16.30901718,10.08377552,-45.96730423,-34.23186111,25.38157082,-14.50557613,10.20885563,-42.52179718,0.480600804,0.417585373,-0.214775875,-0.397920609,0.425723761,0.138171449,0.17077063,-0.069473691,0.297822684,-0.591995597,0.105090104,0.071252577,1
Woman00152.wav,156.464662,401.157895,323.9647528,329.6275569,335.3893451,316.1387245,0.311140522,0.20719846,-0.000177691,2644.958381,-1.247675475,8.636826642,21.20523367,14.54786873,-20.09844208,1.026355386,-28.25766754,-16.03287315,15.31350422,-4.3495121,-16.76504898,-0.709942043,-12.21914005,-8.489938736,-6.95143652,-0.258910388,0.057383895,-0.060002808,-0.097382225,-0.078496426,0.046784863,0.130180627,-0.093746327,-0.004298983,0.084704041,0.081459321,0.048066303,1
Woman00153.wav,345.2170031,442.5488941,391.995436,415.3046976,440,413.0899588,0.411990158,0.14489594,-0.000465014,2152.913738,2.918892208,5.262073313,23.91431699,56.39815903,38.82764816,-31.3216095,-35.22808838,-26.63882637,13.89536858,-21.95079231,-29.72149277,13.8003912,-32.38628387,-0.433948517,-12.03092766,-0.187941536,0.312506884,-0.275762618,0.040270943,-0.010589512,-0.027275285,0.197693899,-0.15646781,-0.048214052,0.153472856,0.152792886,-0.022944795,1
Woman00154.wav,220,277.182631,221.274447,270.8517709,275.5861765,248.4754655,-0.547987865,0.13015722,-0.000681533,3323.909233,16.2107723,13.54608257,14.96720304,25.95286179,10.06358051,0.537962794,-34.45050049,-9.779302597,16.72986412,-33.62838364,-17.676651,39.47653961,-29.063694,8.094432831,-34.20957184,-0.260690361,0.590548098,-0.387480319,-0.119763173,-0.062438149,0.323679566,-0.233210653,0.105656281,-0.059505865,0.16346097,0.288829029,-0.003560081,1
Woman00155.wav,363.63814,403.481779,365.7446743,396.5502035,403.481779,384.9481179,0.220684823,0.23355143,-0.001121013,2990.520736,-3.946696337,7.739784685,20.2457204,16.98280525,-4.536504745,-13.35210514,-20.73648834,-23.21954155,10.46254635,-21.83615303,-0.308670312,11.32026958,-7.633114338,7.746356964,-22.41678238,0.164721549,-0.54806304,-0.059570547,0.128662243,0.071072794,0.161077484,-0.171075359,-0.080222853,0.00925087,-0.0806408,-0.093534902,0.061712511,1
Woman00156.wav,165.768535,644.1977062,329.6275569,343.2286994,554.365262,408.1645569,-4.176605632,0.16662295,-9.53E-05,4053.477884,50.07277928,11.58698704,8.204940174,18.19519615,23.7718792,-19.93938446,-21.28628731,-8.274891853,9.691387177,-5.457722187,-10.982481,-5.176195621,-0.122007862,21.72710991,8.281106949,-1.143360853,0.62998271,-0.305518121,-0.515802681,-0.046300657,0.369410485,-0.041708879,-0.166880816,-0.114957474,-0.199232683,-0.337653339,-0.32916078,1
Woman00157.wav,337.3322358,343.2286994,337.3322358,339.2863816,339.2863816,338.4773342,0.017604917,0.19924493,-0.00130743,3241.210036,-0.342594026,9.575508751,14.93575551,18.38558197,2.895514727,-2.06699729,-35.81303406,-22.26461983,11.98707867,-33.83765411,-31.55783844,21.85307503,-9.097603798,-3.541766882,-7.295293808,0.185161531,0.115483411,0.066779412,0.038882878,-0.054746725,-0.240591928,-0.157973334,-0.232935548,-0.011129213,-0.097522117,-0.023367984,-0.051472869,1
Woman00158.wav,597.5958753,618.6700483,615.106771,615.106771,615.106771,614.3705565,0.332047471,0.20562242,7.56E-06,3017.695462,-34.71128415,4.91201546,14.08726738,72.9950943,-0.97158438,35.19553757,-36.50403595,14.97777557,-19.06081963,26.46018219,-33.89686584,24.46939468,5.512681484,12.73263168,7.47840929,0.750844896,1.489702106,0.072598554,1.062650442,0.084241219,-0.102069542,1.137374997,0.867169738,0.393807322,-0.133673266,-0.38697964,0.015298506,1
Woman00159.wav,376.4618113,442.5488941,437.4657865,440,440,436.3712133,0.472799068,0.18692271,-0.000491148,2461.191353,-9.086438197,5.669053267,25.61393624,17.86844254,-5.910789967,-24.22941017,-4.769377232,-42.02415466,-3.454240084,-11.7906065,-42.88024902,11.69834232,-22.40258789,-22.20008659,-17.07134819,0.215090126,0.05819821,-0.258913755,-0.014056066,-0.143826112,-0.011684261,-0.028866414,-0.169178545,-0.019725244,0.042800516,-0.255352736,-0.001383856,1
Woman00160.wav,437.4657865,442.5488941,437.4657865,440,440,439.2648558,-0.025059476,0.27248028,-0.000261978,1714.0734,12.16066442,3.901986924,30.82042866,57.5490036,37.0164566,-11.73611259,-5.434461117,-53.37551117,8.411093712,7.370500565,-31.23010635,6.496984482,-17.08466339,-16.27275276,-23.58944511,-0.549577117,-0.050535098,0.096144632,-0.074988209,0.10481973,-0.044085544,-0.090733185,0.166189879,0.126413301,-0.090066358,-0.04261345,0.094928965,1
Woman00161.wav,239.9117012,285.304702,245.8749412,266.9697363,282.027698,264.0660884,-1.088100591,0.058091033,-0.00359389,1911.611039,-15.15603529,7.21375027,-46.88176541,78.45915985,12.06716156,-0.716012955,-28.35240555,-0.660715401,35.68815613,-27.03113747,-18.91327667,8.013875961,-23.19490623,-10.0068121,-15.25793457,0.829696834,-0.335157633,0.165294424,1.079488516,0.695016861,-0.393803924,0.466644287,0.328442037,0.329877347,0.579169214,-0.111444384,0.633918643,1
Woman00162.wav,335.3893451,376.4618113,341.7460606,367.8634116,372.1377786,359.1216001,0.381200932,0.17100787,-0.000245065,4099.470342,11.67172917,11.42989166,16.48203023,2.357309103,28.67611313,-47.30830383,-38.92385101,-38.15345764,24.16464233,-25.57225227,-18.27734184,17.04331017,-26.43171692,-0.537919581,3.061216593,0.10196919,0.190879017,-0.416891545,0.023296583,0.489142269,0.155801311,-0.066563241,0.021716001,-0.218630522,0.241753563,0.057772879,-0.056484222,1
Woman00163.wav,32.70319566,682.5036952,221.274447,663.0741398,666.9152893,444.3743131,-0.063569614,0.13763665,-0.000194303,2070.198924,-4.318542892,6.511881833,-1.676496161,66.35444641,21.63779259,-9.1034832,-9.183594704,-27.98153305,-11.43634415,15.00188541,-47.20613098,10.4811821,-7.264657974,7.728592873,-11.05609894,-0.409521461,0.032493405,-0.006590426,0.033105034,0.260606676,0.184644774,0.233955517,0.138729274,0.098667726,0.297598571,0.148508742,0.108189173,1
Woman00164.wav,331.5370699,417.7105332,335.3893451,394.2662424,396.5502035,379.0006095,0.915376778,0.25146675,0.00050051,3360.462413,10.6798672,8.884224011,18.61325311,-10.05493641,-2.977347851,-0.614573359,-27.93008041,-13.49563885,7.482173443,-13.92202759,-11.3341732,11.01247692,-15.92440414,4.374760151,-21.65314674,-0.087095469,-0.04697993,-0.403157949,0.062734641,-0.128762022,0.006208314,0.365852684,-0.094887801,-0.276619971,0.127365649,-0.163923204,-0.081293561,1
Woman00165.wav,349.2282314,429.9503861,357.3910544,427.4740541,427.4740541,400.1016193,-0.470193982,0.24556321,-0.001274096,3344.08891,8.871063511,8.501576681,19.90026584,1.819514751,-7.242721558,-27.11370087,-42.33444214,-15.98703957,8.351495743,-27.13113022,-17.14030457,23.25409508,-27.65354347,8.25271225,-31.91188431,-0.137781307,0.305996716,-0.083401106,-0.035401721,0.004368172,0.010699158,-0.141491905,0.000977031,-0.103438616,0.01996473,-0.038208421,-0.160085872,1
Woman00166.wav,343.2286994,412.9127185,343.2286994,345.2170031,358.6246012,359.9737874,-2.667426,0.08967835,-0.001293453,1662.181275,-57.58477275,4.523040037,20.36006906,92.65625763,-1.031694531,-14.95242882,-13.30615807,8.810386658,1.799768448,-17.49719238,-12.93810844,30.27043533,-16.03523064,9.326960564,-6.463342667,2.143856287,-0.315536201,0.814791918,0.168248713,0.611910105,-1.126237631,0.476874709,-0.918946862,-0.89620477,0.854530334,0.125096902,0.798237383,1
Woman00167.wav,383.0422479,405.8191252,394.2662424,401.157895,403.481779,397.9614202,-0.037873309,0.19832303,-0.000800342,2838.930196,5.79870186,7.134073699,20.31052428,16.44001389,-9.037415504,1.653879523,-32.02349854,-4.761205673,9.783100128,-16.94182587,-16.97995567,12.54601097,-15.4422245,11.94557858,-27.33161545,-0.211381316,0.153422907,-0.394842595,-0.409229547,-0.007001573,0.218694627,0.205469593,-0.031451806,0.009511541,-0.046470676,0.118919097,0.134721726,1
Woman00168.wav,320.2437002,479.8234024,333.4576446,440,442.5488941,405.697179,-0.480721136,0.17866845,0.000348496,2714.731771,15.48143112,6.828407813,16.32532751,16.10866547,-0.977758169,-8.747179985,-25.4846859,-21.88007164,3.390726566,-7.905120373,-21.85924339,13.0523777,-19.91555405,-7.479109287,-8.256512642,-0.222470894,-0.101813823,0.197825119,0.24182345,0.091683827,-0.147835478,0.051610753,0.131042868,-0.370794326,0.108413965,0.075598754,0.004026852,1
Woman00169.wav,239.9117012,339.2863816,280.809428,294.5153593,312.929324,293.5331834,0.290813173,0.19344848,0.000934232,3388.715766,4.140128065,11.38324504,4.600776336,25.06628799,-7.785238266,0.553471506,-36.4565773,-21.5953598,-5.694522858,7.910878658,-28.700037,15.75290871,-13.46932697,3.781192541,-5.021432877,-0.980208218,-0.266352236,-0.026394099,1.340411901,-0.244685188,-0.219155431,-0.160455242,-0.016464701,-0.392212749,0.380075216,-0.230747268,-0.0278024,1
Woman00170.wav,164.8137785,312.929324,166.7288223,167.2117474,168.4232566,191.8986289,1.64305878,0.17451155,-0.00119254,2413.082602,-1.349767553,13.37496689,11.48461508,76.04969025,32.92344666,-33.5827446,-40.55467987,-24.07363892,40.68289185,-21.09000778,-32.55399323,5.533210278,-42.36984634,-2.295034409,-33.13655853,0.073182911,0.732282162,0.325994581,0.314792186,0.14066647,-0.040891152,0.394607842,0.401869982,0.186561987,-0.312815666,-0.092747256,-0.072378598,1
Woman00171.wav,245.5193714,293.6647679,246.9416506,293.6647679,293.6647679,277.7178679,-0.013387296,0.16861703,-0.001850813,3368.689625,-7.94931422,12.24778545,16.91973777,-0.791718662,-0.049303547,-6.093902111,-62.49041367,-41.61511993,18.80412483,-20.42098808,-22.15475655,17.92679024,-32.29580688,5.591388702,-25.08751488,0.457057595,-0.833851099,0.161158726,-0.088729486,0.008446175,0.043914169,-0.127868757,0.253529251,-0.140261844,-0.175306007,0.119863227,-0.057988305,1
Woman00172.wav,337.3322358,434.946169,345.2170031,363.63814,365.7446743,368.5336118,0.424949981,0.19635987,-0.000843564,2751.487773,2.531368218,7.491317279,14.85382921,52.38700104,-2.327744007,-10.7320652,-17.74180031,-15.78164673,32.44462204,-24.96953392,-12.22423744,31.10237122,-16.30879402,12.5305624,-27.64701653,-0.058469009,0.024629891,-0.089649528,0.02608081,0.04150543,0.302373499,0.097156778,-0.117744863,0.100247875,-0.117033318,0.153751642,0.000138155,1
Woman00173.wav,380.8360868,471.5803235,387.4929844,403.481779,417.7105332,407.0817972,0.039400608,0.19230625,-0.001489911,3439.013779,-3.792640297,8.482103712,8.101158344,1.773454428,-25.84387398,-24.54679298,-36.33485031,-11.2423172,-4.409172058,-14.15650368,-17.8619194,25.06345177,-21.62177849,0.717594504,-16.11054039,0.093088128,0.537988007,-0.095868386,-0.045951393,-0.078387313,-0.027157228,-0.294459373,-0.113437779,-0.112066887,-0.254162729,0.053074364,0.045452174,1
Woman00174.wav,218.7328932,312.929324,270.8517709,272.4207993,309.3350242,278.6887429,0.048300066,0.09777793,-0.000296769,2694.822336,4.557689007,9.556821947,15.2395142,50.85300446,-16.11340714,5.698455811,-25.33711624,-29.93326378,15.47642612,-30.17150116,-18.79571533,31.49761009,-24.37495041,12.3833704,-21.25871849,-0.002425875,-0.230497092,0.060951393,-0.025809146,-0.129954368,0.106372885,-0.096949592,0.116890922,-0.046051249,0.01035188,-0.17165862,0.038413499,1
Woman00175.wav,422.5640958,429.9503861,425.0119847,425.0119847,427.4740541,425.2974516,-0.000799256,0.29424408,-3.80E-05,2615.19322,-0.262917728,6.149300296,22.35128592,1.645126939,-42.77817917,-3.65092802,-39.59875488,-23.57870674,11.17937756,-9.661557198,-7.563107491,18.55977249,-9.361663818,-9.529242516,-16.80825615,0.05016087,-0.028898159,0.00808517,0.030740594,0.010838173,-0.031429593,0.056662824,-0.021539684,0.066616043,0.025339022,-0.111299783,0.049190931,1
Woman00176.wav,189.3213162,488.2105677,437.4657865,440,460.809414,435.6404688,-3.919779948,0.166362,-0.00026233,4117.584287,1.821836691,9.849651071,12.57000102,15.13267708,50.13134384,-30.87324524,-6.03485918,-4.456392765,-10.62731647,16.84569931,-27.55529213,12.0478344,3.825853109,-19.45664787,0.051735215,0.043453682,-0.608640552,1.381185651,0.813584447,0.218806505,-0.228215367,-0.383615941,0.873190045,0.216665685,-0.302917808,0.468070984,0.043610584,1
Woman00177.wav,297.0769882,349.2282314,300.5288565,300.5288565,304.0208336,307.9841003,0.22567416,0.21085683,-0.000580663,2255.099797,0.177106724,7.343817465,18.72145079,52.13906097,-29.27948761,-27.63814926,-31.71555519,-22.2173481,4.613410473,-27.22036552,-7.246510983,6.222510338,-31.38440514,-9.170365334,-21.77893257,-0.096488215,-0.12399222,-0.071510732,0.012249378,0.090353347,-0.151921749,-0.139499009,0.082599893,0.095054321,-0.029900869,-0.169439182,0.037610754,1
Woman00178.wav,335.3893451,355.3326334,347.2168248,349.2282314,351.25129,349.2123678,0.152871078,0.16630748,-0.000758016,4618.067284,-2.733012159,13.21906221,-6.835869356,-5.982392788,37.77303696,-3.088244915,-23.31082916,-46.49331284,21.87368965,-29.86313248,-14.94555092,4.220689774,-20.99899101,-8.380455017,-10.45852947,0.088764966,0.181788564,0.19917053,-0.080479197,0.155003175,-0.050898232,-0.059908241,0.16810894,-0.096361741,-0.042265452,-0.002649495,-0.014359865,1
Woman00179.wav,239.9117012,252.7136381,246.9416506,246.9416506,248.3721691,247.2071848,0.013608202,0.20726591,-0.000490218,2971.504101,2.862503013,12.02381451,16.76244903,55.50028229,46.810112,12.94905472,6.294658184,-24.49840736,29.86413765,-22.69426727,-4.148071766,25.23924637,-16.44317818,-4.969790459,-4.516717434,-0.199784875,0.128313243,0.398594052,-0.04939561,-0.220166847,0.140660971,0.266293079,-0.130172089,0.058755547,-0.086557619,0.050736781,0.006159924,1
Woman00180.wav,,,,,,,,,,,,,,,,,,,,,,,,,,,,,,,,,,,,,,1
Woman00181.wav,241.3014955,757.2852648,244.1052839,246.9416506,735.7268233,440.1200309,1.852738604,0.17462727,-0.000127014,2519.445862,9.305045306,6.089853042,14.00252877,65.97627258,12.68462181,-50.6871109,-51.36130905,-32.23642349,1.69212234,-37.62658691,-7.379927635,6.82937479,-6.714254856,36.59830093,-14.1938324,-0.496880323,0.282100767,0.283042997,-0.206595674,-0.112907581,-0.17878361,0.14213483,-0.092240728,0.348758548,-0.204437181,-0.089237943,-0.046946164,1
Woman00182.wav,222.5562769,318.3992322,223.8455323,225.1422562,314.7421051,264.172417,0.020057101,0.21274741,-0.000987533,1347.838023,-6.490653501,5.323711362,21.31640148,107.570961,21.9324398,41.20079041,-44.42749405,-23.05350494,1.277172089,-3.527393341,-18.93683815,2.450476646,-50.62147903,1.69697082,-2.761848927,0.336482167,0.877895772,-0.432968915,-0.394447863,0.322961122,0.397308797,-0.424586266,-0.153373629,0.283165038,-0.284528524,-0.052545715,0.325358897,1
Woman00183.wav,283.6614679,351.25129,327.7290419,343.2286994,349.2282314,333.4453598,0.426344199,0.16741732,0.000559969,2829.843958,-3.140601877,8.468329183,16.12545818,20.36631203,-11.15435123,-11.51518154,-68.76979828,-8.005427361,13.43006611,-33.31487656,-27.88685417,20.84560966,-32.43901825,12.21438503,-17.25248528,-0.090901971,-0.715076268,-0.533150077,-0.14296034,-0.047147144,0.424214661,-0.21244432,-0.195631087,0.251439035,0.29828918,0.092206985,-0.138881534,1
Woman00184.wav,316.5653876,363.63814,320.2437002,325.8414615,359.4613997,337.5190003,-0.476777817,0.07015869,-0.001574008,1669.95039,-6.88111271,4.937438599,-35.07734069,112.9643478,-27.1392231,-33.08186722,-55.96072388,-27.20983124,22.66876602,-44.15861511,-10.63610554,16.27131653,-54.91062546,-0.926924467,-40.52820206,0.329986662,0.103176951,-0.161906794,-0.17265673,0.21512863,-0.064577855,-0.079600923,0.120856591,-0.027484234,0.124835007,-0.217214316,0.092482351,1
Woman00185.wav,213.7370271,267.740773,231.7394279,237.1560803,264.6655079,243.7751096,-0.18591416,0.18289325,-0.000268509,2408.042364,1.147370946,9.933512792,16.15323056,74.66026306,20.54027176,8.17433548,7.243895054,-6.431780338,32.15438843,-19.50832748,-35.02947617,48.66127014,-31.01433372,-2.10562396,-14.87641335,0.005383815,0.017890645,-0.0965112,0.009204545,0.047024477,-0.013941996,0.168730482,-0.021924384,0.027999243,0.119133957,-0.106976479,-0.219809666,1
Woman00186.wav,226.4464921,447.6910645,249.8109744,253.4456157,412.9127185,311.2105401,-2.017758503,0.17324443,-0.001369294,3106.482033,9.104084741,10.59785823,8.360797639,8.831542969,-26.56172562,17.80511284,-9.986515999,-32.91594315,-1.718467951,-13.97877026,-22.10690689,8.197758675,-38.6495285,8.948066711,-21.70648766,-0.095018938,0.858918428,0.932542682,0.51588577,-0.434180379,0.035578087,0.342858911,-0.431495547,-0.188169241,0.175099626,0.094819941,0.076981254,1
Woman00187.wav,442.5488941,557.5766672,458.1553471,466.1637615,523.565409,488.5550992,-0.996592482,0.13126384,-0.00069006,2221.114369,-3.386163177,4.44065032,19.34159007,55.09122467,30.50100517,-29.02151299,-41.96759033,-2.289879322,-23.21699715,-1.336903214,-23.53352547,3.768641233,-31.84736061,-3.983810425,-4.686105251,0.8253088,0.399494082,0.473807842,0.416544497,0.155049652,0.531576395,-0.913644195,0.55882889,0.498967022,0.194822043,0.003709743,-1.218785286,1
Woman00188.wav,218.7328932,223.8455323,220,220,220,220.1955354,0.024234088,0.18670088,-0.00054474,2461.350025,-7.580239377,11.17607581,20.95807158,38.01167297,1.917127848,28.43740463,-4.68350029,-37.90658951,4.373178959,-25.33236694,-41.17219162,24.18128586,-29.99702835,-14.51239967,-36.34347534,0.289238393,-0.228133574,-0.009301888,0.020125128,0.007575107,0.150975674,-0.121553384,-0.105194226,0.25432238,-0.244545132,0.133909062,0.031804539,1
Woman00189.wav,460.809414,471.5803235,466.1637615,466.1637615,468.8642207,466.9432123,0.025690491,0.17365195,-0.000688408,2429.483443,8.024376226,5.201723373,26.84340666,5.840797901,-11.76435852,-13.49493027,-40.64076996,-31.94661713,14.82749271,-17.5214119,-13.00969505,-4.575915337,-34.77860641,-7.962432861,-7.134773731,0.042349864,0.193292722,0.642099082,0.423379779,-0.178742945,-0.068873368,0.166296735,-0.034742661,-0.112768635,0.013843019,0.15024659,-0.303370982,1
Woman00190.wav,264.6655079,320.2437002,278.7883336,282.027698,289.4557617,287.4889645,0.015697223,0.10816127,0.000104336,3211.847622,62.36295418,11.25879669,13.44492723,58.38280487,40.23533249,-27.10819054,-27.23718643,-24.20643616,33.22563553,-24.16911507,-41.96792984,25.76747704,-44.24423599,9.436199188,-21.05377579,-1.057308435,-0.251571417,0.118056498,0.242945716,0.143134505,0.547566056,-0.060866326,-0.172638521,0.485184729,0.087716565,0.434242666,-0.394624084,1
Woman00191.wav,32.70319566,1108.730524,304.4611273,306.6676969,337.3322358,317.0143947,-0.246615905,0.17979679,-0.000517702,2572.859976,-32.25976972,8.219205441,10.89062454,42.4065094,-6.850356102,21.14631081,-26.72876358,-13.92710781,7.984733105,-32.19140244,-8.745116234,2.443474531,-14.38571358,0.729084969,-2.85845542,1.341067433,0.770591021,0.54720813,0.432048917,0.174798474,0.093213938,0.221633017,0.031774841,0.352329552,0.162572041,0.061035503,0.216855645,1
Woman00192.wav,391.995436,440,391.995436,398.8473955,440,414.9268987,-0.284004552,0.24997108,-0.001400916,3503.459936,-2.146350632,8.461393544,21.01313919,-0.948565364,20.66089439,-16.74517441,-34.7322197,-18.83325195,25.19676399,-18.11748314,-4.21086359,8.523851395,-15.5615654,4.376030445,-12.49235725,0.684113979,0.293177158,-0.224436432,-0.028034169,-0.03662692,0.332516134,-0.188018054,-0.032351952,0.191190064,-0.120794505,0.261902779,0.001944641,1
Woman00193.wav,207.6523488,234.4321104,220,221.274447,223.8455323,221.5516213,-0.06046734,0.11768829,-0.000366331,2412.246545,0.864053097,10.88861768,11.29146077,58.92490005,-14.45397091,16.54618263,-69.26831055,-21.64644432,18.14543343,-39.80741501,-24.25854874,0.076969624,-27.7356739,8.829657555,-15.3862381,0.348042965,-0.535236657,0.16445303,-0.039147571,-0.015128663,-0.156519294,0.186832339,0.337268472,0.057534847,0.005275892,-0.240684628,-0.199700728,1
Woman00194.wav,218.7328932,432.4410634,311.1269837,312.929324,314.7421051,321.4952866,-0.647036414,0.1961911,-0.00037581,2953.031817,4.783853081,9.351116617,17.90947486,22.95449638,5.329259396,-25.27667999,-43.4107666,-14.7592783,13.35381794,-18.82940674,-12.27918148,8.448661804,-29.1353817,7.480464935,-15.54226112,-0.062113035,0.422541231,-0.766796708,-0.55502969,-0.369175464,0.350612849,-0.201873288,0.212872833,0.0502868,0.141332209,0.063262776,0.306119472,1
Woman00195.wav,248.3721691,420.1303057,251.2581146,329.6275569,410.5345163,332.9158526,-0.952493123,0.123973615,-0.001209561,2882.85746,-12.16716477,8.74823398,12.02430113,52.59510422,9.921175003,-36.00730515,-49.02917862,-19.24943733,28.2768898,-44.85284424,-19.54462814,10.81748772,-42.37994385,6.154801369,-22.78074074,0.482260048,0.035873193,0.119807221,-0.186788544,0.143759817,0.256135821,-0.197875232,-0.27382341,-0.025237037,-0.088184573,-0.286890358,-0.084669597,1
Woman00196.wav,312.929324,835.4210664,417.7105332,748.5871016,752.9236226,630.8179047,-2.724807606,0.13870731,0.000205233,2540.925047,-3.582417992,4.873281122,22.51741815,17.62978554,-17.27269173,-23.89501572,-44.91324234,-13.10935593,-0.995238543,-26.53574753,-0.990166068,34.62685394,-4.512607098,3.790596247,-31.16698265,0.305527449,-0.202879444,0.306998521,0.235945836,0.246509433,-0.094413966,0.204683214,0.130503818,0.074583843,0.017828535,0.049487341,-0.061311603,1
Woman00197.wav,249.8109744,255.6500291,252.7136381,252.7136381,254.1775933,252.8570776,0.176938631,0.13205266,-0.002698525,3099.204621,50.60114759,12.25110838,11.02354045,18.97573471,11.49788666,-0.7385481,-79.75115967,-33.37252045,11.40386581,-6.173910141,-25.10487556,14.75927734,-26.85705948,-12.33572197,-10.71693707,-2.348745823,0.128911048,2.63357234,-1.622698069,2.114507675,-0.655884624,-0.248303115,0.242014334,-1.423417687,2.224579096,-0.632044971,-1.023279786,1
Woman00198.wav,266.1986996,353.286068,297.0769882,347.2168248,349.2282314,328.6315676,0.475372465,0.22534241,-0.00134041,3043.847908,-8.741035824,9.37483864,13.69927101,32.15229034,6.517807007,6.905102253,8.350161552,-39.06414413,1.402618051,-0.906341255,-24.73602486,11.36339569,-17.62071419,-9.747600555,-9.750207901,0.34330225,0.311473668,0.064872891,-0.08481776,0.036677834,0.165473059,0.03029217,0.024334308,-0.03677718,0.011355172,-0.045654017,-0.167820677,1
Woman00199.wav,398.8473955,447.6910645,437.4657865,437.4657865,440,435.4335345,-0.296902993,0.15340155,-0.000591299,2384.344402,8.601907777,5.501266243,24.63725585,38.86698151,5.71749258,-28.27706718,-11.14047432,-26.93563271,3.153734207,-26.28035545,-54.4919281,17.25588608,-32.62174225,0.356214136,-25.30396843,-0.360987991,-0.177963987,0.145521358,-0.092021361,-0.34680599,0.117327116,0.135639265,-0.007888255,-0.058769818,-0.020807551,0.052298881,0.067034386,1
Woman00200.wav,223.8455323,450.2845125,223.8455323,223.8455323,376.4618113,287.4333866,2.264835084,0.13594042,-0.000627602,1993.962712,-1.114378461,7.666933317,16.41977473,94.37535095,-32.22910309,1.439515471,-21.73976135,-15.42798901,18.73480606,18.03618431,-40.8658371,-16.65834236,-10.10603237,-5.350083351,-15.98578548,0.854906082,-0.5018453,-0.251462728,0.538680494,-0.261584342,1.066647172,0.088518716,-0.333395213,0.021458536,0.102604479,-0.246101066,0.413980752,1
Woman00201.wav,220,297.0769882,226.4464921,272.4207993,272.4207993,259.5536366,-0.207002214,0.1734834,-0.000112939,2566.171451,-1.592065979,9.801126751,19.28436308,44.47536469,8.341553688,-13.10075188,-29.94995308,-27.63623238,9.75365448,-23.29076767,-33.00209427,39.79401398,-30.34325981,-3.002256155,-23.08026505,0.146857828,0.070644058,-0.241256177,-0.126666561,0.054457638,0.035479985,0.007569369,-0.049527451,0.431005418,0.077780157,-0.022892026,0.01590238,1
Woman00202.wav,427.4740541,445.1125537,434.946169,437.4657865,440,437.3622638,-0.055442354,0.26416105,-0.000376398,1972.354471,7.83295936,4.509445346,19.03537072,39.1105423,-30.8432579,-26.38883972,-44.67925644,-43.34773254,6.516377449,29.49912071,-42.1818924,9.471893311,-18.92037392,-7.848392487,-25.99417114,-0.188378647,0.310321331,-0.08274024,0.210738152,-0.212186143,0.000912922,0.012694429,-0.18474859,-0.041636847,0.093531333,0.064073868,-0.050573964,1
Woman00203.wav,109.3664466,440,329.6275569,331.5370699,440,332.5240437,-0.782484917,0.2238491,-0.000583208,3078.663528,-3.808050283,11.9151887,19.75176678,28.41383743,13.6144104,-40.24201965,-22.52800941,-35.69996262,-0.374104083,6.440001488,-31.57069778,19.13800049,-4.265515804,-6.248577118,-10.08238411,0.062455591,-0.008481828,-0.532082379,-0.258671314,-0.166738838,-0.205311254,-0.067389578,-0.434406579,0.09235511,0.060891874,0.090924859,0.096807487,1
Woman00204.wav,401.157895,405.8191252,403.481779,403.481779,403.481779,403.6622594,-0.021267543,0.21181156,-0.000604228,2100.620132,-2.10344725,5.203153192,24.17389367,72.52288055,-29.2418499,-18.81099129,-2.762652636,-28.45596695,-5.232723713,6.317164898,-40.91231918,34.89331818,-22.69568825,2.988670826,-33.54237366,0.000202423,-0.113548905,-0.228251189,0.140548572,-0.156192765,0.020963227,-0.182932153,0.045791201,-0.109734498,-0.059199348,-0.011048101,-0.03955033,1
Woman00205.wav,437.4657865,447.6910645,440,440,440,440.1875461,-0.034780381,0.16010912,-0.00056701,4012.611098,-8.001532051,9.114955124,18.74306246,-3.195360422,-2.201632738,-47.42705536,5.846877575,-32.37078857,-0.639539719,-46.53806686,-9.746544838,16.99162292,-40.39365005,-9.165220261,-19.91758728,0.364996046,0.075937785,0.221277922,0.236784339,0.073510982,-0.255269319,-0.134027213,0.22634539,-0.039601624,-0.174647421,-0.105122335,0.205323711,1
Woman00206.wav,,,,,,,,,,,,,,,,,,,,,,,,,,,,,,,,,,,,,,1
Woman00207.wav,205.2672581,442.5488941,434.946169,440,440,398.9065299,-0.026288465,0.22977519,-0.001309726,2552.443465,1.339292887,6.481472339,18.14819529,54.89718628,5.817383766,-4.728196621,-25.34774971,-17.95969963,3.324173927,2.483333349,-24.49671745,25.07819748,-31.81155396,4.661610603,-7.93645668,0.761054635,0.362776518,-0.368522048,-0.057342015,0.133825541,0.875993133,-0.273848891,-0.157588318,0.149451941,-0.049587831,0.221233368,0.130747318,1
Woman00208.wav,394.2662424,445.1125537,434.946169,442.5488941,445.1125537,433.712835,0.274312508,0.36148006,-0.001168966,1948.879018,-2.135583594,4.549102698,29.89999023,43.96198273,1.459686279,-9.934297562,-7.232186317,-23.53486252,-15.81145954,7.148250103,-22.2040844,7.69506216,-22.16946602,-9.202690125,-14.1776619,-0.033448685,0.128305107,0.033154406,-0.031998266,-0.009581857,0.181837693,-0.14493756,0.012462168,-0.046916701,0.013798166,-0.16830571,0.120262064,1
Woman00209.wav,230.404707,231.7394279,230.404707,230.404707,231.4057477,230.849614,,0.1780445,,2451.79759,,10.61809359,16.30587821,23.73633385,-33.9981842,-0.394727379,-31.05300713,-4.507849216,-22.40982246,-39.21463776,-7.735095978,14.32543659,-18.76984215,-18.27112198,-9.432694435,,,,,,,,,,,,,1
Woman00210.wav,365.7446743,458.1553471,401.157895,403.481779,445.1125537,413.1737456,0.048325123,0.13734913,-0.000402499,2123.294262,0.954994758,5.152905783,-9.175498008,52.40645599,-12.20993614,-43.70065308,-30.95059586,-30.61699867,7.423593998,-20.60195541,-24.0263443,-1.622218966,-28.90582275,-8.720965385,-25.06544685,-0.27902022,-0.157868192,0.270335585,0.179908156,0.084916532,-0.134039253,0.164573014,-0.003902984,-0.100768574,0.054842424,-0.065311268,0.041683249,1
Woman00211.wav,195.997718,425.0119847,391.995436,391.995436,394.2662424,375.9364249,-0.318423378,0.18679623,-0.000198564,2246.992476,-2.708556188,6.080474514,18.03041917,57.23332596,-38.41617584,-36.0308876,-39.0763588,-26.68753815,6.767866135,-43.29051971,-20.84927368,13.76853561,-35.38114548,5.526853085,-31.72358704,0.237506047,0.026659513,-0.370940685,-0.21559684,0.109611779,-0.254814237,0.201518819,-0.237946779,-0.285375029,-0.012563225,-0.076683104,0.18080385,1
Woman00212.wav,312.929324,440,342.7344865,410.5345163,429.9503861,396.0578385,-0.426581394,0.247319,-0.00045532,2609.024084,0.881296849,6.671631819,15.78765497,38.78757095,-25.45905685,-11.31412792,-7.995319366,-13.09391117,-2.713593245,-13.32957458,-4.411308289,15.85196686,-18.34157562,-4.038096905,-16.4965992,0.100526266,0.323150337,-0.17723085,-0.012580005,0.066405497,0.054984868,-0.10788884,0.005842036,-0.164819434,0.066554181,0.129294828,-0.058747709,1
Woman00213.wav,222.5562769,280.403338,273.9989169,280.403338,280.403338,275.7658781,0.287299609,0.1677841,-0.000190438,2970.339032,-0.116187117,10.74527792,16.81000345,5.637766361,-21.85692406,0.243232206,-49.81115341,-19.7788887,5.240797997,-12.33873749,-36.42848587,15.28613853,-20.20224762,-4.150540829,-28.79008293,-0.135837018,0.145901591,-0.001374591,-0.233847588,0.060353737,0.259312838,-0.214034766,-0.107536018,0.041374896,-0.04952199,0.046873588,-0.029388107,1
Woman00214.wav,245.5193714,278.7883336,246.9416506,277.182631,277.182631,265.846531,-0.682045984,0.17306803,-0.00283909,3031.901687,-7.853528121,11.39387593,16.01540791,28.9109478,11.28649998,20.55794525,3.91041255,-18.75269127,21.50032234,-21.19855309,-25.12835884,6.187268734,-27.15650368,18.75172615,-22.28637695,0.526627183,0.684776247,3.436557531,2.221537113,1.811607957,-1.589963794,2.714166641,0.999005497,0.399469465,-0.458923697,0.29481101,-0.173680082,1
Woman00215.wav,177.6663167,422.5640958,316.5653876,328.6782994,420.1303057,345.5461002,-0.019175661,0.25390023,-0.000235491,2569.689301,-7.015038658,7.869560906,9.34557522,65.33086395,-29.42608452,5.61108017,-21.27401924,-11.22167397,-10.9275074,-8.516857147,-15.72584534,15.99617004,-22.29705429,-1.093157291,-18.35926819,-0.08241538,-0.413603336,0.193205908,-0.360553056,0.342499673,-0.064982876,0.053547829,-0.057262409,-0.126320764,-0.021918437,-0.108670563,0.254558325,1
Woman00216.wav,341.2518476,429.9503861,385.261189,403.481779,405.8191252,392.6749395,0.990049343,0.07535477,-0.000107376,2042.163847,4.982885435,5.211305283,13.53325792,86.56636047,8.813498497,-31.03797531,-46.89669418,-20.57808685,37.278965,-42.1733284,-21.04345322,22.30558777,-41.50700378,9.795349121,-15.24321365,-0.19678089,0.425598085,0.04701427,-0.159137875,-0.049111694,-0.020624045,-0.039868601,0.141183302,-0.003401082,-0.137528837,-0.054677583,-0.356885612,1
Woman00217.wav,220,367.8634116,222.5562769,359.4613997,364.1647736,303.3278678,-0.372836527,0.24030544,-0.001137564,2519.426637,0.745151169,8.882840403,14.58952019,47.78805923,-22.94636536,-2.467057467,-25.342659,-5.029749393,17.19237328,-14.48119068,-31.48376083,21.20223045,-16.94554138,6.510863304,-20.40483284,0.385121852,0.201458186,-0.285185009,-0.488369524,-0.104614466,0.306170225,-0.059066791,-0.186068311,0.06574256,-0.321745723,0.185162902,0.089407474,1
Woman00218.wav,230.404707,337.3322358,297.0769882,314.7421051,333.4576446,301.2876956,-0.65353378,0.17451766,-0.000969424,3159.248494,5.36730096,10.81962685,11.36753425,30.10152817,-1.49002254,-24.92993164,-24.68894958,-22.00374031,36.37069702,-27.91180229,-24.90098,7.016942024,-34.1280098,-2.304721594,-17.63543892,-0.091253661,0.295284122,0.244051114,0.228386045,0.392822802,-0.219886705,0.126230717,0.005666374,0.108161867,0.181238011,-0.099096775,-0.094462104,1
Woman00219.wav,241.3014955,355.3326334,288.619783,312.929324,314.7421051,303.0710774,0.085516156,0.16613974,-0.000669994,2385.174906,12.68953469,8.063876815,16.33802818,34.52783966,-47.63718414,-20.78935242,-45.00518799,-20.40515327,11.49132156,-27.86775398,-18.57195091,11.15243721,-24.46944046,-2.077199459,-23.1340065,-0.300569773,0.46327427,-0.13464652,-0.093997009,0.140970647,-0.117086984,-0.040047817,0.011182255,-0.157215968,0.025984976,0.075868003,0.11968755,1
Woman00220.wav,422.5640958,442.5488941,440,440,440,439.4100724,-0.101975591,0.27569833,-0.000772328,3159.387582,-1.120899533,7.190930061,24.96555974,-12.60544205,15.24888229,-18.26667786,-19.41316032,-27.8649826,-7.582376003,-2.925161123,4.226326942,-5.143961906,-21.95954514,-12.4411068,-12.58517075,0.389626652,-0.166608006,0.016442396,0.018898889,-0.043383293,0.025330761,-0.251345843,0.212610185,-0.064397119,-0.179265618,0.14507547,0.02606448,1
Woman00221.wav,78.68552628,403.481779,79.1413469,359.4613997,396.5502035,246.6625548,0.582955228,0.13820115,-0.000568731,1683.474836,5.898698874,9.446710393,11.67600919,113.0686874,-30.23651123,-21.9731884,-15.52184963,-40.47317505,-3.00048995,-26.64188194,-29.61691856,-3.809281826,-26.03450394,-11.62603283,-18.5500145,-0.487027645,-0.281874746,0.036802057,0.049417529,-0.266786665,0.055721615,-0.066070534,0.063622765,0.112527132,-0.155820206,0.013917438,0.109891787,1
Woman00222.wav,394.2662424,445.1125537,396.5502035,417.7105332,437.4657865,418.6864118,0.027695947,0.15512377,-0.000258781,2483.454158,-5.357866493,5.953015646,20.6946403,31.35910797,8.008800507,-22.60905266,-29.81259537,-10.41717911,-7.807871342,-22.93600464,-19.79780388,1.809415698,-19.6331768,-6.232142448,-28.76124001,0.38287729,0.20243226,-0.030098952,-0.053107951,-0.180496827,-0.094977453,0.26168564,-0.201938048,0.095200732,0.004248714,0.003329204,-0.02662351,1
Woman00223.wav,136.9994585,378.6426324,137.7930882,345.2170031,369.9944227,265.9594427,0.203475506,0.14414127,-0.000379995,2967.724107,8.150561887,13.39673085,14.33945246,38.30693817,3.399456024,-20.19724655,-42.81257629,-32.1875267,13.67866802,-33.80186081,-20.77843475,22.82582092,-39.98727798,18.74057961,-16.36197662,-0.314110518,-0.1101574,0.308129668,0.136629358,-0.366930306,0.128220081,0.077855848,-0.239625588,0.013261823,0.030128377,0.08510454,0.00289943,1
Woman00224.wav,322.0988531,425.0119847,325.8414615,412.9127185,417.7105332,387.5284683,-0.273169427,0.15467115,-0.0005596,2249.298413,5.273982218,5.978270762,14.84033691,85.75109863,25.13704681,-29.10200882,-19.17568016,-15.4042511,36.05953217,-28.20110703,-8.496427536,29.62268448,-37.88763809,5.47604847,-14.66551495,-0.116680861,0.245653704,-0.203612566,0.19035919,0.01890377,-0.077193819,0.158124939,-0.068434358,-0.023400288,-0.067925707,-0.135685712,0.060380004,1
Woman00225.wav,260.1187129,353.286068,330.5823134,347.2168248,349.2282314,327.1289942,0.156588492,0.11789653,-0.000522979,1463.876762,-1.906297139,4.508923503,4.764242158,70.5962677,8.905639648,-5.839391232,-27.06140327,-28.43023491,20.45597076,-27.28309059,-19.73882866,-0.071451716,-23.78708458,-7.64964056,-17.99991989,-0.202764496,0.000592523,0.276606619,0.050987583,0.032471981,0.050029036,0.18565464,0.003014726,-0.040672336,0.110032752,-0.008109917,0.056933418,1
Woman00226.wav,225.1422562,288.619783,260.1187129,267.740773,273.9989169,266.0481509,0.303025169,0.11289016,-0.000616613,3732.788715,4.739242198,14.00565037,-10.06411561,30.00126457,13.1106348,-0.081365317,34.7709198,-36.41056442,13.38689899,-18.74743652,-14.2022543,-7.973856926,-12.33651257,-18.12825203,-18.49928856,-0.416863292,0.355947107,0.288906634,0.454266608,0.148553416,-0.360576063,0.039373919,0.043168064,-0.057466224,-0.166003808,-0.178422466,0.031525262,1
Woman00227.wav,391.995436,468.8642207,408.7611377,412.9127185,452.8929841,425.67906,0.387522205,0.2302753,-0.001056586,2568.476972,5.07631628,6.018275263,19.21129482,26.55264282,-22.57667542,-16.48808479,-23.47369957,-33.38439941,18.42266655,-23.22903824,-3.966516018,16.01498222,-21.02022171,-12.37980556,-22.20630074,-0.178136483,0.029871291,-0.132816583,0.271334201,0.007391447,-0.17719157,0.022660747,-0.111954838,-0.015726842,-0.074160136,-0.021614922,-0.019675467,1
Woman00228.wav,230.404707,353.286068,245.5193714,333.4576446,349.2282314,302.9859903,0.538551032,0.16714148,-0.000167875,2357.351059,-5.048224622,7.922142544,15.97579919,69.53800964,-14.7130909,-17.48444557,-34.04104996,-5.480433941,8.991092682,-45.20355606,-3.186010599,17.29294395,-29.67552757,-3.621530771,-6.550736904,0.170474529,0.319509119,-0.164795741,-0.10647139,-0.083830886,0.21112974,0.048895612,-0.014557732,0.203061238,-0.165523693,0.03878139,0.267950773,1
Woman00229.wav,369.9944227,420.1303057,403.481779,405.8191252,408.1700115,404.8155726,-0.208816302,0.17742714,-0.001080635,3109.449714,-5.754928301,7.677979605,18.52376788,26.44262314,15.92570972,-16.5740242,-47.69407654,-39.47938919,36.62114334,-19.87852478,-22.32444,42.29339981,-25.49887085,11.28842926,-18.28762436,0.485672563,0.212491468,0.001763308,0.01810226,0.181836784,-0.146327272,0.091641605,-0.306906819,0.132721499,-0.094417684,0.051169984,0.148080885,1
Woman00230.wav,207.6523488,455.5165665,447.6910645,447.6910645,450.2845125,426.0370711,-0.020727681,0.12841998,0.002672174,3141.153283,0.547129982,7.823860151,18.20182191,37.92503357,21.84018898,-21.13041115,-7.928442478,-24.37652397,18.36662674,2.644958973,-32.13631058,26.1019268,-21.35900688,-4.943600655,-30.2866745,-0.83470428,-0.331813186,-0.672394693,-1.207435131,-0.938978493,0.500760078,0.29107064,-0.150183812,0.418943226,-0.673945069,-0.538658142,0.273204178,1
Woman00231.wav,207.6523488,415.3046976,405.8191252,408.1700115,410.5345163,388.4591915,0.205731877,0.16028577,-0.000585695,3114.273745,24.30510503,8.472649118,16.65141185,8.504414558,-21.00103188,-19.93091202,-46.79307175,-12.86944771,26.1111927,-24.65036964,-21.40550613,14.78204155,-10.49045849,6.28471899,-23.58572769,-0.509839177,0.402279884,0.497357935,0.132497028,-0.765376151,0.05617955,0.040041942,-0.450635254,0.250982106,0.39196077,0.488659292,0.035910912,1
Woman00232.wav,248.3721691,333.4576446,267.740773,287.846233,323.9647528,293.3096145,0.447349479,0.13799818,-0.000182715,1859.096906,-0.019053721,6.329581503,19.15112999,63.10951996,-5.587172508,9.084153175,-23.37705994,-25.27459908,24.11571121,-17.08610725,-19.89435959,-1.952388525,-22.20211029,-2.678896666,-10.56969166,0.186243072,-0.079218298,-0.417740047,-0.250213861,0.067198373,-0.071800508,0.001038918,-0.362088621,0.111618914,-0.165066451,-0.018262234,0.07377018,1
Woman00233.wav,389.7377084,432.4410634,422.5640958,425.0119847,427.4740541,422.0078325,0.146575319,0.199658,-0.000881484,2357.857288,0.91870539,5.595115197,18.72696791,36.75542068,-48.33101273,-15.59348488,-75.89974213,17.02508163,27.9853344,-39.3026123,-17.01344109,24.7508812,-35.72576904,23.48301506,-22.30203247,-0.026164718,0.051217366,0.076353796,-0.024051784,0.16624032,-0.042379178,-0.01158917,0.059754174,0.047067661,-0.09528102,0.09368813,-0.082425095,1
Woman00234.wav,254.1775933,278.7883336,258.6205394,263.1411468,263.1411468,263.5108118,-1.108524868,0.15932067,0.000439297,2384.65569,78.41013699,9.085580178,15.48319806,55.78741837,-47.97275543,-18.39452744,-37.20623398,-19.87321854,8.015339851,-30.89975166,2.263563633,20.31196785,-22.51684189,-14.4946909,-27.33803749,-1.432288408,3.887968302,0.806880474,1.512242079,0.54434514,-0.878094614,0.130805135,-0.178600341,0.612018585,-0.698025644,0.077921323,1.477163434,1
Woman00235.wav,,,,,,,,,,,,,,,,,,,,,,,,,,,,,,,,,,,,,,1
Woman00236.wav,32.70319566,389.7377084,264.6655079,277.182631,380.8360868,298.6606969,-1.518601511,0.19929922,-0.000256245,2248.709646,-11.46628613,8.46321677,16.59794251,67.91632843,3.585658073,6.768224239,12.59393597,-23.66108322,13.36444759,-32.80177689,-23.30474854,26.02885056,-27.44984627,3.337705135,-24.07001877,0.252835214,-0.210180789,0.481311709,-0.13276732,-0.013321253,-0.115133159,0.277844071,0.321457744,-0.178344101,0.207039103,-0.038113784,0.147760645,1
Woman00237.wav,325.8414615,408.1700115,353.286068,391.995436,394.2662424,381.0125912,-0.103011153,0.23743169,-0.001923244,2545.742304,-5.455972286,6.735015917,15.01269167,47.81955338,-8.05198288,-13.18103218,-17.17282677,-25.56903458,10.71525955,-14.53092003,-2.971960545,9.143666267,-12.64918995,6.105237484,-22.67899323,0.678355575,0.612276673,-0.085429884,0.021614514,0.021562304,0.023735913,0.132131681,-0.141502246,0.043839373,0.092225477,0.004848381,-0.163991496,1
Woman00238.wav,269.2917795,417.7105332,269.2917795,270.8517709,345.2170031,294.838719,0.57428843,0.15353799,-0.000185138,2886.198274,14.96075826,9.750783098,19.71855236,34.26888275,-4.913976669,-18.40328407,-15.04301643,-4.08551693,16.66506004,-29.38322639,-9.020547867,14.46457195,-14.17015266,-3.267884731,-20.69618225,-0.403092504,0.372140616,0.258271903,0.456117898,-0.137818813,-0.049132787,0.051803529,-0.208381698,0.216864079,0.058592267,-0.096338861,-0.0481789,1
Woman00239.wav,314.7421051,374.2935508,341.2518476,349.2282314,363.63814,348.6703815,0.527844327,0.18576187,0.001422326,3352.712069,4.893082824,9.623676424,10.83283978,45.40115738,1.067247868,-17.60687065,-7.5551548,9.537823677,14.54799175,-35.36032486,-6.212487221,12.83470345,-25.70913887,10.84192085,-23.25978851,-0.763822436,-0.672081292,0.467348099,0.745667279,0.140198171,-0.267923623,0.030011527,-0.209752798,0.182918996,-0.270933539,-0.08634004,0.062903263,1
Woman00240.wav,220,440,220,440,440,351.5015773,-3.52E-15,0.28109476,-0.000602276,3307.947917,10.44154232,10.50510939,23.04211302,-13.29947186,0.454109073,-9.040249825,-16.70848656,-16.62079048,-11.96853065,-8.712423325,-24.39246368,10.46141148,-9.724334717,-6.91339159,-7.689090252,-0.284868002,0.457620382,-0.102105267,0.087151915,0.010969087,-0.160888031,-0.056097835,-0.163741112,-0.073144004,0.089196444,0.007026726,0.03726951,1
Woman00241.wav,335.3893451,398.8473955,372.1377786,396.5502035,396.5502035,385.2567203,-0.313617176,0.27856874,-0.000456727,1919.228688,9.042591033,5.036204203,27.02806704,46.58547211,-14.84314919,-17.60917854,-29.07025719,-39.51747131,19.27556038,-14.76044941,-17.05202484,15.38284492,-0.980020761,-5.480401993,-11.03475094,-0.337962687,0.219877705,0.379475296,0.066033602,-0.219759062,0.057811208,-0.041745093,-0.071831107,-0.099896573,-0.140192077,-0.03602552,0.014943766,1
Woman00242.wav,100.8704448,420.1303057,201.7408895,202.9095626,410.5345163,285.3813844,2.294435459,0.17275757,-0.000664958,2703.412083,5.472896169,10.81129683,14.19648654,54.53031921,-11.13587856,-9.057442665,1.939211249,0.442607939,18.3211422,1.970477939,-1.069535732,14.145257,-29.53962898,3.527630329,-4.402605057,-0.536535382,-0.440172285,-0.564556777,-0.137184963,-0.00496469,-0.049422607,-0.146185756,-0.146194711,0.218946695,0.238651365,0.020361245,-0.021549752,1
Woman00243.wav,273.9989169,300.5288565,293.6647679,295.3659506,298.7979376,294.3031796,0.391500345,0.18073045,-0.000528176,2143.845612,-15.24832479,7.289684352,16.856295,76.13848877,-16.21125793,18.90419388,-25.34774971,-11.88639069,-8.421819687,1.313140273,-30.11133194,27.62743759,-0.1999107,3.783071518,-5.873771667,0.699109197,-0.509161055,0.218946204,0.345865518,-0.097717047,0.095881529,0.426035345,-0.211247116,-0.425537288,0.56910038,0.316118747,-0.074928574,1
Woman00244.wav,227.7582832,380.8360868,311.1269837,312.929324,316.5653876,311.3408603,0.608845384,0.18597552,-3.88E-05,3022.192895,-2.674777596,9.924478192,11.37286752,19.73462105,-51.24095917,0.012179009,-13.24130154,-12.18891811,8.628855705,-25.7647934,1.475297809,2.427087307,-20.9832592,-1.11030376,-3.159837961,0.133586466,-0.07817208,0.05222284,-0.237926617,0.216790915,0.155099705,0.041514207,0.077705644,-0.095687345,0.058739956,0.096029475,-0.044476215,1
Woman00245.wav,295.3659506,387.4929844,298.7979376,302.2698024,347.2168248,319.5564295,-0.180728551,0.16866778,-0.000866926,2049.885195,7.520230306,6.49554315,14.56490073,76.51921844,-38.85039902,-20.93987274,-55.02227402,-18.97993851,25.63792801,-36.61153793,-26.2911911,17.65340233,-34.2976265,-8.683269501,-22.11270523,-0.482249826,0.203477457,0.046002187,-0.118922554,0.19279778,0.105603725,-0.110338859,0.104817286,0.05558636,-0.298509538,-0.000337443,-0.088122606,1
Woman00246.wav,420.1303057,840.2606114,825.8254371,840.2606114,840.2606114,767.7019371,-0.1712992,0.25463918,-0.001436792,1858.611042,-5.168376267,2.634658677,22.98381887,77.09706879,-23.80687141,-27.48297882,-38.67430878,-9.87820816,34.50148392,0.526763856,-23.20311546,55.72992706,-30.74171638,24.17017555,-19.67635918,0.239588514,-0.120059177,-0.306496501,0.346375704,0.205937743,0.000572692,-0.030180698,0.003418803,-0.034079574,0.302003622,-0.191058651,0.141451001,1
Woman00247.wav,408.1700115,429.9503861,420.1303057,425.0119847,427.4740541,422.5607609,-0.435507674,0.23756707,-0.002944813,2624.182158,2.236834878,6.206021112,15.97467326,32.4550705,-33.00514221,-9.80883503,-23.54610634,-1.850168943,2.043315172,-29.21734619,9.476944923,18.58999252,-23.94389343,4.286195278,-24.14754868,0.157458827,0.494370729,-0.510474265,0.414488286,-0.240342006,-1.01153791,-0.812748492,0.395091653,-0.329546213,-0.348037899,-0.343328238,0.12062382,1
Woman00248.wav,335.3893451,859.9007722,337.3322358,412.9127185,816.3400229,559.3451596,-0.516752419,0.2276479,-0.000427025,2222.949448,-8.111620143,4.533499022,20.62427954,55.3041687,-22.01432228,-20.84996796,-30.17830276,-16.6753521,-1.755458593,2.745239019,-20.25741005,43.02770615,-11.58064365,-2.995891333,-16.67128372,0.566547394,0.010539403,0.131800324,-0.233756199,0.054958463,0.08588244,0.061836768,-0.126991332,-0.027820205,0.218778327,0.087559797,0.201516017,1
Woman00249.wav,335.3893451,690.4340061,343.2286994,349.2282314,651.682923,463.488992,0.753470127,0.27478325,-0.000118898,3616.082178,11.13629922,8.683715463,11.80523361,10.7926054,-13.15984631,-8.500652313,-27.42304611,-11.7765646,-0.080743887,-10.33475304,-8.222704887,0.578350186,7.05234766,9.59703064,-1.535559654,0.038071651,-0.064393297,-0.165072471,0.038162131,-0.076787449,0.059370726,-0.041284855,0.21930483,-0.029642075,0.11070931,0.212830871,0.232803866,1
Woman00250.wav,329.6275569,434.946169,348.2254411,363.63814,367.8634116,359.8125372,-0.174604299,0.19508193,-0.000255231,1853.349986,14.80653438,5.162046842,23.56237439,60.2078743,-32.45170975,-31.56722832,-20.36951637,-25.79254723,20.89047623,-28.33800316,-21.68039131,10.7621603,-14.35280991,-21.0813942,1.617330313,-0.862488091,0.064617552,0.208068192,0.21021989,0.057680372,-0.14474605,-0.13566944,0.234779015,0.287923545,-0.155532941,0.09301734,-0.040084105,1
Woman00251.wav,353.286068,398.8473955,361.5437384,363.63814,367.8634116,369.0006903,0.212405224,0.16249807,0.000670284,3370.490465,25.85499588,9.153162482,14.75688271,33.09383392,34.33660889,-2.137176037,-22.69431686,-17.19366837,25.10334396,-9.76112175,-0.834714651,23.35259819,-23.54501152,10.77323055,-14.22734356,-1.031001687,-0.688016236,-1.520053506,0.463957846,0.614159465,0.117277503,-0.406820983,0.341580302,-0.099184081,-0.685283899,-0.708725989,0.296902806,1
Woman00252.wav,298.7979376,410.5345163,322.0988531,408.1700115,410.5345163,374.5857046,-0.340288222,0.21435873,-0.000585837,2448.066532,6.961412938,6.743895877,23.76025644,32.67564774,-7.914223671,-34.8599205,-22.72204399,-30.4695282,4.478024483,-32.87446213,-11.6698122,13.33329201,-24.44791412,-11.03587818,-21.25048447,-0.273530364,-0.057333011,-0.052993257,-0.012532298,0.097037405,-0.157770857,0.034268867,0.037654366,-0.085015208,-0.067314036,-0.056963298,0.029122626,1
Woman00253.wav,309.3350242,611.5640167,317.4849505,333.4576446,394.2662424,355.9450539,-0.159985484,0.14998974,-0.000344415,3625.316244,19.54741144,10.35576793,-3.316115044,18.25432968,-3.467526913,-17.19192886,-29.55076027,-25.64899063,19.04292107,-28.44264793,-5.97291708,22.29998779,-20.01457405,4.901443958,-17.66228867,-0.465860993,0.554264188,-0.376661658,-0.057691883,-0.086639069,0.15180628,-0.105808824,-0.194145918,0.467818171,0.139172599,-0.36153087,-0.265588909,1
Woman00254.wav,255.6500291,420.1303057,263.1543672,415.3046976,417.7105332,364.9965285,-3.876219602,0.18236169,-0.002279068,3866.547023,-5.063527715,11.14438962,14.92273712,10.92110825,21.39112473,-12.10982323,-10.68107986,-45.97283173,19.98907089,-39.96270752,-23.22752762,13.38918781,-22.59613609,-6.729786396,-41.95233154,1.334810972,-0.456237763,-0.290143073,0.842836261,-0.083785355,0.325711012,-0.64204514,-0.238570794,-0.129119024,0.552068472,0.038793758,0.053327069,1
Woman00255.wav,217.4730845,300.5288565,221.274447,286.9574553,295.3659506,269.2785489,-0.631153361,0.14751081,-0.001184607,2393.873391,-9.499080365,9.040925814,20.60529411,45.29788208,0.575606942,32.26713562,-35.1022377,6.740614414,-18.78281784,-11.698699,-25.09822845,18.35780525,-15.33807278,9.777215958,-0.465443194,0.583019078,0.218352512,0.199150145,0.047000859,0.008482057,0.039597727,-0.049755652,0.162242502,-0.07574892,0.01494914,0.075485945,0.15042372,1
Woman00256.wav,210.0651529,304.0208336,260.1187129,283.6614679,286.9574553,272.3787529,-0.604154756,0.16721089,-0.000586901,2807.222144,14.65868847,10.49526381,16.13972669,31.99425888,-7.437107086,9.628320694,-28.42649651,-14.55363655,-9.493284225,-22.10377312,-20.20366287,15.08655357,-31.83652496,4.181902409,-27.21926308,-0.407054543,-0.443248272,-0.608846486,-0.746465802,-0.12667717,0.365399897,-0.396768093,-0.330712914,0.253342628,0.039765313,-0.3420946,0.119891286,1
Woman00257.wav,255.6500291,415.3046976,391.995436,410.5345163,412.9127185,397.7755562,-0.493171758,0.20887862,-9.93E-05,2074.052755,1.43869617,5.275997666,20.84831686,65.77954865,-31.96350098,-17.61831856,-44.22742844,-24.75097656,29.13480949,-5.815604687,-28.47857475,30.83815956,-28.49186516,11.10654831,-10.191082,-0.172079086,0.55075711,-0.03950933,0.246498689,0.164420292,-0.454078048,0.062552355,0.077347599,-0.271864712,0.182902262,-0.097797669,-0.141923741,1
Woman00258.wav,218.7328932,300.5288565,260.1187129,261.6255653,263.1411468,258.3889259,-0.542712165,0.17358443,-0.002584154,2605.205822,17.66904703,10.15032408,17.94682518,44.61423492,-25.95841789,-20.76761436,-20.48742485,-17.36519051,11.20926666,-25.36829376,6.996623516,22.27032661,-32.59140778,-6.219800472,-13.94011211,-0.605657756,0.329150558,0.151337326,-0.095242247,0.214306802,-0.035746634,-0.170574665,0.146398067,-0.158741042,-0.182260618,0.025874138,-0.100682646,1
Woman00259.wav,374.2935508,788.5324849,421.3472008,440,440,474.3691764,0.052749359,0.22668833,-0.001216056,2589.180017,0.963379737,5.727125097,19.33688796,26.06495667,-25.96138191,-29.77934074,-4.342080593,-31.01677704,-13.42643642,-11.13067245,-21.04684258,27.10906982,-28.21671677,-14.62577534,-22.220438,0.049534041,-0.105818205,-0.528816938,-0.156595558,-0.067782238,-0.039016429,0.093645237,-0.138954774,0.262045056,0.236536473,-0.026814161,0.091519333,1
Woman00260.wav,90.909535,275.5861765,182.8723372,183.9317058,272.4207993,205.9216857,0.008701072,0.20307893,-0.000638738,1682.954113,-3.740174911,9.520428014,12.17660742,126.0824814,-14.21541405,13.42567158,-26.43960762,-16.65957069,27.93056107,1.604669213,-37.27035904,34.03026199,-32.82452011,12.527668,-13.48964024,0.377245396,-0.000422751,-0.047032584,-0.047824532,0.073848538,0.319427073,-0.07036569,-0.016238159,0.035498168,0.103179529,0.031270765,0.18952994,1
Woman00261.wav,135.4258855,369.9944227,266.1986996,269.2917795,339.2863816,291.334239,0.358427094,0.19914389,-0.000193218,3025.229913,-3.642582963,10.69477434,15.29736633,38.44530106,11.80083466,-12.52601528,-35.14585114,-19.19413948,18.79442787,-22.50470924,-25.96068764,26.19276047,-11.44864655,10.43740463,-16.45610046,0.007430811,0.049734257,-0.004828674,0.173328549,-0.022212207,-0.086642072,0.003422211,-0.111770973,-0.084236987,0.059648056,-0.098952323,-0.102898695,1
Woman00262.wav,361.5437384,410.5345163,403.481779,405.8191252,405.8191252,404.7681247,0.209715971,0.0784434,-4.63E-05,2121.077083,6.677849894,5.238157816,-75.29020592,53.84083176,0.87667793,-39.54297256,-32.46212006,-20.9631443,13.55251503,-28.82789421,-13.97065544,9.411683083,-9.972177505,-14.9743681,-20.47548103,0.036549859,-0.297137022,-0.496619612,-0.236237898,-0.176142722,0.174633354,0.224886537,0.114248276,0.338014185,-0.014460506,-0.05639822,0.036933586,1
Woman00263.wav,197.1331212,337.3322358,218.417941,293.7431559,305.7820084,271.0981117,-0.391735084,0.16006441,0.000190921,2511.377737,1.994800319,9.594004486,10.30904491,65.38336945,-26.18565369,41.75070572,-24.7207489,-30.13372993,28.92191124,-7.803821087,-4.977973461,-4.541539669,-9.335027695,10.97961807,-14.45731449,-0.038508005,0.283871621,0.024336252,-0.066379979,0.057921719,0.359108835,0.090454519,-0.273213685,0.20671919,0.083434395,-0.040956162,-0.104341075,1
Woman00264.wav,309.3350242,383.0422479,311.1269837,311.1269837,366.2743586,330.8669586,-1.558499299,0.09720049,-0.004924977,1855.547927,-15.13615388,5.56460576,-7.977977039,75.77923584,-7.643197536,-14.94404984,-64.99403381,-38.11623383,25.37987137,-4.131293297,-51.59547043,23.36543846,-19.52064896,4.756446838,5.765036106,-0.785153925,0.352879286,0.796614051,-0.667472005,0.22366643,-0.045449838,-0.942630172,0.368813992,-0.872401178,-0.210268289,-0.1273112,0.731726766,1
Woman00265.wav,198.2751018,249.8109744,213.7370271,218.7328932,220,215.5667066,0.128948857,0.13660802,-0.000654157,2254.618715,-2.470176816,10.52573735,14.15265929,71.72750092,-30.52204514,7.518081665,-52.26724243,-10.2397995,0.687723458,-22.59218597,-50.82941055,37.16701889,-20.7820549,3.414405107,-29.42944145,-0.193897024,-0.255495429,-0.004274796,0.038638256,-0.032141641,-0.311953187,-0.145579144,0.172225654,-0.264125437,0.116429165,-0.156392574,0.046718713,1
Woman00266.wav,181.81907,440,367.8634116,391.995436,440,395.3022977,0.294290264,0.15977529,-0.000202539,2129.8351,-0.043768058,5.547133644,25.09675843,43.03425598,7.089114666,-23.7529335,-27.39671135,-30.59459877,4.081557274,-19.12584686,-28.83838463,12.59351063,-22.52940369,-17.79067993,-13.02246475,-0.101410374,0.196390733,-0.012420434,-0.075614877,0.040915485,0.016232224,-0.025638614,0.112859257,-0.153116643,0.028868401,-0.003734851,-0.05860322,1
Woman00267.wav,322.0988531,337.3322358,325.8414615,335.3893451,335.3893451,332.2440057,-0.163215139,0.12102685,-0.001921303,3781.599512,-32.27546724,11.34410748,11.74233492,-6.304109097,-7.603864193,-14.52173233,-38.56349182,-13.99265289,14.22125149,-34.1182251,-13.70178032,21.85096359,-32.41461182,5.337049007,-10.07566357,1.533462882,-0.056211419,0.211567298,-0.653605103,-0.014661646,0.194352463,-0.173438489,-0.33662802,-0.188720763,-0.095282711,0.370152175,0.031388026,1
Woman00268.wav,227.7582832,275.5861765,258.6205394,273.9989169,273.9989169,263.3839446,0.011982353,0.14095646,1.44E-05,2214.607556,1.917321661,8.448943209,13.86322779,77.03923798,-22.8217659,19.6426487,-39.96166611,-32.39597702,21.49185181,-12.06764507,-50.650177,26.85935402,-21.38684273,2.19990015,-13.45610332,-0.214051872,-0.350948036,-0.226690039,0.158799767,0.128379583,-0.536728144,-0.032789376,0.022611141,0.20042029,0.290727973,-0.369465441,0.04370144,1
Woman00269.wav,210.0651529,403.481779,309.3350242,335.3893451,367.3337273,336.5413051,-0.510609643,0.13188557,-0.000717715,2796.320235,-1.346673511,8.166137813,15.08510816,60.52329254,20.78768539,-13.67442989,-26.59544754,-5.436838627,21.85327721,-21.33720779,-17.27230072,33.06575012,-10.67966747,11.09335136,-10.52304649,0.079657391,0.04944833,0.171255901,0.360161215,0.370720506,-0.124935299,-0.095834389,-0.201543853,0.255115718,0.318667263,-0.165171057,0.370891303,1
Woman00270.wav,437.4657865,442.5488941,440,440,440,439.6333991,0.02169995,0.14105612,-0.002967471,3864.5908,25.0517197,8.789603449,6.379585956,-40.31461716,4.205422878,-34.41173553,-42.52896118,-19.72831726,-0.916517079,-24.49573326,-3.0731318,21.96631241,-44.73062134,-10.60543442,-14.67965984,-0.078143932,0.461875468,0.085541338,0.231694445,0.165093675,-0.311517775,-0.004157954,0.214304522,-0.26972875,0.063249685,0.045759112,0.020080121,1
Woman00271.wav,290.2917404,455.5165665,325.8414615,327.7290419,437.4657865,367.3032416,-0.373325133,0.19966511,3.68E-05,2696.057496,-21.54763197,7.543454997,19.46979045,35.205513,2.274223566,-26.99429321,-37.9371376,-43.38237762,0.86433804,-10.86713886,-22.50189972,11.94416904,-31.55116081,-5.830332279,-8.442032814,1.840251207,0.018270388,-0.164974436,0.412302703,0.569960177,-0.219870806,-0.105406158,-0.133642003,-0.547123194,0.328868777,0.047304176,0.017453799,1
Woman00272.wav,241.3014955,293.6647679,244.1052839,270.8517709,270.8517709,263.184483,0.281706886,0.1273245,-0.000478815,2609.884557,2.276375388,9.950127189,16.334999,53.09711456,5.804377079,-3.886734247,-26.55100441,-25.91150475,7.462105274,-12.69851208,-32.77763367,31.24193573,-27.11787605,-11.90755749,-8.416985512,0.00309248,-0.155423373,0.299463063,0.206095144,0.025775507,-0.280186087,0.213827223,-0.03657062,0.055812217,-0.106660023,0.103813723,0.039934564,1
Woman00273.wav,357.3910544,394.2662424,365.7446743,387.4929844,389.7377084,378.9605359,-0.479763999,0.09560637,-0.001267703,3712.889816,-6.933193157,9.776563547,14.29519918,23.16119957,28.10622787,-41.23427582,-33.04347992,-23.42260742,18.70791817,-53.84312057,7.835098743,14.07021618,-21.65062141,3.263576269,-27.3237648,0.457050294,-0.007648043,-0.310805202,0.485939473,0.562727153,-0.224630713,0.302449137,-0.176229775,0.127549723,-0.062371731,-0.169158131,0.034225762,1
Woman00274.wav,258.6205394,345.2170031,301.3993295,325.8414615,337.3322358,320.1524526,0.682455461,0.16694297,-0.001097893,2185.267879,-3.527649554,6.848619785,8.335853354,66.91731262,-16.77973557,3.673716784,-21.66892052,-30.86367607,0.901044428,-27.65234375,-18.01250267,11.42570496,-18.59788322,5.260313034,-18.16795921,-0.111619987,0.24540408,-0.157206208,0.10438294,-0.459962487,-0.085607067,0.068138607,-0.543811619,-0.208924875,-0.008731415,-0.093581229,-0.062397745,1
Woman00275.wav,311.1269837,374.2935508,351.25129,363.63814,369.9944227,357.4652848,0.521540524,0.16746971,-0.001476506,2941.968282,3.150675563,8.243549161,15.44220206,40.04148483,4.387122631,-2.503094435,-20.53671265,10.93127441,27.00849915,-2.794014692,-11.81970406,35.37726212,-33.42113495,6.188344479,-2.873547792,0.175893039,-0.123799644,-0.075705193,0.326831877,-0.073782638,0.037237085,-0.208825096,0.081022441,0.241289213,0.072290443,0.08448416,-0.135582104,1
Woman00276.wav,206.4563593,408.1700115,206.4563593,223.8455323,403.481779,292.3354985,-1.491632606,0.19258256,-0.000231343,1563.554009,-5.853694884,5.563035653,22.01915637,81.75800323,8.476792336,18.35678673,-1.418085456,-33.22942352,-0.104030088,-17.70913315,-20.22164536,-4.977332592,-32.98271179,11.35230446,-30.98532677,-0.176680237,0.28977856,0.973748147,0.398051143,-0.17526035,-0.479505241,0.138332382,0.242966443,-0.223619998,-0.029325373,0.108709246,0.021257924,1
Woman00277.wav,337.3322358,440,408.1700115,410.5345163,425.0119847,414.9528603,0.156821131,0.18327172,-0.00015698,2452.886656,3.510785312,5.879197288,20.72378418,40.49565506,-23.86031151,-34.67174911,-32.0291481,-29.28235245,16.39203262,-50.55184174,2.739905357,10.94559669,-22.75347519,2.504153728,-35.17704773,-0.448598027,-0.529737413,0.16636993,-0.039366432,0.079799533,0.115869828,-0.199131966,-0.104697935,0.077997811,-0.169705093,0.023886772,0.025112683,1
Woman00278.wav,,,,,,,,,,,,,,,,,,,,,,,,,,,,,,,,,,,,,,1
Woman00279.wav,349.2282314,408.1700115,357.3910544,403.481779,405.8191252,389.790377,0.234111777,0.21616358,-0.0005465,3429.620273,-6.341635442,8.836105879,15.04645247,4.202657223,-7.173937321,-17.19446754,-54.73763657,-19.24937248,16.04121017,-21.28005409,-26.26530266,31.69049454,-22.53376961,23.84164619,-19.23984146,1.468865275,0.439320892,-0.326846123,-0.177789912,0.467937917,0.235073447,0.446982205,0.053202335,-0.111450829,-0.381709248,0.193882644,-0.15340282,1
Woman00280.wav,365.7446743,1832.621388,369.9944227,372.1377786,394.2662424,602.6034267,-1.312477552,0.10275246,-0.001274111,1721.574239,-0.1973913,3.973685714,-3.130281215,90.81085205,-27.91179848,1.712893724,-37.39691162,8.485945702,15.02025986,-28.32081413,-7.432246685,25.81719017,-12.87788868,-0.728604138,-15.83318138,0.185430616,0.201580927,0.105083063,0.884379208,0.981825769,-0.076105617,-0.159187675,0.198124528,0.055432942,0.339240134,-0.26396206,-0.021906948,1
Woman00281.wav,,,,,,,,,,,,,,,,,,,,,,,,,,,,,,,,,,,,,,1
Woman00282.wav,401.157895,427.4740541,401.157895,401.157895,401.157895,401.9097852,3.02E-15,0.22447369,-0.001380249,4798.317105,-0.055965558,11.93662744,10.97788963,-12.15042782,56.26418304,-10.05340099,-25.07530212,16.59205627,-25.80481148,15.8123188,-23.6179409,-4.268407345,-1.887381196,-8.209030151,-10.54255199,-0.209829882,0.055275604,0.382508636,-0.137265712,-0.367176652,0.434503138,0.074502416,-0.316675127,-0.052808631,-0.059403978,-0.016499802,0.277275562,1
Woman00283.wav,220,318.3992322,297.0769882,314.7421051,316.5653876,296.7378379,-1.075888576,0.18347603,-8.42E-05,3081.060777,9.425708796,10.56227013,14.13289406,24.09280968,-3.368155003,-34.57735443,-51.14530182,-12.04525948,12.46371174,-36.98308563,-17.59631729,9.181516647,-34.06038284,6.971951962,-22.73248863,-0.295368403,-0.238178641,0.412474692,0.09357737,-0.315863132,-0.505601525,0.214823797,0.204952598,0.021880586,0.28340283,0.142570764,-0.147837162,1
Woman00284.wav,316.5653876,327.7290419,320.2437002,320.2437002,320.2437002,320.2353994,0.034371035,0.22772036,-0.000790169,4038.231799,-7.155247979,12.61242026,12.68521977,-15.45225143,-4.408222198,-2.299705029,-39.06314087,7.375864983,33.81386185,5.290633678,-12.89627743,25.27339935,-24.11004829,4.420371056,5.461070538,0.582205892,-0.00987901,0.075222023,-0.054531775,0.023096507,-0.007321896,-0.164297909,-0.068709619,0.038073543,-0.089099213,-0.120912969,-0.120201916,1
Woman00285.wav,242.6993409,425.0119847,323.9647528,349.2282314,351.25129,335.7004501,0.571069862,0.14917523,-0.000254367,2885.150021,23.68039323,8.611853245,11.98826677,18.24758339,-14.92489243,2.860302687,-17.38959122,-23.71681786,-2.973054886,-29.9759407,-8.102887154,12.50000191,-19.34647942,1.959277987,-24.09386635,-1.215188026,0.328132749,0.390927643,0.207715407,0.012111044,-0.11196623,0.036217317,0.110660963,-0.257584572,-0.096571751,0.00785503,-0.084744968,1
Woman00286.wav,32.70319566,442.5488941,369.9944227,410.5345163,413.5107133,375.0718709,1.872825248,0.14685473,-5.55E-05,2265.468273,15.50381516,5.925574074,5.534548904,56.7415123,34.63317108,-3.800926447,-36.824543,-1.965557814,7.017919064,6.13702774,-19.01662827,14.52514076,-13.16224194,0.534379601,-9.879281998,-0.235161692,-0.28580606,-0.192689285,-0.700652599,-0.289892912,-0.260109276,-0.081258193,-0.355587333,-0.113591179,-0.177809551,-0.178086042,-0.108097099,1
Woman00287.wav,458.1553471,526.2822936,460.809414,508.3551866,511.3000583,489.5273777,-0.619826445,0.15254927,0.000352913,3792.667119,-8.815792729,7.751220676,16.96982654,-9.859467506,7.146130562,-27.31466103,-18.05208778,-4.600028515,27.08795547,-17.78087234,-3.675208807,5.932052135,-16.03850937,-5.184635639,4.358090401,0.576461196,-0.181984067,0.644842684,-0.243142664,0.033946723,0.204016373,0.169391513,0.08485397,0.101765387,0.044302277,-0.219353661,-0.38504532,1
Woman00288.wav,363.63814,425.0119847,410.5345163,412.9127185,412.9127185,404.780667,-0.267610388,0.20732194,0.000204921,1696.411396,0.525416307,4.180749095,24.52201857,63.9467659,-24.72902107,-7.928153038,-24.93421936,-19.29203415,11.54985428,-38.92785645,-10.34420013,18.14277077,-32.01274109,-9.666242599,-28.75177574,0.138607964,0.2656084,-0.195576668,-0.173955262,0.153901875,0.160325363,0.199673206,0.015363218,-0.090928942,0.132652089,0.147856683,-0.00700389,1
Woman00289.wav,408.1700115,442.5488941,434.946169,440,440,436.0574213,0.148742976,0.10175416,-0.000599513,1392.397761,-3.589026544,3.201182926,-20.28999526,54.29922104,-19.41001892,-34.53278351,-30.4493885,-22.7944603,-6.930088043,-18.53247833,-7.646263123,-0.285495579,-18.35967636,-15.88984585,-16.77148628,-0.104986735,0.086936042,0.194663599,0.063148715,0.045460511,-0.057129838,0.104828827,-0.010595948,-0.068727911,0.037794549,-0.078539319,0.170231327,1
Woman00290.wav,401.157895,403.481779,401.157895,403.481779,403.481779,402.4380006,-0.004595251,0.21975973,-0.000505916,2918.279988,0.226409715,7.251617442,19.66330696,26.5167141,4.067146301,5.74461174,-50.97086716,-18.97254753,22.14512062,7.400374889,-28.91213989,30.51932716,-31.67245865,15.06933689,-22.55776215,0.137651905,0.026619572,0.05458213,0.30360797,-0.058669489,-0.006103459,-0.068872482,0.007953838,0.073549025,-0.183493614,-0.005174397,0.066378661,1
Woman00291.wav,244.1052839,325.8414615,257.875767,264.6655079,325.8414615,286.6698405,0.024935747,0.20844524,-0.001705089,2727.203093,-69.38437813,9.365818696,12.05012932,41.99856949,-3.772016764,-7.989151478,-33.80194092,-11.53814983,0.519193232,-7.984436989,-23.01004601,4.956215858,-13.491992,-1.808523536,-20.42678833,3.506159544,0.854321897,-0.870384514,0.065987214,-0.761065245,-0.225696117,-0.042542115,-0.557990134,-1.557143927,0.396650791,-0.471544504,0.350434482,1
Woman00292.wav,304.0208336,422.5640958,385.261189,403.481779,417.7105332,395.9124401,1.499625623,0.17015919,-0.000557937,3384.485343,9.681841538,8.582776755,12.83788019,13.95998001,-2.029922009,-23.9693718,-51.52236557,-13.59077358,23.1518383,-29.86793518,-28.78543472,9.187595367,-23.35164642,3.523660183,-24.72104836,-0.506519377,0.11633227,0.244939551,0.2810269,0.284319639,-0.042501941,-0.080662102,0.040757671,0.067521095,-0.236809537,0.072895162,0.195583507,1
Woman00293.wav,343.2286994,468.8642207,347.2168248,408.1700115,460.809414,400.7277154,0.876130498,0.18920451,3.70E-05,3372.269207,7.799290332,8.476000176,15.73129444,12.10676861,-12.45417976,-20.12894058,-28.99983215,-23.82251549,31.39414597,-27.9170723,-8.926408768,9.791874886,-35.62603378,1.123785853,-17.20989037,-0.161813244,0.253290385,-0.107336849,0.290347397,-0.436319709,-0.272673368,-0.130960226,-0.098381832,-0.31266582,-0.078002878,-0.027065966,-0.208338961,1
Woman00294.wav,244.1052839,251.2581146,245.5193714,245.5193714,249.8109744,246.9172137,0.018556439,0.18016724,-0.000252361,2789.963803,4.418534449,11.29235623,20.00501275,49.00938797,24.66687012,-22.09176064,-14.45141315,-42.42134857,18.39651489,-11.52733994,-50.37102509,46.42392349,-24.25559425,-12.28746319,-5.490228176,-0.145107552,0.094947793,0.106833205,0.000103376,0.242739156,-0.016896483,0.054225728,0.076167114,-0.035425279,0.10124512,0.087684445,0.194132626,1
Woman00295.wav,415.3046976,442.5488941,440,440,440,438.0353321,0.12664235,0.2359054,-0.000647182,1722.941613,-5.076128249,3.938646194,30.26329595,38.19841385,-0.189332977,-15.23512459,-32.05963135,-55.36381149,18.53059006,-18.92220879,-35.70751953,10.79743195,-30.41933632,-10.01169872,-28.15490913,0.127483785,-0.131338462,0.083739251,0.232941315,-0.085088305,-0.126713261,0.082018346,-0.053341374,0.101278253,0.049234662,-0.273361325,0.151849911,1
Woman00296.wav,327.7290419,335.3893451,329.6275569,333.4576446,333.4576446,332.1041591,-0.270080573,0.19825083,-0.002318635,1840.946803,-113.2344488,5.538061507,23.93283867,36.17402267,13.99598694,47.34706116,24.11103821,-49.08044434,-16.04434013,12.39490604,-37.87414932,-6.657361507,-44.75010681,-7.182460308,-15.54090595,3.309287786,-1.156000972,1.413562775,-0.396304488,0.155549571,-0.974046886,0.173109889,-0.072028883,0.014263362,-0.0089967,0.351894617,-0.091869384,1
Woman00297.wav,235.7901618,343.2286994,245.5193714,311.1269837,312.929324,286.1085548,-0.715939511,0.17664555,3.74E-05,2262.672536,-8.253092849,8.095733059,20.54051462,51.20663071,-30.57273293,-27.07645607,-12.6718874,-45.1856842,23.25985527,-23.91034698,-17.66544724,21.61450386,-23.73086357,-7.822698593,-17.78111839,0.127619952,0.095235124,0.26421541,-0.318168014,0.020465754,-0.264946759,-0.016845996,-0.152327433,0.400433809,0.00180722,0.015539229,0.055081144,1
Woman00298.wav,735.7268233,774.9859688,739.9888454,750.7553621,766.0844957,753.3031489,-0.689604578,0.15115415,-0.00245296,1856.484414,-30.02155673,2.456455968,20.86227447,74.89312744,12.18872738,19.96723175,-30.50104523,-10.02941513,-6.263593674,-1.769835591,26.8537178,67.50656128,2.816950798,33.81410217,-5.040152073,1.057164788,1.319325447,-0.365284055,-0.072105736,0.211993068,0.132940948,0.287222534,0.269913822,-0.167411998,0.279176831,-0.089192219,0.129393816,1
Woman00299.wav,264.6655079,273.9989169,267.740773,269.2917795,272.4207993,269.6410004,0.019577435,0.16911796,-0.000467476,1291.996775,3.525252285,4.791227008,21.74992642,111.7705841,2.472114325,-6.954850674,-8.789852142,1.543422818,32.06740952,-14.90939713,-21.57177925,34.76599884,-12.19310379,-16.78956413,-21.56079865,-0.144552708,-0.089259118,0.178259715,-0.195456833,-0.145823985,0.112731583,-0.152151138,-0.066444151,0.219250336,0.188480526,0.029545801,-0.017458461,1
Woman00300.wav,32.70319566,369.9944227,361.5437384,365.7446743,365.7446743,341.0905234,-0.718688839,0.08004782,-0.001927306,2449.668804,-17.27552499,7.277941575,-89.99961018,27.3250618,10.48124504,-1.161916018,-17.17464066,-10.29489326,19.39954376,-23.45480919,-10.13357925,22.24913597,-8.429458618,12.38442612,-17.71704483,0.078488655,0.227376372,0.394432247,0.41730997,0.395580143,0.070793934,0.327778667,0.365585566,-0.095633559,-0.015042463,0.003662415,0.506469309,1
Woman00301.wav,230.404707,466.1637615,463.4788558,466.1637615,466.1637615,440.0435867,-1.065946606,0.23676899,-0.000560963,1678.432903,5.105637799,3.990961101,28.16769146,53.61452866,18.38082695,-19.06060028,-27.53196907,-35.71421051,9.224140167,-12.21371365,-24.33823204,-1.444577098,-30.20228958,1.841705799,-18.36218643,-0.064459711,-0.007188021,0.162371784,-0.07788118,-0.140291974,-0.022625491,0.009772696,0.017242143,0.071636431,0.084216587,0.169421777,0.025593985,1
Woman00302.wav,273.9989169,331.5370699,293.6647679,318.3992322,329.6275569,312.1420084,-0.388214473,0.17021999,-0.001005921,3770.923202,-8.333984793,12.14571681,13.10778713,-13.97293186,10.9655838,-13.59702396,-30.52104187,-26.00717163,7.080984116,-25.71335793,-28.58817101,20.42893028,-15.51655674,19.75021362,-22.34887314,0.902006626,-0.110232964,-0.235794634,0.240630284,0.175188065,0.125787288,-0.21711421,-0.356849998,0.146860838,0.085022949,0.290540308,-0.013832505,1
Woman00303.wav,297.0769882,850.0239695,369.9944227,369.9944227,374.2935508,439.3441347,0.360783831,0.22881804,-0.000734758,2825.550164,3.285103107,7.175772538,20.87900166,22.07116699,-17.97421265,-14.32635212,-11.35039997,-28.40565681,-4.109138966,-18.68394661,1.582802773,21.50563049,-20.07406044,-6.746591568,-13.57873535,-0.12098141,-0.211474851,-0.004764439,-0.215831071,0.299645513,-0.092944391,-0.138823494,-0.246325374,-0.086448066,-0.065121271,-0.047993049,0.270589679,1
Woman00304.wav,331.5370699,335.3893451,331.5370699,333.4576446,333.4576446,333.0496344,0.009001872,0.2606023,-0.001556839,3475.025881,-11.02041231,10.43382329,22.72117728,-36.39611053,-20.88887787,-24.03761482,-37.9803772,-22.48859024,18.09192085,-13.51390076,-9.222140312,3.023801565,-25.37349701,-12.92229652,-10.75975704,0.534834206,-0.168573529,0.027879784,-0.172518045,0.017833944,-0.024339493,0.016904732,-0.098595299,-0.068272159,-0.075898059,-0.029487498,-0.132013112,1
Woman00305.wav,124.1860845,401.157895,369.9944227,396.5502035,396.5502035,326.532866,0.267001311,0.1362405,-0.00035784,1811.763989,1.465501833,6.366626792,16.31836607,84.46559143,-23.51471138,5.407283306,-42.58239746,-16.74308395,9.850844383,-15.73206806,-46.254879,19.58564758,-31.50681686,3.22408843,-22.20065117,0.140565023,0.473973811,0.658261538,0.155369803,-0.032761212,-0.100278556,-0.043801837,-0.210240692,0.254225373,-0.10908705,0.054073568,-0.035052903,1
Woman00306.wav,32.70319566,422.5640958,360.0091437,415.3046976,420.1303057,341.7266029,0.635300089,0.18196203,-2.85E-05,2268.792862,15.48856922,7.436169526,10.14110797,67.68157196,0.874059141,5.229214668,-6.94171381,-16.62475967,32.4767189,-8.700561523,1.508611083,17.79465866,-9.995117188,8.24596405,-19.7195797,-0.590574443,-0.528450608,-0.257149398,-0.228944302,-0.522000968,0.009021385,-0.292938828,0.010855168,0.1571365,-0.205732405,0.052114751,-0.183733523,1
Woman00307.wav,383.0422479,427.4740541,405.8191252,422.5640958,425.0119847,416.3152674,-0.075558392,0.21280164,-0.001211878,2815.148799,-0.883726114,6.773263012,14.79489953,37.80332565,-15.56302166,-27.60993576,-36.86518097,-20.73783112,22.00729942,-27.11496925,-20.63980103,12.86539745,-24.75640106,-10.02964115,-32.30470276,-0.144317254,0.402972043,-0.079630338,-0.344673663,0.051870484,0.19987765,-0.080920123,-0.169351622,-0.084151708,-0.033076547,0.165857777,0.030237818,1
Woman00308.wav,,,,,,,,,,,,,,,,,,,,,,,,,,,,,,,,,,,,,,1
Woman00309.wav,367.8634116,520.2374259,380.8360868,385.261189,391.995436,407.9381967,-0.063282086,0.23050031,8.85E-05,3099.2162,-6.004034803,7.749770542,19.93962854,17.59967422,17.97205734,-1.798498273,-11.05841923,-28.89910126,6.86111021,-25.60817909,-22.27494812,11.31390381,-23.34466934,9.727080345,-14.53318214,0.520210505,0.405331731,-0.344823122,-0.249347404,0.207397655,0.311976045,-0.080127671,-0.069577999,0.054851342,0.135325685,-0.182446286,-0.206361011,1
Woman00310.wav,405.8191252,410.5345163,406.9945683,408.1700115,410.5345163,408.3231114,-0.029758054,0.15062974,-0.00232985,2992.519522,-19.95307775,7.322893517,-18.85939701,8.720880508,-5.708959103,-17.14571953,-29.25121689,-17.66504097,21.13063431,-7.630432129,-20.55240631,18.56287956,-14.38908577,-1.98220396,-14.51163578,0.433390081,-0.034879077,-0.289521188,0.172020182,0.363470495,-0.344632536,0.08627978,0.224761412,-0.296155989,0.286542505,-0.180515841,0.138387263,1
Woman00311.wav,122.7596857,557.5766672,241.3014955,242.6993409,244.1052839,242.4168173,0.018808824,0.19266434,-0.000607028,2695.559583,8.399315078,11.46537775,16.13654094,42.90814209,16.55038834,31.13353729,17.19691277,-45.24059677,13.58969879,-11.09019756,-28.74566269,3.184462786,-32.98870087,-7.341536999,-33.0202179,-0.329397827,0.236235261,0.048769727,0.170282334,0.01630426,-0.238000914,0.117704302,-0.097333856,-0.18028909,0.180269748,0.099675402,0.282256603,1
Woman00312.wav,547.9978338,761.6721737,622.2539674,625.858648,625.858648,621.818478,1.936486292,0.25442594,0.000745272,2180.217784,9.555144519,3.50800888,21.33833109,48.67596436,-36.0578537,29.91570663,-57.4948349,-8.624279022,-2.736107826,-30.73687363,-11.90936184,7.512770653,8.337713242,42.60717392,29.98545647,-0.21001333,-0.334163934,-0.47500217,0.40362981,-0.029189944,-0.185077101,0.057225812,-0.063972123,0.006859612,0.273239464,-0.085837305,-0.513690352,1
Woman00313.wav,248.3721691,275.5861765,248.7318704,249.8109744,272.4207993,258.0789309,-0.094728287,0.21145388,3.31E-05,2842.983797,4.690640027,11.07763683,17.3398781,18.93679428,-16.07847214,1.869291306,-33.25204086,-28.18154335,16.57080269,-10.38279915,-26.97383118,38.36996078,-21.49342346,-20.83178902,-7.27267313,-0.270255029,-0.115999937,0.116350032,-0.010812433,0.084052689,-0.234881639,-0.188835084,0.144811556,0.069676213,-0.045787092,0.03644263,-0.020214912,1
Woman00314.wav,329.6275569,830.6093952,369.9944227,816.3400229,821.0690326,636.4176044,0.410624185,0.19474328,8.03E-05,2498.015246,-1.017689357,4.528645676,25.17248981,29.68532944,12.09048271,-41.95866394,-36.50746155,-26.12273598,16.24243164,-14.76490307,-7.874028206,10.60900402,-16.46832275,1.835268855,-27.80194092,0.317300767,-0.064643137,-0.937721074,0.073807321,-0.388495713,0.221723884,-0.159227312,0.07827469,0.472798437,0.176821098,-0.394204706,-0.118600786,1
Woman00315.wav,194.8688542,286.9574553,218.7328932,221.274447,244.1052839,231.2219461,-0.339275027,0.14382601,-3.88E-05,3342.558862,-3.65485778,14.5572992,15.52015675,45.37504578,32.64728546,-6.556999207,21.69829941,-8.921298027,-16.71966934,9.649068832,-30.81011963,17.04484177,-14.29743481,-13.61661625,-12.13130188,0.083515033,0.276666373,0.213075861,0.262081683,0.158603162,-0.149495587,0.087376684,0.029453631,-0.142294645,0.023802737,-0.012219114,0.112668067,1
Woman00316.wav,220,285.304702,245.5193714,246.9416506,249.8109744,245.7122262,-0.209569293,0.2406309,-0.00062197,3022.61061,-4.105464619,12.26919645,13.95964287,21.25056458,-16.50687027,-8.759489059,-38.73606873,-26.01193237,19.01326942,-9.566228867,-33.17491913,10.01385593,-18.88343048,-2.717456579,-11.52736664,0.12672551,0.108764395,0.364425242,0.095996886,-0.297578454,-0.05053379,-0.019926662,0.054676268,-0.055046204,-0.163863301,0.015949104,0.089938998,1
Woman00317.wav,204.0850057,285.304702,266.1986996,267.740773,275.5861765,270.5162526,0.114977253,0.13172919,0.000708309,1877.406394,-1.975924883,6.937761647,15.89785604,89.28666687,33.22602844,9.680559158,-28.27409935,1.386455059,2.770519018,12.77041149,-44.78643799,36.9941864,-16.65283966,3.678979874,-10.26636887,0.229382172,-0.03538882,0.256840289,0.386196047,-0.22760056,0.002024195,0.208689898,0.023660984,0.182361335,-0.006059159,-0.00051313,-0.126630798,1
Woman00318.wav,166.7288223,412.9127185,367.8634116,401.157895,408.1700115,378.4474732,0.93736754,0.19910903,-0.000559818,2586.038339,4.903482772,6.87588266,14.88753004,58.26299667,14.41085148,-11.71258736,-2.159183264,-5.99070549,16.25726318,-1.464735746,-23.34657097,23.87993622,-9.363420486,-9.349170685,-12.71701908,-0.291780114,0.176378772,0.28763172,-0.044976976,0.00921156,-0.103414811,0.273700297,0.114112519,0.028861901,0.126270965,-0.121320337,0.219997406,1
Woman00319.wav,174.6141157,275.5861765,202.9095626,249.0915717,273.9989169,241.2140609,-0.403627428,0.14871883,-3.31E-05,2381.163019,26.8044578,9.973358126,11.39516654,89.66723633,-2.651870251,-0.532925427,-14.93334484,-21.68486595,22.38039207,-2.490486145,-46.16790009,43.56280518,-14.61723328,3.364258289,-23.1012249,-1.530488729,0.437897295,-0.26552552,0.345082104,0.523790359,0.833490968,0.115128443,-0.158608004,-0.788326383,0.480991036,-0.13101238,0.200901031,1
Woman00320.wav,277.182631,415.3046976,340.2691146,349.2282314,392.6495601,358.960151,1.424197983,0.091166206,-0.00124109,3226.261137,-2.745151714,9.003798837,-10.69102194,29.11773491,-14.39947701,-10.86244011,-34.1774292,-11.36526871,5.801661491,-27.88265419,-17.59329224,8.382453918,-12.98018837,3.937650204,-23.07872963,0.072472073,-0.441982746,-0.046762273,1.484017611,0.583171725,-0.718142927,0.557199061,0.223472521,0.268354148,0.178398237,-0.239669055,0.755510509,1
Woman00321.wav,307.5533855,420.1303057,329.6275569,365.7446743,372.1377786,356.3934724,0.686938052,0.18900187,-0.000671545,2706.051651,6.879909387,7.664382934,21.2569441,21.27091026,10.05725193,-7.186474323,-21.43569946,-31.99098015,22.46289635,-32.41166687,-25.61493111,11.07427692,-27.19911194,1.383274436,-27.79776955,-0.301162481,0.012363605,-0.255379617,-0.0856793,0.31406194,-0.196317241,0.022139046,0.021431111,0.242098466,-0.208814353,-0.035251115,0.07841929,1
Woman00322.wav,429.9503861,493.8833013,440,491.0387428,493.8833013,472.9318518,0.01658059,0.1935586,-0.000761024,2031.118725,-0.945344849,4.297810524,26.04505572,36.6926651,1.602285624,15.85101032,-29.5832653,-22.80398369,-4.173639774,-5.308007717,-22.84010315,-8.899111748,-18.72891235,-10.00883293,-7.946060658,-0.106835715,0.145770073,0.276871294,0.021377075,-0.07598348,0.03883221,-0.024842694,-0.028148251,-0.36332193,-0.018453462,0.168935657,0.00466247,1
Woman00323.wav,425.0119847,442.5488941,440,440,440,438.8914168,-0.063190355,0.274179,-0.000848225,3567.933098,9.904877439,8.136142346,19.03133238,15.9345665,38.66793442,-7.97884655,4.568046093,-19.7325573,18.01045036,0.81571579,-28.93611908,30.08296394,-26.2073307,2.281488657,-14.04423428,-0.072587207,0.230220228,-0.122463971,-0.111952871,-0.124604203,0.195946276,-0.033899374,0.111963838,0.065873273,0.006041074,0.130502045,0.010140568,1
Woman00324.wav,285.304702,557.5766672,367.8634116,372.1377786,442.5488941,397.6750483,0.987258464,0.22091457,0.000470921,2580.213787,0.47580322,6.593015566,17.87620877,53.610672,4.842684269,-21.70798492,-5.680068493,-28.5507431,9.581360817,-6.439721107,-19.45425034,24.28957748,-22.38741302,-3.868246078,0.124161519,-0.052140273,0.211284205,-0.461077839,-0.423825294,0.16777879,0.074226663,-0.08505328,0.087052196,-0.001208154,0.036220312,-0.076221913,-0.040042575,1
Woman00325.wav,230.404707,263.1411468,231.7394279,233.0818808,234.4321104,238.041874,-0.197576195,0.21857867,-5.55E-05,1705.476559,-0.219534108,7.187814685,26.37985162,90.71096039,79.58920288,1.107245326,21.39284515,-12.03898048,37.93846893,-30.53224373,-33.68536758,4.707968235,-22.58899498,17.99497032,-29.98702812,-0.013199324,0.115743257,-0.030502126,0.020108689,-0.003702227,-0.046227716,-0.178735793,0.023212703,-0.040903497,0.07622309,0.017417025,-0.10566856,1
Woman00326.wav,353.286068,420.1303057,374.2935508,376.4618113,396.5502035,385.963382,-0.280308711,0.28593296,-0.000986473,2405.912494,6.411538196,6.248892569,21.98706289,27.65008354,-40.44597244,-28.69317055,-14.77211285,-20.65770721,-1.135693312,-4.89721489,-27.9573555,35.33822632,-9.532176018,2.85340929,-24.25941467,-0.017370757,0.182016686,0.001464719,0.05550386,-0.080884777,-0.137614444,-0.177842453,-0.034566756,0.113308527,-0.149326816,0.106187925,-0.078414962,1
Woman00327.wav,307.5533855,432.4410634,311.1269837,341.2518476,349.7339961,337.1341957,-0.170878048,0.14981185,-0.000567429,2769.22167,-4.822590445,8.205739251,11.72484223,41.30696869,12.45662403,-33.30186462,-40.97147751,-50.69283295,16.57444382,-20.99006271,-23.10717392,-1.282043457,-34.08181763,10.04239178,-12.72277164,0.129611239,0.173424929,0.267369628,0.262077332,-0.133695289,-0.396943092,0.034046076,0.01041581,-0.046399988,-0.041604608,-0.021444507,-0.06665431,1
Woman00328.wav,251.2581146,410.5345163,273.9989169,312.929324,316.5653876,307.3473774,-0.71610175,0.18148068,-0.000387573,2367.142281,-3.722980168,7.794681826,19.39107751,54.90651321,31.09123421,25.45789337,-11.65960407,-27.86531067,30.90940857,-25.9922905,-12.77373886,2.219272375,-16.95482445,1.526872754,-25.5358963,0.252034456,0.06936837,0.413172632,-0.333943635,0.123366505,0.414691955,0.203856841,0.327892005,0.050936181,-0.039590601,0.121595837,0.256410778,1
Woman00329.wav,213.7370271,854.9481082,246.9416506,275.5861765,333.4576446,315.5446262,-1.102784967,0.12014881,-0.000369257,1631.811443,-5.377763618,5.603914424,13.90221886,124.7846985,1.631915331,-14.30205822,-6.713860035,-1.712953806,15.1692152,-10.3524704,-2.87420845,17.38742828,-5.526247978,9.408257484,-6.9049716,0.187384754,-0.141333506,0.008840256,0.199906752,0.01926679,-0.085076295,0.24079971,0.070538349,-0.124461114,0.114223287,0.083667055,0.177893251,1
Woman00330.wav,206.4563593,246.9416506,207.6523488,208.8552666,244.1052839,221.0682094,0.202746077,0.14595991,-0.000334823,2378.407101,13.25845247,10.79910555,18.45610121,81.56412506,29.2989502,-12.87381268,-31.06280708,-33.57711411,23.70648575,-8.361937523,-34.9896431,18.39064407,-25.33646202,9.921422958,-20.66299438,-0.09481734,-0.229175776,0.239827543,-0.136735588,0.409895808,0.088919237,-0.132834375,0.144898921,0.052038547,0.008464447,0.13482058,0.104452111,1
Woman00331.wav,333.4576446,425.0119847,349.2282314,357.3910544,361.5437384,358.5824433,1.389424486,0.16221812,-0.000400658,3142.842054,-0.488108279,8.79770286,13.06212533,32.10273361,-5.146698952,1.979786873,-25.73128319,-16.38744926,18.80223846,-20.77986717,-25.75170898,30.73298836,-17.07599449,4.078847408,-8.854786873,0.158872858,-0.903951466,1.10895431,-0.733548343,-0.791874647,-0.42789191,0.491358101,-0.046065707,-0.261183202,-0.104608417,-0.238880605,-0.323268414,1
Woman00332.wav,255.6500291,353.286068,264.6655079,343.2286994,351.25129,317.9140759,-0.540234532,0.10482619,-0.000428027,2699.830376,5.869210881,8.63623069,5.570456633,35.6006012,9.795431137,17.20493889,-34.14247513,-10.74577713,-0.911351621,-38.34901047,-11.2263546,8.866467476,-30.6476078,-5.579078197,-20.28673935,-0.411583066,0.178587988,0.288042337,0.537128448,-0.017960796,-0.515095651,-0.067140877,0.259732157,0.188702106,-0.064344235,-0.252433985,0.294052005,1
Woman00333.wav,189.3213162,374.2935508,329.6275569,367.8634116,369.9944227,349.1412399,0.193379786,0.115364194,-0.000582208,2000.578744,0.123996519,5.773220868,8.613440787,53.86148453,-15.39003181,-23.46128464,-45.3624649,-24.68203354,3.613174438,-15.64177799,-29.05066109,14.65255451,-16.0289917,-5.5327425,-18.6314373,0.229638323,0.230976745,0.228022024,0.576276183,-0.004827084,-0.261078924,0.181463853,-0.2383641,0.224518701,0.015232123,-0.192821667,-0.059617605,1
Woman00334.wav,387.4929844,398.8473955,391.995436,391.995436,394.2662424,392.7775412,-0.006606526,0.2012763,-0.000536263,2580.588714,2.225233349,6.571828668,8.45933243,55.45506668,13.15202045,-7.761271477,-19.49655151,-14.61935806,5.636934757,3.251853466,-27.43691444,7.943924904,-21.6505394,4.929804325,-15.86135197,-0.384038866,-0.074236907,-0.203055277,0.119775243,0.277348101,-0.118527092,-0.044516858,0.028316911,-0.13283287,0.243605122,0.174222797,0.078348055,1
Woman00335.wav,204.0850057,269.2917795,210.0651529,214.9751931,227.7582832,226.9719425,0.950254278,0.08530182,0.000118603,2349.740429,12.3500235,10.43993529,-22.27219109,69.01848602,26.64148712,27.70941162,-52.23462296,-25.82560921,15.32630444,-7.222020626,-48.66663742,25.13907814,-19.80202675,3.90760541,4.603703022,0.059789032,-0.524720311,0.150954485,0.66054064,0.756802082,0.124494016,-0.193748653,0.472506642,-0.39534694,-0.243350804,-0.276817173,0.06110096,1
Woman00336.wav,333.4576446,345.2170031,334.4234949,335.3893451,337.3322358,336.9347954,0.062321922,0.1358162,-0.000558353,2953.836497,18.31373827,8.762864709,19.40388474,28.54385376,38.25362396,32.09235764,2.260128498,-44.40073013,9.917066574,5.368894577,-39.56949615,17.36861038,-23.04704666,15.92529202,-19.04180336,-0.954108357,-0.303226024,0.398081273,-0.532458246,-0.184045821,-0.033037037,0.106086925,-0.140556037,0.027385386,-0.132157698,-0.051681459,0.058381621,1
Woman00337.wav,286.9574553,345.2170031,333.4576446,337.3322358,339.2863816,334.7631721,0.406097568,0.14604221,-0.000344284,2562.538645,-4.434456066,7.663318029,10.87397446,36.34629059,-15.87790871,-17.45417023,-29.08556557,-27.78304672,32.58081818,-33.56776047,-20.12916374,7.664654732,-13.09264946,5.925356865,-25.36043358,0.44086656,0.472742498,0.128706098,0.056209087,0.110802509,0.15639624,0.078046441,-0.003045283,-0.052660368,0.065891646,0.129788473,0.090129957,1
Woman00338.wav,231.7394279,442.5488941,440,440,440,402.5306037,-1.1524427,0.20720528,-4.37E-05,1960.177025,0.158347321,5.338186564,29.99632034,31.55610657,-21.02490044,-19.41756439,-11.84915352,-32.95567703,-4.402607918,-33.98200226,-14.87933445,8.856637955,-33.98360443,-15.32264137,-22.8751049,0.161397934,0.155435413,-0.021128312,-0.16884397,0.068293191,-0.091390319,0.003771808,-0.014614441,0.023947006,0.191361934,0.024136078,0.107182898,1
Woman00339.wav,307.5533855,445.1125537,347.2168248,423.8304597,440,396.2762531,0.797109548,0.16262129,-0.001108078,2626.658785,5.179443717,6.637903589,17.32891765,35.72586823,-12.90757656,12.86317444,-1.210706234,-39.52519226,11.55308723,-26.45891953,-7.589286327,4.684450626,-16.26416206,5.063153744,-16.03317833,0.00203428,0.204602405,-0.036459975,0.305079281,0.443898678,-0.214594379,0.252756238,-0.005073664,0.090995893,-0.011868,0.058229692,0.070283391,1
Woman00340.wav,300.5288565,405.8191252,327.7290419,401.157895,403.481779,372.7105817,0.515668526,0.1688763,-0.000327496,2282.542455,3.777500232,6.236052173,18.86707727,66.27922058,-0.098716162,-33.02730942,-21.39481735,-19.60293007,27.42848778,-25.75822067,-24.19220161,13.83031273,-17.33886147,-1.872720957,-20.72572136,-0.109310828,-0.286403447,0.124988146,-0.240834668,0.367861152,-0.107574075,0.129966423,-0.034218755,0.18028006,0.273142964,-0.218932137,-0.023931896,1
Woman00341.wav,305.7820084,463.4788558,307.5533855,351.25129,417.7105332,366.4313719,-0.255560136,0.1663452,-0.000225636,3576.681572,-0.315408357,9.955920269,15.32763816,24.39870644,32.07868195,-12.40630341,-18.81448555,-21.71283531,23.80201912,-28.84690666,-21.63358879,19.40294266,-20.59136009,1.09535253,-18.57195663,0.041504033,-0.155096948,-0.009965529,0.064942598,0.04145148,-0.12722145,-0.016765416,0.071233295,0.067019515,-0.047602113,-0.029494194,0.085759565,1
Woman00342.wav,331.5370699,427.4740541,335.3893451,374.2935508,378.6426324,371.3230829,1.48910076,0.21474506,0.000291385,3467.491104,9.48509958,9.383646582,15.20306954,9.675310135,20.52023888,-26.4893074,-44.7763443,-14.8869009,6.44615984,-24.26931381,-13.5378437,20.73991966,-17.95762253,13.30900002,-20.58794594,-0.648898482,-0.17892842,0.153372958,0.106864311,0.226669759,0.032049272,-0.052971993,-0.082016826,-0.240859866,0.004503903,-0.220926136,-0.28420496,1
Woman00343.wav,447.6910645,557.5766672,554.365262,554.365262,554.365262,550.8288211,-0.98091216,0.17394753,-0.000649891,2565.756473,-3.887908949,4.655422815,26.77547074,24.20446014,12.85761642,-4.7099576,-6.876205921,-51.01125717,9.608272552,-34.42567062,-29.97572899,16.76607704,-24.42913628,22.7416687,22.26006126,-0.331778318,-0.150336862,-0.227551475,-0.381836206,0.171666324,-0.009929529,0.200340763,-0.220760554,-0.017212836,0.050031934,-0.330643892,-0.262709439,1
Woman00344.wav,63.17840952,266.1986996,245.5193714,246.9416506,251.2581146,248.9761357,-0.149307901,0.15559475,-0.000487723,2604.17792,1.352279116,10.5838351,14.75320793,58.84004974,36.05307388,8.678009987,-26.88101768,-3.676012039,7.373067856,-23.88860703,-18.34038353,27.49684143,-15.29115486,-5.286535263,-17.19429398,0.100885063,0.048413429,-0.167696655,0.049399134,-0.304230988,0.170790687,-0.05196815,-0.258018792,0.065386608,0.019048041,0.141794607,-0.029571177,1
Woman00345.wav,231.7394279,277.182631,234.4321104,264.6655079,266.1986996,255.1617068,-0.218669525,0.16352275,-0.000322634,2509.425371,-13.44536124,9.81953573,18.9252522,72.14306641,58.23600388,-18.46340179,-19.85919952,-27.91599464,28.70625496,-15.16597557,-45.5941925,18.12225914,-32.66172409,6.124437809,-9.085567474,0.703775823,-0.188952371,-0.172278896,-0.146548122,0.21981667,0.274450362,-0.231952637,-0.277163446,0.021409815,-0.030708292,0.106032483,0.057727113,1
Woman00346.wav,82.88426748,339.2863816,293.6647679,293.6647679,331.5370699,287.1450813,1.234314768,0.12057881,4.99E-05,2612.22434,6.009734191,10.59464614,11.87586333,65.50430298,10.30953121,-13.5874815,-10.30109119,-29.95837975,27.62698364,-33.59489441,-14.13703156,17.38546371,-28.04279137,-0.097826742,-17.74707222,-0.184281766,0.233257756,0.322934836,0.55808866,-0.458709627,-0.283789128,0.219403222,-0.110190772,-0.356920362,0.113842785,-0.220746383,0.107849598,1
Woman00347.wav,341.2518476,412.9127185,345.2170031,363.63814,408.1700115,374.8520209,-1.477773429,0.10978784,-0.000275564,3164.715989,-26.9036004,8.440385028,18.6408604,31.31875229,21.921978,-16.04263306,21.01161194,-24.50285721,-20.91623306,2.85010004,-16.39352036,-6.211585045,-20.45539665,17.42453384,-27.45485115,0.694461346,2.353835106,-0.141723573,-1.136317492,0.703096211,0.379877359,-1.802072644,0.177560359,-1.049429536,0.230486721,0.244755596,0.417738676,1
Woman00348.wav,124.9054872,429.9503861,249.8109744,249.8109744,345.2170031,270.4967147,0.545718189,0.17824782,1.92E-05,2496.389955,8.190298831,10.28951035,19.08285197,49.16729736,-6.568808556,-6.221196175,-22.85120201,-13.30536747,0.677726328,-18.60279846,-9.751461029,29.27060699,-23.09817314,-10.03553009,-16.18278503,-0.466917157,-0.041859705,-0.130076602,-0.199877098,-0.005721647,0.155444548,-0.042574704,0.21744591,-0.090586871,0.083911888,0.150821835,-0.038551986,1
Woman00349.wav,333.4576446,389.7377084,342.2402735,349.2282314,349.2282314,347.2068271,0.348572396,0.19274399,-0.000263304,3709.638205,-1.139716229,10.69401786,12.88210759,-8.574668884,4.040095806,-9.773468018,-37.42060471,-18.5879631,7.325986862,-27.21413994,-21.85008812,17.49673271,-22.85991096,0.695631385,-21.53086472,0.099009171,0.107220657,0.017355552,0.09591724,0.093284331,-0.096880652,-0.131722078,0.052568521,-0.106001519,0.006505428,-0.132569462,-0.225930601,1
Woman00350.wav,242.6993409,380.8360868,333.4576446,335.3893451,376.4618113,342.674954,1.772626308,0.12990323,-0.000826018,3007.085941,3.831596042,8.971296381,15.72451863,34.72854996,0.558148384,-20.45393944,-24.9401474,-24.9487381,19.96237373,-49.59580994,-1.659672737,8.165572166,-43.1329155,11.97173309,-23.29693604,-0.35638833,0.09252689,0.082400724,0.05455118,0.017693054,0.439733416,-0.184332564,0.313517183,-0.140655294,-0.128197879,0.075013995,-0.162474811,1
Woman00351.wav,231.7394279,252.7136381,233.0818808,239.9117012,246.9416506,241.2558274,-0.074406484,0.22604896,-0.000547465,2955.139364,4.745309709,12.25495116,17.97959306,43.6664772,30.7852211,-1.585272789,-29.53021431,-31.60827255,23.35559845,-26.41448021,-24.21724701,5.560630322,-20.59346008,13.38530827,-12.16706944,-0.138986662,-0.022409864,-0.137988091,0.173143551,0.016767254,-0.228677377,-0.188176155,0.123398349,-0.045297384,0.16069597,-0.006901627,-0.194216594,1
Woman00352.wav,335.3893451,415.3046976,405.8191252,410.5345163,412.9127185,401.8731551,-0.376864313,0.3076919,-0.000431027,1934.226698,-5.84478316,4.788089459,23.65855005,47.6089325,-11.76864338,5.724339962,-39.10280228,-10.65884209,14.7510643,-9.179162979,-10.65504646,12.76432323,-17.145504,2.293310165,-12.82818222,0.301585406,0.060499787,0.122372262,-0.187480092,0.068794727,0.062488969,0.211368725,-0.190884769,0.060330682,-0.060562424,-0.122581422,0.326347649,1
Woman00353.wav,329.6275569,420.1303057,412.9127185,412.9127185,415.3046976,398.6598303,1.08966212,0.08838253,-0.002390888,1811.533175,-20.93741029,4.753017825,9.558387005,95.49388885,17.48783302,7.215054512,-40.97447968,-3.338721752,20.30636406,-16.30413246,-2.656142712,25.82031059,-21.46722221,-4.583474159,-23.23050499,0.875728071,0.188139886,0.016548617,0.152571097,0.208422124,0.185705006,0.215221807,0.163938925,-0.062296543,0.216497168,-0.597486138,0.084836036,1
Woman00354.wav,302.2698024,437.4657865,308.4442048,335.3893451,339.2863816,334.8978421,-2.478755307,0.24675654,-0.002183229,3580.254476,-17.80906032,10.71094127,13.48480712,4.572448254,-7.083912849,-19.2518158,-29.59736061,-21.02104378,2.110327005,-10.97065449,-10.18627548,8.07434082,-7.226583004,2.731511354,5.214055061,0.975129664,-0.344618708,-0.546820998,-1.579421997,0.296831727,1.154562116,-0.117086664,0.512709379,0.063252531,0.252272695,0.358583957,0.738341331,1
Woman00355.wav,277.182631,341.2518476,323.9647528,329.6275569,329.6275569,324.3992829,-0.376216437,0.13906947,-0.00024695,2121.306071,-1.289682756,6.526750413,15.78415951,51.12592316,-18.04877663,-33.88473129,-50.70713806,-18.3081646,23.45668602,-33.25099182,-23.88156509,9.330488205,-33.75682068,8.499802589,-24.79514122,0.20234409,-0.318353951,-0.186980471,0.20472905,-0.032817401,-0.059000678,0.236547217,-0.04661385,0.165174991,-0.171264559,0.057555303,0.098550372,1
Woman00356.wav,304.0208336,493.8833013,311.1269837,311.1269837,488.2105677,370.2623603,-1.026497884,0.13866892,-0.000517888,2351.01171,-2.120123921,6.531788481,19.82325737,45.98381805,-10.38187218,-50.49962997,-46.34214783,-22.99925232,12.41879749,-32.15938187,-24.01432228,13.57018471,-42.38212967,0.996835709,-7.292756557,0.214304939,-0.199781075,0.038809821,-0.052857455,0.160240948,-0.104472719,0.029251691,0.108760744,-0.082621902,-0.050830081,-0.053497285,-0.121289991,1
Woman00357.wav,341.2518476,432.4410634,349.2282314,369.9944227,412.9127185,378.3970309,0.262985802,0.18605594,-0.000344377,2102.701244,0.368170896,5.588873919,11.43477875,47.01045227,-12.90781307,-37.8157692,-33.72140503,-6.965957165,-1.278230548,-16.30117607,-22.20751762,8.876252174,-9.226723671,-8.672352791,-6.146121979,-0.404442638,-0.017842565,0.428087085,0.233799562,-0.571026206,0.042597916,0.116171069,-0.039344735,-0.052980192,-0.117734052,0.17319788,-0.063939355,1
Woman00358.wav,329.6275569,432.4410634,335.3893451,369.9944227,403.481779,374.4782478,-0.095272614,0.15641409,-0.000726386,3243.218496,20.84993108,8.826628657,14.22012056,9.648861885,-16.99261475,-21.04507828,-29.0545063,-15.40206146,-6.290648937,-25.29263115,-27.91135979,24.07862282,-29.69435501,6.924594402,-21.84394264,-0.803474784,0.358690202,0.341777116,0.594085097,-0.371926397,-0.150685161,0.131877691,-0.024163611,-0.080171905,0.040921494,0.000809424,0.025438081,1
Woman00359.wav,318.3992322,425.0119847,339.2863816,369.9944227,374.2935508,366.4389861,-0.668133495,0.13953665,-0.000280434,4076.591579,6.821904164,11.21662378,10.3498493,7.606558323,17.94671631,-24.96041489,-23.10513306,-39.53162766,17.09462738,-1.601669312,-34.2056694,23.20609093,-30.1927681,7.449120522,-16.25510216,-0.122017324,-0.087845519,0.517060459,0.131131589,0.201775104,-0.180604666,-0.030002322,0.010122041,0.00243472,-0.112157471,-0.029816343,0.22900103,1
Woman00360.wav,267.740773,408.1700115,269.2917795,329.6495531,350.7455254,318.5441918,-1.535175626,0.16503915,0.000318478,2245.432482,11.99655788,7.399895794,17.1805324,53.09568405,-32.96391296,-15.98543072,-13.94303226,-25.46286774,13.11782932,2.574243784,-36.77402496,18.04403687,-31.79384995,-9.90557766,-19.50384712,-0.618418038,-0.593595803,0.514306486,0.148122296,-0.167539433,-0.698224962,0.144232616,0.199610218,-0.210461363,-0.106261559,-0.086156771,-0.090951763,1
Woman00361.wav,151.1349012,305.7820084,153.7766928,155.5634919,155.5634919,163.1854464,-0.007599025,0.1767252,-0.000569098,2118.575638,-4.558070019,13.34517417,16.95887637,91.1439209,35.57112122,-11.34853649,-26.48641968,-55.30755997,-9.862726212,34.58973312,-36.64869308,1.53778863,-22.98152733,3.264057159,-13.62600422,0.10393139,0.062398028,-0.021217389,0.020065393,-0.010659928,0.037692368,-0.109805211,-0.034371756,-0.077469878,-0.040290158,0.041612677,-0.060809948,1
Woman00362.wav,282.027698,337.3322358,310.2310039,335.3893451,335.3893451,325.3597935,-0.166350699,0.15681964,-0.001121814,2982.782625,-1.11296441,9.208511219,15.78324776,19.02186203,-21.76762581,4.506781101,-6.521080494,-39.77735901,-4.280871868,0.609242201,-13.99816036,-1.814532042,-24.2076683,2.83516264,-15.1366787,-0.021806233,0.241137072,0.130021989,0.099289805,-0.132778853,0.046343744,-0.132763028,0.045218263,0.064763024,-0.123566747,-0.11465019,0.052379854,1
Woman00363.wav,225.1422562,835.4210664,327.7290419,403.481779,408.1700115,432.3847015,0.064548159,0.12840343,-0.000353195,2274.008804,-3.148791129,5.968070782,18.61430876,52.15352249,-29.2996006,-24.45502281,-24.98708916,-36.15066147,5.957429886,-17.06665993,-31.84220505,33.62197876,-34.14801407,-10.23480034,-13.56969929,0.186837927,0.160126224,-0.121889219,-0.10856282,-0.076477662,0.059994094,-0.019913992,0.043930419,-0.096417688,0.044885922,0.024103489,-0.096443653,1
Woman00364.wav,323.9647528,761.6721737,341.2518476,347.2168248,374.2935508,393.2618028,-0.19193926,0.20103067,-0.001708165,2554.971972,-10.62172312,6.861208648,7.731909047,57.04112244,20.73209381,-19.46691322,-13.77788734,-9.485367775,-1.278734684,-1.855561137,-4.819025993,4.881086349,-7.056750774,10.03608894,-17.13467598,0.590640664,0.198486686,-0.127933174,0.150648892,0.180789933,0.232709736,-0.238767371,-0.060725935,-0.146748006,0.008616122,-0.160745665,0.108034678,1
Woman00365.wav,217.4730845,341.2518476,263.1411468,327.7290419,333.4576446,294.0977218,1.213514469,0.13299887,-0.000950861,2917.23989,4.944111374,10.3036492,14.08113865,22.56047249,-5.9689188,6.419226646,-40.71615601,-36.33071518,14.71765232,-30.70198631,-28.60858917,3.778789759,-30.1897583,-6.820133209,-11.28181362,0.401893854,-0.248927131,-0.899748802,-0.551374495,0.466071546,-0.089456357,0.051330969,0.232835606,0.032440852,-0.170605361,0.044280183,-0.365909785,1
Woman00366.wav,226.4464921,353.286068,312.929324,349.2282314,351.25129,330.8998501,0.559435292,0.105489865,-0.000233787,2655.605492,8.402913361,8.054250059,16.46751609,45.81096649,-5.490210056,-22.15561676,-31.3919754,6.079692364,12.8336401,-17.24645615,-11.53353596,16.84484291,-28.50075531,6.349876881,-16.08423233,-0.766100466,-0.259295583,0.633473516,0.54059732,-0.085785992,-0.104313567,-0.214300931,-0.181212142,0.387650788,0.000445013,-0.09745767,-0.138978943,1
Woman00367.wav,359.4613997,374.2935508,363.63814,367.8634116,369.9944227,367.6143251,0.016049785,0.18705836,-0.001381099,3010.983225,-2.181425794,8.195135961,17.3591002,44.8718071,9.212670326,-12.3470068,-29.08132172,1.314826369,10.54045105,-10.23347569,-15.22695351,36.80158234,-26.06437492,16.18656158,-24.48562241,-0.017568491,-0.08758603,-0.236599579,-0.080922961,0.326435685,-0.457685798,0.020427998,-0.196029738,-0.11344865,-0.189604253,-0.337511331,-0.097412594,1
Woman00368.wav,257.1309947,351.25129,318.3992322,322.0988531,331.5370699,318.2130423,-2.584601452,0.18189934,-0.001680959,2620.170026,2.478095065,8.270616693,10.30132141,39.36249161,-22.49497795,22.83138466,-15.32511806,2.258326054,-15.26156807,-22.52044106,-10.09551907,4.701334,-17.40890503,4.549478531,-24.96486855,1.31625092,0.625707507,0.490116537,-0.006266867,1.167671084,0.77711165,0.47149536,0.152403757,-0.496131152,-0.523530841,-0.215720505,-0.320392877,1
Woman00369.wav,184.9972114,468.8642207,331.5370699,396.5502035,417.7105332,367.7725075,2.395012323,0.20312254,0.000164557,3372.097893,17.03063603,9.802434618,12.25109369,28.93971443,-17.58839226,-16.27960014,-18.11923409,-30.51091003,3.804165363,6.802902222,-27.57525635,28.03482819,-31.19078255,-2.116704702,-13.4040432,-0.383472502,0.279718637,0.144444853,0.001188686,0.20071362,0.218215376,0.262051046,-0.095230199,0.125988409,-0.132167071,0.118779324,-0.231655687,1
Woman00370.wav,238.5299115,445.1125537,277.9854823,437.4657865,442.5488941,379.5055504,2.672892027,0.18478246,0.000628986,2762.029553,-25.82529587,7.575299353,14.83697831,45.51896286,22.93180275,-19.16134071,-3.321359158,6.637271404,7.249943256,-9.136879921,0.184357733,23.30443001,-26.03191376,6.006568432,-13.39189339,0.291007519,-0.347566783,1.446227431,-0.426282376,-0.14440909,0.288529396,0.100938663,0.728986979,0.520758331,-0.374986678,-0.530045688,-0.259697378,1
Woman00371.wav,261.6255653,273.9989169,265.8154017,266.1986996,269.2917795,267.2984922,-0.05214479,0.2600652,-0.000875665,2356.625365,25.61566213,8.831112836,22.04771868,73.24669647,54.69714737,4.23762989,0.387450963,-41.63207245,59.03678894,-15.54911709,-24.17168808,12.71493626,-29.36585808,-1.897782445,-8.434053421,-0.69431448,-0.582642257,-0.188059121,0.032625817,0.115405664,0.026126059,-0.091754541,0.066649809,0.076352455,-0.138782814,-0.017157301,-0.043071959,1
Woman00372.wav,339.2863816,440,415.3046976,415.3046976,432.4410634,410.1479563,0.424686641,0.18826775,-0.000131074,2405.461982,-1.474599673,5.929572578,19.17066094,44.75564957,-14.53671455,-4.945868492,-23.50621605,-21.35319138,4.277990818,-36.85948944,3.802506685,7.494446754,-26.99699974,4.620589733,-36.06041718,0.00336576,-0.160968736,-0.317710847,-0.230048656,0.157520309,0.007184404,-0.088051401,0.142469466,0.013643522,-0.01311812,-0.030137254,-0.014985786,1
Woman00373.wav,295.3659506,447.6910645,385.261189,385.261189,439.3664466,387.2345694,0.257324867,0.27292895,-0.000473337,2729.265969,6.600522534,7.182196779,21.97668686,28.5958004,-6.864171028,-19.21671104,-17.36791992,-29.72815704,1.829820871,-15.18506527,-16.82417679,25.51392174,-26.06612587,2.47770381,-24.785923,-0.045595303,-0.216315687,0.04186561,-0.148799837,0.031551588,0.24469167,0.029157961,-0.137474701,0.045975119,-0.093114473,0.060523953,0.038454432,1
Woman00374.wav,129.3102697,355.3326334,312.929324,335.3893451,345.2170031,327.8269062,0.205160766,0.1409364,-0.000151163,2720.344613,0.201959294,8.372854138,6.653367866,38.90169525,-25.28052711,-20.37625313,-31.71853638,-15.67011833,15.28081512,-37.51826477,-16.78150558,20.09006119,-32.20612717,2.986081362,-9.355165482,-0.052985616,0.837869465,0.532224834,-0.133836955,-0.286141068,-0.033645585,-0.228997856,-0.081052013,0.047075957,-0.058327161,0.21419996,0.185246736,1
Woman00375.wav,220,442.5488941,341.7460606,418.9204195,440,381.1998501,0.111685786,0.20710336,-0.000384513,2921.147375,-3.223803029,7.974403448,13.43428527,20.62866592,-35.66724777,-17.9119091,-43.41659164,-2.011227131,3.199854851,-12.02834034,-22.48126221,18.36396027,-18.00674629,-2.649144173,-17.95250893,0.159218356,0.037066363,0.079981938,0.127816349,0.133693069,-0.081328817,0.035980951,0.177735746,0.15846239,-0.067569211,0.186013013,-0.007533312,1
Woman00376.wav,213.7370271,248.3721691,229.0776736,245.5193714,245.5193714,238.4479372,0.214572002,0.1311365,-0.000337025,2407.962252,3.354488639,10.07592523,15.03958436,64.18230438,-42.64414597,1.963429809,-33.77931976,-8.341085434,10.17812252,-10.11594391,-22.18208694,39.88109589,-30.92915726,-11.01234055,-16.37716484,-0.122980863,0.056316696,0.33158651,-0.268525988,0.197161585,0.313360155,-0.028749816,0.29637444,-0.037296139,-0.23598139,-0.023983721,0.00161353,1
Woman00377.wav,355.3326334,455.5165665,374.2935508,376.4618113,425.0119847,397.9773723,-0.191928973,0.19385546,-0.000217571,3576.42598,0.232869829,9.093956837,14.94083273,2.51066184,-1.362953186,-45.72748947,-35.23910522,-11.52876759,17.5753231,-41.23663712,-16.70517731,7.914157391,-26.46568489,-1.979516268,-15.71543884,-0.028744828,0.038805172,0.124703079,0.021336708,-0.090871878,0.00942249,0.050274983,-0.145139754,0.146777853,0.023342319,-0.167915091,0.172291696,1
Woman00378.wav,275.5861765,349.2282314,315.6563869,339.2863816,347.2168248,328.4830991,0.499468393,0.18240179,-0.000325039,2320.40856,2.719270624,7.001708883,14.25582533,71.48137665,-15.66620731,2.542461395,-31.7488575,-16.79851341,23.04005051,-19.34022141,-2.576902866,10.06779385,-7.529890537,-5.090554237,-0.125360817,0.033373043,0.319449842,-0.138304606,-0.118152268,0.196688458,0.298040271,0.224974483,-0.003847028,0.045709528,-0.003233963,-0.101507045,0.098340675,1
Woman00379.wav,275.5861765,369.9944227,317.9888393,337.3547461,349.2282314,328.7681114,0.149502324,0.14960602,2.24E-05,3557.147053,-2.233129701,10.91698352,15.53890812,9.616429329,8.020569801,-11.52048969,-24.42879486,-27.81837463,10.25527191,-30.08666611,-13.53362751,-3.336911678,-23.2088623,3.328644753,-24.30106544,0.258000791,0.29151243,0.253741503,0.102407351,-0.001526456,0.266353458,0.121921241,0.091994658,-0.268010139,0.016525013,0.089520097,-0.078399345,1
Woman00380.wav,,,,,,,,,,,,,,,,,,,,,,,,,,,,,,,,,,,,,,1
Woman00381.wav,378.6426324,425.0119847,403.481779,403.481779,408.1700115,406.3276122,0.181777882,0.27615535,0.000232327,3019.310826,15.05712127,7.433013007,19.90667971,30.13201332,5.57375145,-19.88847733,-23.50504494,-21.12925339,9.967451096,-1.692180395,-2.732513189,-1.763951421,-10.15544319,8.743110657,-21.88935471,-0.398786515,1.049687743,-0.021225834,-0.192799255,0.219870746,0.047006749,-0.307128191,0.121742748,-0.104681149,0.02912304,0.157041311,0.100656524,1
Woman00382.wav,343.2286994,554.365262,410.5345163,432.4410634,529.3310159,447.7939541,-0.436018735,0.1048625,8.11E-05,2218.918894,-1.318853006,5.049824466,15.31510432,51.93305206,-12.35041046,-29.37516594,-46.77727509,-10.40166187,11.36397934,-30.92615318,-28.97542953,16.77344513,-30.36056137,4.356440544,-1.693003058,0.269567102,0.117537886,-0.282406896,-0.172693834,0.193639442,0.227413148,-0.16753079,-0.012138992,0.063333929,0.018548787,-0.162360877,-0.325982541,1
Woman00383.wav,110.6372235,442.5488941,110.6372235,111.2781384,438.7328932,209.2965255,-3.778982299,0.26672414,-0.000113726,2605.393668,0.200570733,18.59536248,10.95038118,32.48413467,-39.49501419,-21.91177177,-47.34640121,-26.37061119,-7.910252094,5.384300709,-8.27400589,12.10136795,-1.695175886,8.912843704,-12.3200264,0.415232718,-0.297868013,-0.277057141,-0.480235964,-0.365746289,0.15587908,0.479740858,0.305562586,0.310902357,0.423906058,-0.017159827,0.058469988,1
Woman00384.wav,242.6993409,474.3121605,294.9406549,432.4482775,437.4657865,376.768201,0.444725036,0.20416015,-0.000660596,2713.951522,-0.817639193,7.519631174,15.30589157,35.58745956,-11.11899948,-8.849891663,-16.09020424,-51.90812302,4.023303509,-20.3934021,-22.31750679,4.724703789,-32.37948227,-2.958935738,-27.96404839,0.028989209,-0.036887974,0.26814729,0.311516732,-0.388550341,-0.200714469,0.180853218,-0.059830625,-0.077772669,-0.145167992,-0.003941036,0.041807346,1
Woman00385.wav,245.5193714,273.9989169,248.3721691,248.3721691,269.2917795,255.5957463,-0.102620216,0.11062622,-0.000205926,3158.006025,3.867158926,12.5028172,13.47508839,28.29632759,15.78401566,-8.540331841,-19.92382813,-15.72253799,5.521079063,-20.31670761,-20.8536396,19.50893784,-22.28722572,-14.39786148,-24.35590744,0.014793443,0.457986921,-0.431301564,-0.491076529,0.197664946,-0.003741293,-0.098638393,-0.264392406,0.230855465,-0.112071492,0.201100349,0.033105608,1
Woman00386.wav,133.0993498,337.3322358,279.9995869,316.5653876,318.3992322,293.2880076,2.067289244,0.14842875,-0.000291616,2345.711091,12.43078191,8.252992645,14.44576493,43.98045349,-35.61695862,-3.924521685,-31.14268684,-32.71231461,13.10741615,-46.25728226,-23.72345161,15.94650269,-22.36060715,-2.282094955,-15.78203392,-1.823046088,-0.189585194,0.405506641,0.276991069,-0.692439258,-0.80731076,1.352264047,-0.242938027,-0.303723156,-0.185160547,-0.483214587,0.306132525,1
Woman00387.wav,246.9416506,422.5640958,325.8414615,327.7290419,367.8634116,339.9227747,0.54601638,0.13780145,-0.000372181,3102.18534,8.511396415,9.371401133,13.70654637,23.01986504,-4.961054802,-29.53009415,-28.11143112,-28.52655983,15.97953033,-29.62851143,-24.93865013,16.57725716,-28.95644951,-3.546212196,-23.08811188,-0.134711862,0.180354282,-0.089721404,-0.214546576,-0.060659435,0.419824958,0.152954996,-0.120029584,-0.03877547,0.146636516,0.067264915,-0.062209029,1
Woman00388.wav,252.7136381,365.7446743,323.9647528,359.4613997,361.5437384,334.4652166,-0.630405086,0.14858533,0.000255201,1837.497498,-0.588614021,5.549565128,22.72990438,68.9675293,-10.50615597,-15.58458042,-30.2136879,-33.2605896,17.38542747,-23.83559036,-27.90818787,23.80786133,-22.45855331,1.14004159,-11.88307381,0.200790152,-0.011326932,0.164485857,0.474813312,-0.069266222,-0.127502799,-0.103530772,0.025326414,0.036682721,-0.108033665,-0.049398355,0.146926314,1
Woman00389.wav,318.3992322,1070.963092,331.5370699,365.7446743,1046.502261,615.8662301,4.188093707,0.24110645,-0.001345445,3008.813669,2.882836397,6.62663333,15.51188251,18.67367172,-1.767861366,-25.58367538,-40.58718109,-12.11345959,18.66364098,-6.345795155,-19.27062035,-0.427465081,-26.65207291,2.30126667,-11.10667515,0.044371247,0.15660058,-0.100408286,0.058393754,0.130528614,-0.041056409,-0.106876977,0.050178919,0.004051752,-0.040321495,0.065912537,-0.062282264,1
Woman00390.wav,305.7820084,434.946169,314.7421051,365.7446743,374.2935508,351.3883616,0.304644015,0.22337434,-4.78E-05,2590.53775,8.985043092,7.397515071,18.23322644,50.61058044,25.43530464,-22.14795494,-50.08967209,-27.46314621,28.46805191,-17.40762329,-25.11030769,16.51721954,-39.46155167,18.77729416,-14.21561146,-0.337303519,-0.108597606,-0.206990182,0.024294144,0.000822038,0.075959213,0.006298122,-0.025302216,0.037123319,-0.040309213,0.01910191,-0.054387189,1
Woman00391.wav,376.4618113,493.8833013,387.4929844,477.0598229,477.0598229,439.0554647,0.628218265,0.21077375,-0.000117014,1836.145437,1.504993144,4.234830324,21.64360376,66.9426651,-15.61060143,-15.87814903,-23.80395889,13.14937305,21.0257988,-17.09636307,-1.280402422,3.698168993,-15.39792824,9.756616592,-2.574257612,-0.165619582,0.089427724,-0.184956327,0.142515689,0.162604898,-0.148822069,-0.182272315,0.279606164,-0.076059952,-0.163384527,0.091750763,-0.123894177,1
Woman00392.wav,372.1377786,442.5488941,394.2662424,440,440,419.5816557,-0.103851432,0.18940604,0.000321931,3943.666259,-16.12330606,9.384793344,16.62179908,-1.201028109,26.49872208,-12.78171825,-8.20220089,-36.56500626,-5.59740448,2.628247023,-24.19307137,11.5616951,-28.49167252,3.723289967,-29.9591713,0.522388995,-0.454745114,0.384347081,0.186352178,-0.209630832,0.092848003,-0.019259382,-0.151478499,0.09068542,0.065741807,-0.020389309,0.004442191,1
Woman00393.wav,270.8517709,307.5533855,277.182631,282.027698,300.5288565,286.679989,0.301427884,0.14091206,-0.000610296,3154.856165,15.02762709,11.05229912,13.94532937,10.55312443,4.836600304,45.06024933,-16.02381325,-34.86999893,7.008108616,-12.2421093,-8.961133957,-6.13310957,-39.26093292,7.046860695,-20.18597221,-0.470714986,0.813707113,1.589580894,0.555905044,-0.813078403,-0.37161538,1.1347965,0.258439392,-0.798063159,-0.326836139,-0.164169848,0.240240708,1
Woman00394.wav,417.7105332,468.8642207,420.1303057,420.1303057,468.8642207,433.5043604,0.372014618,0.23234116,0.000172075,3329.215599,1.302807489,7.734553318,22.41264837,-15.21765327,-7.098722458,-22.06936836,-55.98696136,-5.755797863,14.99293995,-5.133949757,-21.44521523,23.19450951,-29.57597351,4.588411331,-19.92364693,0.204190254,-0.127198383,0.179058999,-0.022102857,-0.085580856,0.091826938,0.222755969,0.005136182,-0.084828503,0.047650166,-0.132312134,0.020149026,1
Woman00395.wav,314.7421051,417.7105332,333.4576446,410.5345163,412.9127185,386.2567913,-0.442566044,0.1679865,-0.000761955,3342.317777,-3.472299357,8.876867776,17.34923511,42.21321869,30.97381401,-40.03900909,-21.97090912,-17.54660797,12.0678854,-34.58667755,-10.66414452,-1.290579557,-25.52344131,-8.831339836,-24.92642593,0.457344234,-0.160393894,0.295663953,0.634218216,0.352567703,-0.280628234,0.195430651,0.202379078,0.013813459,0.099625275,-0.106440142,0.08565639,1
Woman00396.wav,245.5193714,420.1303057,249.8109744,311.1269837,372.1377786,318.0946496,0.221019921,0.15759698,-0.000591551,3093.443458,9.494704604,10.20514515,13.6648286,26.98076248,-9.325853348,-5.367870808,-23.95075989,-28.14916992,15.78222561,-29.47423363,1.232187867,19.59827042,-21.17935371,7.647805691,-25.13493919,0.131451264,0.407280743,0.50931251,0.243960589,-0.170024708,-0.01844235,0.198164701,0.052314196,-0.179989681,-0.046559457,0.143408954,0.112917364,1
Woman00397.wav,169.6431908,282.027698,214.9751931,267.740773,272.4207993,247.2280483,0.288169375,0.14410774,-0.001154728,3265.232352,7.209398175,13.28024764,8.713178412,44.02823639,-12.78125668,23.32735252,12.28298473,-52.07977295,-0.965673268,-13.35455513,-8.275426865,13.5452919,-28.52193832,9.566631317,-20.01468658,-0.590104818,0.114628382,0.304163903,0.001527057,0.020845931,0.43554309,0.261154175,-0.310165912,0.146318957,0.036055554,-0.058911145,-0.41163215,1
Woman00398.wav,323.9647528,415.3046976,363.63814,365.7446743,367.8634116,368.8427109,0.332714423,0.2176187,0.000241656,1959.086805,30.38421663,5.350488414,22.15154523,57.96315765,-20.68494606,-6.476498127,-57.35657883,-18.93491745,23.40351105,-33.29867554,-18.42106247,21.61459541,-15.61913872,9.951411247,-19.08802795,-0.541350901,0.911092997,-0.343268484,-0.118021153,0.284133464,-0.469346493,0.609918654,-0.00946097,0.142472908,-0.017077494,0.14291127,-0.056690276,1
Woman00399.wav,325.8414615,437.4657865,333.4576446,394.2662424,413.5107133,386.4050022,-0.41875213,0.2204598,-0.001768184,4133.369328,-14.38523241,10.77820769,12.91865858,-16.33047104,3.00083828,1.235283852,-16.25607872,-11.07842541,-4.920879841,-3.636295557,-6.629886627,18.69931412,-14.32080173,-5.124875546,-26.93026352,0.312485754,0.1630193,0.056102999,-0.533180892,-0.239880428,0.100026987,0.209186867,-0.823062181,0.03805545,0.217709571,-0.145450056,0.379608363,1
Woman00400.wav,223.8455323,463.4788558,242.6993409,244.1052839,245.5193714,281.3245589,-0.941011617,0.11851134,-0.000616712,2108.937058,7.473353663,7.989920822,14.57871608,93.80423737,34.25485229,-17.18132782,-39.25861359,-39.88565063,9.875471115,-3.642080545,-38.5819664,24.16821861,-46.89663315,-24.25589752,-25.58174324,-0.367980748,0.094436519,-0.086875305,0.163927764,-0.08086817,0.312469274,0.040525276,-0.345934808,-0.053390458,-0.023075322,0.339334339,-0.016130958,1
Woman00401.wav,124.9054872,396.5502035,125.6290573,249.8109744,311.1269837,247.817692,-0.231646567,0.12801947,0.000242098,2513.912669,3.037541284,12.00288435,16.2479597,62.89712143,16.41592979,-3.437423229,-32.1067543,-43.2063179,14.40991879,-36.70433426,-14.93834782,28.58356667,-33.53940201,-4.99840641,-12.09321594,0.005848487,0.439860523,-0.525758445,0.018668801,0.096711777,0.025716387,-0.272821754,-0.185282856,0.214896813,-0.176362351,0.230545565,0.018496105,1
Woman00402.wav,343.2286994,389.7377084,347.2168248,353.286068,376.4618113,359.748503,-0.175884979,0.19368812,-0.001710484,2163.554529,19.54604409,5.990994589,18.48404408,59.51317978,-31.67473602,6.936166286,-43.51805115,-8.998025894,17.928545,-28.08447266,-6.626219273,3.753757954,-10.85290432,-2.079299927,-19.11990356,-0.194076493,0.598531067,-0.366421789,0.010774133,0.144229412,0.205055997,-0.068648204,-0.077711903,0.170078799,-0.338971108,0.071214169,-0.135246515,1
Woman00403.wav,341.2518476,391.995436,347.2168248,359.4613997,374.2935508,363.513438,-0.026969165,0.16516449,-0.000636945,2430.857411,-4.541290155,6.690852967,20.11066902,39.64982224,12.38015842,-14.60105801,-37.73847961,-20.21443367,18.75465965,-20.9134388,-27.02960014,24.77763557,-24.77010536,3.275291681,-13.54698944,0.263500959,0.234733626,-0.149158135,-0.178008914,0.280306637,0.185892895,-0.124410786,0.061655834,-0.01681588,-0.034188569,0.080428451,-0.063663214,1
Woman00404.wav,316.5653876,447.6910645,405.8191252,440,442.5488941,422.5496047,-0.251412007,0.12003829,-0.000600501,3235.415591,0.282908621,7.629509083,-0.786924786,25.76480103,0.665232658,-26.65669632,-42.82099152,10.21387959,32.42425156,-29.58720779,-10.0274601,6.531884193,-14.65510464,9.050239563,-19.63436317,-0.186646923,-0.046683777,0.3095195,-0.159752861,0.186230689,0.034497373,0.017232213,-0.156485036,-0.018158015,0.130638316,0.127418458,-0.022371564,1
Woman00405.wav,252.7136381,666.9152893,327.7290419,663.0741398,663.0741398,515.6157991,-0.209192846,0.25346583,-0.000107668,3409.373215,-1.733463685,7.440781632,19.22220643,-9.098277092,-22.15229416,-8.205990791,-20.15333176,-20.58503342,-6.802054405,-8.033448219,-7.047589302,9.277385712,0.240007922,9.144043922,-0.871630371,0.215492219,-0.014940477,0.083590977,0.136202887,0.088565275,-0.067910433,-0.043886568,0.05145663,-0.057603832,0.02218709,-0.146499619,-0.074256316,1
Woman00406.wav,307.5533855,376.4618113,312.929324,369.9944227,374.2935508,347.2459721,0.342654555,0.2090289,-0.000815152,2123.922406,2.01480479,6.124647321,21.69190643,34.21822739,-37.50012207,-10.72102928,-54.17987061,-40.28577805,12.28408909,-31.82993889,-19.56441689,18.82094002,-15.35797977,7.465337753,-9.089789391,-0.154035181,-0.245631739,-0.12503238,0.173944369,-0.028987614,-0.069942743,0.019288002,0.064760692,0.154752895,-0.102057941,-0.113306478,-0.009109296,1
Woman00407.wav,401.157895,442.5488941,412.9127185,415.3046976,438.0993399,423.1574182,0.214544687,0.24858837,-0.001105372,3482.081465,6.914336765,8.243370429,18.03741582,-19.3315506,-9.459941864,-25.68232155,-40.90816498,-19.41049576,2.169582367,-6.822782516,-21.80278206,7.018039227,-12.88462448,-3.920258522,-24.57632446,-0.047087688,0.379835129,0.436327904,0.072695881,0.062193621,-0.352360904,0.121047497,-0.090922095,0.135232091,-0.005551838,-0.082524814,-0.050482407,1
Woman00408.wav,311.1269837,496.7443381,415.3046976,493.8833013,493.8833013,459.1568242,0.008912887,0.17785226,-0.00167854,3202.970318,-7.976489446,7.011808152,17.23064333,10.09763432,-6.471181393,-20.53322601,-24.82469749,-19.14514542,4.152376652,-20.81369019,-29.09739304,13.13493824,-27.77433205,-1.803116798,-16.04122353,0.346675485,-0.448606074,-0.293219626,0.313605785,-0.298187464,0.069435045,-0.002090708,-0.40637216,-0.063625805,-0.170955077,0.008607659,-0.160515174,1
Woman00409.wav,280.403338,442.5488941,335.3893451,339.2863816,389.7442102,347.7187072,0.542787525,0.19540113,-0.001345685,3084.855636,-4.374034733,8.975069819,12.75621863,35.17034531,-8.554696083,-15.63389111,-32.20475388,-10.36052227,15.80738163,-10.08224106,-22.43192673,18.19177818,-18.8938179,5.35672617,-21.1540947,0.006881579,-0.006428706,0.746474862,0.447071373,-0.192960143,-0.732903838,-0.03351602,0.123086296,-0.599216223,-0.275889128,0.055845294,-0.165010333,1
Woman00410.wav,128.5654973,278.7883336,272.4207993,273.9989169,273.9989169,269.1794738,-0.078296811,0.14372264,-0.000430655,1917.435347,-3.780224174,7.190854022,21.38504156,61.73835754,-35.16009903,12.24616909,-11.64121056,-23.07991982,-6.974887848,8.127887726,-60.491745,14.11416721,-14.98077965,-9.248552322,-19.00341797,0.417382598,0.261571825,-0.507606626,-0.215536505,-0.039914779,0.416170835,-0.079458453,-0.307401001,0.017097102,-0.129273832,0.007314709,0.190288603,1
Woman00411.wav,252.7136381,422.5640958,333.4576446,345.2170031,347.2168248,339.2844419,-0.651141286,0.19619161,-0.000105144,2313.494675,0.562422138,6.858946953,15.26974037,55.66577911,-14.0057478,-34.7618103,-27.57925606,-29.76730728,3.177636623,-35.6003685,-14.84254646,12.45582676,-16.15058517,1.804399371,-18.80834579,0.091836654,0.05501214,-0.080292404,-0.21254012,-0.019910539,0.019051777,-0.094749816,-0.15011552,0.068167575,0.024678573,0.07262972,0.103141963,1
Woman00412.wav,415.3046976,2068.964315,417.7105332,417.7105332,447.2784488,505.5953483,0.386268111,0.24357066,-0.001428964,2822.989265,32.22335919,6.211227456,16.55591873,20.16960526,-1.762079954,1.913843274,-28.65333748,-3.810038805,9.517995834,-4.64662075,-3.193897724,19.24248695,-8.626156807,-0.699331641,-18.55425453,-0.364471138,0.305023819,0.182452306,0.363116145,-0.023282032,-0.189787775,0.194754675,0.055125397,-0.158631504,0.184696034,0.181825548,0.234815523,1
Woman00413.wav,201.7408895,408.1700115,225.1422562,396.5502035,405.8191252,334.8140769,1.171363426,0.11349575,-0.000328109,2742.014216,-2.368820911,8.86826451,-8.041749333,62.71005249,18.68420792,-34.57287216,-3.850768089,-8.45546627,16.13055801,-17.73650742,-22.15021896,37.5049324,-30.04157448,-0.567080617,-13.02125835,-0.155951828,0.057477072,0.407413572,0.172221541,-0.112903178,-0.33118102,0.220327467,0.113882884,-0.036867637,0.084118821,-0.156380877,0.199529812,1
Woman00414.wav,460.809414,471.5803235,466.1637615,466.1637615,468.8642207,466.8016334,-0.060744632,0.17127474,-0.000390804,2739.869171,1.990995046,5.869323095,21.61535141,27.92463303,23.0261631,2.725348711,-33.5731926,-51.53486633,12.56257725,-7.211109638,-24.85704803,-17.73353004,-50.95523071,23.65198898,-35.72544098,0.021058148,0.070808694,0.056273855,0.264552951,-0.162253737,0.056344468,0.071435139,-0.082156874,-0.059258997,0.051690739,-0.031147517,-0.095646575,1
Woman00415.wav,205.2672581,554.365262,412.9127185,417.7105332,547.9978338,460.4160916,-3.04316133,0.1442747,-0.001400626,1911.789159,-1.052280068,4.306069132,22.52659419,67.81774139,9.146157265,25.81282806,-1.309788346,-30.34079552,7.003198624,-22.56518555,-3.039798498,-29.07737541,-13.25465775,21.67198563,7.152391434,0.003373642,0.211404786,0.661693871,0.358702779,-0.260769308,-0.3083269,0.366061628,-0.077222571,-0.117962085,0.144363359,-0.088577054,-0.308214784,1
Woman00416.wav,254.1775933,285.304702,275.5861765,275.5861765,277.182631,273.670876,0.225788668,0.12550022,-0.000885297,2935.677118,-6.482193855,10.72254083,-6.25910229,54.70837784,23.69013214,14.95746803,4.015367508,-24.81777763,15.38998127,-42.4943924,14.00722694,5.949916363,-12.68110657,-14.92551231,-23.16950989,0.315051228,-0.236350387,-0.351133764,-0.293011993,0.135482639,0.01497718,0.199666083,-0.117982954,0.253454804,0.450609684,-0.362802237,-0.178808644,1
Woman00417.wav,245.5193714,372.1377786,246.9416506,248.3721691,338.3121225,295.2712479,-0.209880841,0.27407607,-0.000827804,3050.562933,-7.468140316,10.74948491,18.22030146,16.1140213,-19.4432869,-4.272953987,-20.47238541,-23.01867294,2.354511976,-5.734138966,-7.133561134,9.53350544,-8.608866692,4.951804638,-13.48894024,0.305604875,-0.026439803,-0.087745801,-0.128436103,-0.048924766,0.308017612,-0.087936305,-0.087985769,0.072280303,-0.128408745,0.071894698,0.02236403,1
Woman00418.wav,288.619783,766.0844957,367.8634116,372.1377786,748.5871016,520.6874056,-0.534967324,0.17532794,-0.000678393,2008.281528,-3.11453008,4.384445712,19.46160653,47.92647552,-8.51213932,-24.4571476,-27.85237694,-42.20907211,1.6690979,-9.3172369,-16.15755463,33.13563538,-2.311867476,7.464405537,-19.34122086,0.401061684,0.091119342,0.192076132,-0.033572387,-0.024051379,0.371885926,0.01651614,-0.213072225,-0.489584953,-0.08955656,-0.087218329,0.18910183,1
Woman00419.wav,218.7328932,273.9989169,238.5299115,249.8109744,269.2917795,250.4289153,-0.376890719,0.09387202,-0.000114347,1776.453087,-5.768506789,7.108697514,10.5873344,101.7280197,-1.570475221,2.245144367,-17.68411827,-20.18486404,26.38096619,-12.92016792,-23.78490257,-11.66168213,-19.30096245,17.3292675,-17.05269432,0.847617984,0.027496066,-0.171680525,0.289293498,-0.320492089,-0.403278112,-0.047909625,-0.165548801,-0.606091797,0.43783468,0.383404255,0.127870187,1
Woman00420.wav,234.4321104,455.5165665,320.2437002,361.5437384,401.157895,351.8844257,-0.026685494,0.15063702,-0.000230013,2456.095516,1.646326065,7.00191645,14.92271953,52.71068192,-19.9343338,6.749310017,-42.04797745,-26.50041962,9.695581436,-26.05744171,-20.24152184,23.23905373,-27.15108299,13.47683048,-20.87784958,0.06053767,0.221527398,0.119288459,-0.068888508,0.224160478,0.296596348,0.127638161,-0.267849535,-0.047867849,0.159948811,0.078658372,0.109149158,1
Woman00421.wav,420.1303057,463.4788558,440,440,440,439.4738038,0.237367866,0.25530353,-0.001193875,2729.019595,-2.480133242,6.214180861,21.44175243,6.496415615,0.183548912,7.682669163,-23.98528671,-38.8581543,10.77795792,-19.06886864,-12.98986053,15.68374538,-28.05337334,-12.72014141,-20.44188118,0.383630365,0.212624758,-0.195574284,-0.245806083,-0.194336578,0.188032031,0.086317413,-0.046482954,-0.041983463,-0.170203358,0.021278296,0.084259816,1
Woman00422.wav,442.5488941,468.8642207,454.2047753,463.4788558,463.4788558,459.2780816,0.205401287,0.174765,-0.001070941,2244.115957,-11.12386364,4.895632799,21.57799275,52.09183502,-26.96913719,-30.80187225,-27.26775169,-43.12950516,20.50571251,-41.4427948,-13.20905781,0.1364602,-24.10562897,-22.38798523,-20.67023277,0.441129297,0.081095688,0.076113664,-0.263523519,0.111222871,-0.038630348,0.01045624,0.010721559,-0.045295399,0.116712175,-0.021083387,0.186923772,1
Woman00423.wav,425.0119847,493.8833013,447.6910645,488.2105677,488.2105677,473.6969416,0.036655013,0.25530627,0.000200444,4504.751707,3.076392259,9.535013995,12.6906356,-32.08166122,-14.13031673,-16.14981461,-18.00717354,-4.292137146,11.79761791,3.138328552,0.567270279,-0.172923371,-13.38551903,-8.443938255,-2.300213575,0.243932694,-0.134237811,-0.006511247,-0.251313448,0.359299511,-0.090054087,-0.047766697,-0.028130669,-0.220579103,-0.036592983,-0.054292683,-0.035865691,1
Woman00424.wav,96.8732461,273.9989169,246.9416506,248.3721691,250.1727595,249.8216756,0.108695491,0.1168825,-2.63E-05,1738.473914,-10.08486545,6.965324998,19.96484917,102.8952332,-2.769957781,-14.59360313,-8.727859497,-29.85454369,20.16546249,-46.95312881,-8.366025925,15.37739563,-35.48719406,-15.67906666,-21.50334358,0.58110404,0.135921896,0.371003509,-0.188869849,0.16592589,0.103715405,0.330446362,0.044793952,-0.369029015,0.113431193,0.047195286,0.074239381,1
Woman00425.wav,396.5502035,567.3229357,477.0598229,535.481546,541.7035419,508.8227006,0.718409925,0.17636469,-0.000749257,2626.545514,-3.450757824,5.232859651,18.65235798,37.84525299,7.192417145,-6.524834633,-16.10237312,-25.76496506,14.59556675,-13.13259125,-18.20728302,6.744729519,-18.13787651,14.28556442,11.93168449,0.23102726,-0.227110952,0.178774983,-0.012147274,0.124526329,0.164895192,0.015617575,-0.004585643,-0.107767202,-0.123612612,0.068063676,0.362117052,1
Woman00426.wav,194.8688542,511.3000583,389.7377084,391.995436,391.995436,368.2409174,-1.312587914,0.21408938,-0.000213861,2248.794334,-15.41531404,6.172915461,19.57815368,47.04594803,-15.7021656,-22.10577393,-31.264328,-24.4402771,-3.596954584,-14.69905186,-28.33786201,17.35522842,-14.57173824,-15.44541359,-15.21557808,1.200118542,-0.503699005,-0.376171559,-0.080793723,-0.179584369,-0.192239106,0.450510532,0.151475638,-0.078224093,0.140642554,0.041082285,0.191987813,1
Woman00427.wav,293.6647679,440,293.6647679,293.6647679,437.4657865,348.3877693,-3.06E-15,0.14180134,-0.003185217,3261.376101,-3.877478405,9.71543748,16.32210462,-20.83276939,-39.10951233,5.418662548,-41.0876503,-26.62029076,-0.826139808,9.761176109,-0.201191127,2.428961039,-21.52619934,-9.316606522,-40.26311493,0.770424068,-1.668739915,0.374380916,-1.047350287,2.133505106,-0.746969283,0.727085173,-0.237576634,-0.791941524,1.592647314,-0.058128051,0.481611073,1
Woman00428.wav,329.6275569,869.8923379,440,825.8254371,854.9481082,707.2407684,3.715263054,0.17882346,-9.64E-05,2853.58111,-15.05097401,4.731543003,20.90738692,15.65776253,-13.26963139,-19.17905426,-13.43606472,-28.69968033,-3.164415359,5.136007309,13.55347919,48.26170349,-19.95205307,-10.292449,-31.44395638,0.416557103,0.063294925,-0.480729461,-0.158146158,0.301185638,-0.126409814,0.157831997,0.4898628,0.351734161,0.518790305,-0.028382944,-0.128428653,1
Woman00429.wav,254.1775933,333.4576446,327.7290419,327.7290419,329.6275569,328.0255852,-0.180205069,0.14937305,-0.001216113,2976.705665,-2.972235567,9.081917868,18.9052319,37.80723953,5.130964756,-41.21784973,-49.63805389,-28.32021713,38.09644318,-45.6750145,-17.21476364,12.97391224,-32.38578033,32.78406143,-21.60452271,0.436644912,0.326023847,0.128619224,0.116909064,0.385307908,0.219945416,0.007164612,-0.111963749,0.002526958,-0.120907247,-0.047148868,-0.008980117,1
Woman00430.wav,374.2935508,408.1700115,405.8191252,408.1700115,408.1700115,406.5946709,0.105905844,0.1615461,-0.001293097,2537.595456,-0.348020233,6.239384265,11.06086612,49.01416779,1.462713122,-8.118219376,-36.62789536,-20.23944283,23.2596035,-14.47219086,-22.16692352,14.48336983,-21.02319908,-1.102159381,-24.46781731,0.095813178,0.138068497,-0.095147893,0.205564573,0.119502895,-0.141245753,-0.151721358,0.011386776,-0.044704553,-0.057557099,-0.074880011,-0.089446977,1
Woman00431.wav,387.4929844,460.809414,420.1303057,420.1303057,420.1303057,419.7462436,0.399778804,0.19529672,-0.000240437,2379.761157,3.391778853,5.682536733,23.53632652,43.43325806,-19.29570198,-45.7526207,-20.81567001,-14.7636385,12.6917305,-21.55459023,-25.84371758,27.8214817,-29.76998329,0.676970184,-14.19905567,-0.138864115,0.107992686,-0.236270264,-0.37367332,0.082931377,0.044931609,-0.08905343,-0.030117637,0.178579226,-0.060416099,-0.010079972,-0.082320966,1
Woman00432.wav,367.8634116,442.5488941,369.9944227,391.995436,393.6985408,393.4625485,-0.456609357,0.19913864,-0.00014454,3714.37969,-0.206767905,9.471049577,14.56234645,-17.33457375,-18.38128281,-21.18339348,-36.29079819,-24.95752144,15.86491299,-37.1908989,-15.60770321,9.096043587,-25.10389137,-5.9843297,-26.10648537,-0.001104808,-0.235216692,-0.053692732,-0.041346893,0.144341379,0.160294905,-0.068157941,0.068623155,0.040576302,0.084504098,-0.06000077,0.163634643,1
Woman00433.wav,225.1422562,291.9733833,261.6255653,269.2917795,270.8517709,264.9426919,0.104785999,0.106143914,-0.000584185,2887.843467,3.562864338,10.89517643,-4.651271399,38.68871307,9.007801056,18.20274544,12.39940929,-36.83462906,-14.25330067,-15.82112122,-2.085665226,-3.820151329,-38.27770233,3.171560287,-27.37386131,-0.132290527,0.350376278,0.056722775,0.286513656,-0.011553379,-0.150653392,0.082717948,0.144513056,-0.231744066,-0.223147407,0.033921152,0.112496674,1
Woman00434.wav,293.6647679,447.6910645,337.3322358,372.1377786,422.5640958,383.8988781,1.172120611,0.18068692,0.000431243,3771.959732,-15.07977627,9.854477905,14.03653001,-2.521211386,-7.391524315,-0.607198119,-10.96374035,-15.67921257,27.1378746,-20.10828209,-23.73775482,24.09167671,-25.94969177,6.864146233,-11.25906181,-0.015983105,0.110558309,0.139723659,0.324483454,0.061628688,-0.259572566,-0.125174671,0.186277121,-0.468221575,-0.481934935,-0.459709644,-0.208211273,1
Woman00435.wav,251.2581146,425.0119847,293.6647679,408.1700115,415.3046976,369.4575702,-0.883127491,0.14121428,-0.001658131,2206.263653,-4.178077621,5.90436235,-13.8185907,62.14593506,-3.606040001,-18.29322433,-30.41658783,-20.29032516,22.79723358,-21.31685448,-25.88436317,0.862697423,-24.87236595,-2.01178813,-24.17525101,0.457742095,0.200876862,0.289085269,0.055108216,0.002593236,0.071135484,0.213983774,0.121352024,0.122744642,0.05379837,0.002835567,0.120151922,1
Woman00436.wav,269.2917795,343.2286994,320.2437002,325.8414615,325.8414615,312.1413527,-0.054944693,0.06585739,-1.18E-05,3300.962517,0.49441999,10.47600215,-43.73545586,42.98875427,21.98716927,0.662557483,-21.63618469,-0.012303367,29.37243652,-36.05609131,-6.802329063,16.41725159,-10.27434349,17.90531158,-8.503633499,0.022128263,-0.518372595,0.26054132,-0.296331733,-0.314724058,-0.255800545,-0.441895247,0.061899316,-0.365579456,-0.275635302,0.60797888,-0.46972999,1
Woman00437.wav,323.9647528,427.4740541,394.2662424,425.0119847,425.0119847,404.5366447,-0.585826268,0.1653228,-0.000995879,3006.813389,0.775998259,7.468943296,20.37781145,37.87187195,16.31805801,-42.38906479,-27.83007813,-29.27177811,30.08773994,-26.35234833,-20.69369125,5.712770939,-28.29172325,9.061031342,-20.06918526,0.158213928,0.234047815,-0.213871792,-0.142627314,-0.049378686,0.111750484,-0.112140305,-0.160036221,-0.012130403,-0.191422522,0.12578772,0.029768258,1
Woman00438.wav,369.9944227,491.0387428,369.9944227,412.9127185,415.3046976,408.3261905,-1.050080136,0.16530536,-0.001336629,2992.424204,2.536414429,7.317973396,20.29483259,27.50418854,-4.163064003,-13.31858063,-10.28729439,-28.78840256,11.68311691,-15.74515247,-18.29567719,30.72913742,-34.72819901,0.977102518,-11.91830063,0.17265214,0.309977263,-0.113597393,-0.216017932,0.302082032,0.333782613,0.01951029,-0.12456084,0.320490062,0.077805609,-0.127242446,0.203885674,1
Woman00439.wav,337.3322358,437.4657865,369.9944227,369.9944227,372.1377786,372.6590672,-0.66081903,0.1668426,-0.001463696,2668.465903,2.336722024,7.171221723,10.36496433,27.87828445,-9.989664078,-19.56526184,-33.64498138,-17.74401665,5.502473831,-12.52984238,-10.51338959,13.05424404,-2.438914537,-9.208919525,-3.731578588,0.320287883,-0.046397444,0.061511617,0.053817544,0.02495278,-0.332514703,-0.134825826,-0.144895911,0.056937438,-0.044846658,0.027451998,0.145646289,1
Woman00440.wav,285.304702,359.4613997,295.3659506,314.7421051,347.2168248,319.9213635,0.208916702,0.13203101,-0.000176589,2412.778416,-5.582065323,7.548932454,17.09904183,41.91456223,-25.36159325,-16.69800377,-33.6564827,-19.39867592,3.024807215,-26.86971474,-9.437690735,18.12618256,-29.3035183,-11.15510368,-10.33363438,0.250884682,-0.147826597,-0.317900866,0.308650464,-0.01142292,0.026893849,-0.071006708,-0.342538297,0.063994505,0.075352594,0.184832335,0.08681272,1
Woman00441.wav,434.946169,455.5165665,437.4657865,440,440,440.6277921,0.06386835,0.21726522,-0.002609201,3500.613338,1.2305079,7.946888152,16.78756444,-19.9877243,-4.779550552,-6.827836514,-38.70116806,-2.448781013,0.910509288,-22.57886505,-13.71227741,6.449779987,-36.00662231,-0.132949144,-17.05112076,0.439132005,0.5823493,0.332590133,0.004186495,0.465462118,0.435318261,0.006372002,0.219146639,0.386567712,-0.207301915,0.238655955,0.024330698,1
Woman00442.wav,327.7290419,420.1303057,357.3910544,412.9127185,415.3046976,391.3021946,-0.599001609,0.1672526,-0.000114707,2516.787658,-7.251834844,6.40980791,22.29033878,25.66444206,0.542085886,-16.50890541,-48.56557083,-17.34268379,14.96443558,-34.80105209,-32.6403389,14.10089111,-33.10683823,6.357074738,-28.291996,0.416219801,-0.454086035,-0.425236464,0.127385035,-0.043708038,-0.054675858,-0.060861107,-0.044106461,0.234392598,-0.017416276,-0.055358171,0.113837503,1
Woman00443.wav,255.6500291,335.3893451,323.9647528,329.6275569,331.5370699,315.5764485,0.519525957,0.13057113,-0.000809713,3478.670927,7.300258796,11.08024696,11.42797405,25.62138748,-4.798986912,6.937609196,-11.80311584,-57.69470215,17.80303192,-5.134969234,-24.34389687,-17.35385323,-34.48114777,-1.323519588,-21.17001915,-0.501171529,-0.026301356,0.1992542,0.390783578,-0.112978928,-0.299332887,0.314966619,-0.097644277,-0.307913959,-0.015924832,-0.101563647,-0.262520045,1
Woman00444.wav,327.7290419,710.6652668,337.3322358,348.2225281,698.4564629,501.2153291,-0.154022289,0.22739993,-0.001140793,3204.203913,-3.508072931,7.385903625,17.53616052,41.7457962,1.995264649,-27.69229126,-26.32458496,-24.25727654,14.36795139,-35.10357285,3.215995073,10.42372608,-16.91164589,1.113069654,-19.33580208,0.103723206,0.238393545,0.096216716,-0.012997224,0.20457828,0.377687484,-0.223071635,-0.02151647,-0.225528032,0.12918362,-0.291033328,0.224399328,1
Woman00445.wav,,,,,,,,,,,,,,,,,,,,,,,,,,,,,,,,,,,,,,1
Woman00446.wav,325.8414615,376.4618113,374.2935508,374.2935508,376.4618113,372.9516037,-0.512757519,0.18050212,-0.001063664,2964.841363,-12.78474606,7.938307245,19.63785793,-3.127732515,-19.30813789,-14.07849026,-54.43477249,-15.3440733,12.25405884,-32.06084442,-9.638003349,11.45923519,-1.954230428,4.369244099,-27.4953022,0.648438513,-0.112387404,-0.190961331,-0.051956233,-0.050091345,0.022442181,0.087754391,-0.316130817,0.117252834,-0.010493131,-0.231366485,0.304447979,1
Woman00447.wav,339.2863816,415.3046976,372.1377786,374.2935508,408.1700115,385.3247497,-0.594476035,0.20534977,-0.00089661,3556.214534,-1.035351878,9.230771022,15.99159672,-3.747771978,-12.24052906,-12.52616215,-34.00218582,-5.587967396,-6.205989838,2.816044092,-33.75339508,33.99244308,-18.23107719,5.494708061,-21.70832253,-0.005881922,-0.141349122,-0.101926029,-0.316753864,0.120081663,0.085407406,-0.116863765,-0.013889833,-0.067173123,-0.120993726,0.166302264,0.263185263,1
Woman00448.wav,249.8109744,258.6205394,251.2581146,251.2581146,253.8116045,252.9740614,-0.052921732,0.17939591,0.000117124,3007.256338,21.34347219,11.89810335,16.03028159,50.27176666,17.26263618,-16.63358498,-29.84529495,-21.47180939,30.9220047,-12.07863617,-24.3597393,29.12073898,-16.12142754,13.4965086,6.853545666,-0.640801907,-0.386796206,-0.015221548,0.077176802,0.078192323,-0.072800972,-0.447677821,-0.168954864,0.318874389,0.220884323,0.198262721,-0.136929482,1
Woman00449.wav,249.8109744,455.5165665,347.2168248,349.2282314,394.2662424,361.3966682,-0.386360852,0.17520094,-0.000300734,2270.031467,2.10744671,6.503067068,22.76804402,34.16904068,14.24666023,-7.610079288,-24.84872246,-35.39723206,2.28446722,5.773907185,-44.36156845,20.21953583,-21.61100006,-11.00860405,-11.83724976,0.014219912,-0.012281619,0.297107965,0.313316703,-0.167163149,0.109759562,0.1010065,0.244986236,-0.158613592,-0.087437794,0.057898339,-0.258143544,1
Woman00450.wav,295.3659506,333.4576446,298.7979376,325.8414615,327.7290419,315.2223207,0.194848106,0.19147433,-0.00122268,3273.531639,-14.1362062,10.41224739,14.68501566,16.867342,2.660692453,-4.127301216,-24.88576698,-19.20171356,12.55213451,-21.86657143,-15.84592152,4.142341614,-5.931360245,1.537376881,-0.068753213,0.565345347,0.064451806,-0.249412566,0.045849364,0.159047499,0.292892843,-0.183606654,-0.170883924,-0.1195191,0.012693477,-0.110254243,-0.028337933,1
Woman00451.wav,282.027698,445.1125537,437.4657865,440,442.5488941,423.62091,-0.880015099,0.24721235,-0.00046425,2777.063041,-0.9971591,6.645775426,19.3808096,6.352149963,-27.34342384,-24.92293358,-39.77444077,-27.17103577,6.43586731,-6.181250095,-41.77569962,15.04091549,-23.90326691,-7.144907951,-10.25314045,0.093115151,0.350667506,-0.257741421,0.167432785,-0.140501052,0.047963727,-0.134023845,-0.048026633,0.004824707,-0.114575535,0.077676669,0.160888121,1
Woman00452.wav,293.6647679,367.8634116,327.7290419,341.2518476,357.3910544,335.5378773,-0.43348187,0.24608563,-0.000234362,3284.238228,-26.19722018,9.789239349,8.371515187,22.62778854,-24.30973434,-10.36754417,-28.73934746,-10.02545452,-10.91674328,-6.899464607,-4.736118793,12.93583775,-1.935222149,8.307250023,-8.302437782,1.114245892,-1.044949651,-0.408674181,-0.392617315,-0.115608588,0.49129945,-0.178575903,-0.050598916,-0.342950225,0.231515914,-0.144888029,-0.269139022,1
Woman00453.wav,270.8517709,374.2935508,273.9989169,365.7446743,369.9944227,323.6901629,0.760881943,0.1275085,-0.000447479,2453.773423,-1.770115487,7.82770755,15.80688293,50.17637253,-34.26171112,8.426228523,-39.52124405,-16.66402817,15.47176075,-20.27053642,-12.03669643,30.69813728,-23.38240623,-3.81033802,-20.21180153,0.097870618,-0.21590437,-0.083256997,0.07366161,0.160667494,-0.090700686,-0.146695122,0.139069542,0.022361308,-0.209350929,-0.133673772,0.10328,1
Woman00454.wav,345.2170031,417.7105332,412.9127185,415.3046976,415.3046976,401.7609862,1.388278014,0.2201113,-0.001057818,2834.997477,-8.801888418,7.099221003,12.09614419,41.37134171,-24.83113861,-6.057039261,-30.66083717,2.572922945,19.00078201,-2.154213667,1.925648093,19.46146584,-12.62843513,-4.391003609,-25.6025238,1.142846107,0.62498647,-1.293620467,-0.301900834,0.464869291,1.110184073,-0.416815728,0.027603708,-0.0148423,0.108202942,0.549509585,0.046748795,1
Woman00455.wav,201.7408895,403.481779,248.3721691,248.3721691,401.157895,307.9547081,0.200255739,0.2051199,-0.001020379,3100.824739,1.092260375,10.44164099,17.67573352,43.46770859,3.657299995,-16.09682274,-5.124228477,-19.86549568,20.45019913,-19.53121948,-23.19315338,26.58925819,-33.02657318,0.313987345,-24.4040184,0.140229359,0.238037378,0.29968971,0.158150718,-0.00366,-0.200221032,-0.339915246,0.255796582,-0.071971565,0.191090018,0.051117886,-0.346728832,1
Woman00456.wav,211.2820479,468.8642207,280.403338,335.3893451,410.5345163,347.1428072,0.37245451,0.19601382,-0.000202365,2869.061452,3.269387126,8.913149811,15.34905546,25.17916679,-9.862240791,-1.373201132,-4.82677269,-17.55113602,15.28242874,-23.3081665,-17.59407043,10.05839252,-15.96341228,-4.186721802,-13.74961853,-0.171259344,0.13031213,0.047691867,0.376987547,-0.041263066,-0.120605409,-0.035317294,-0.070284881,-0.111129232,0.046854056,-0.00149114,0.109536536,1
Woman00457.wav,347.2168248,437.4657865,405.8191252,415.3046976,420.1303057,409.4430115,0.366253099,0.18609224,-0.00048367,2534.307959,1.125976327,6.223385227,13.96334758,27.59030724,12.18872929,-26.93815804,-38.65962982,-23.23248291,-2.844776392,-25.54529953,-8.866490364,12.8366909,-22.6155262,-9.891153336,-23.28875732,-0.026471013,-0.17668283,-0.304454237,-0.146757379,0.269877255,-0.16641289,0.119002342,0.165651381,0.066384472,0.067780785,-0.08471217,-0.060639195,1
Woman00458.wav,239.9117012,376.4618113,291.9733833,351.25129,369.9944227,322.897767,0.202761454,0.14742194,-0.001010271,2435.309982,-5.525275462,7.902347874,4.729610825,30.42763901,-29.2183857,-10.59745884,-20.73555183,-31.03130341,-1.154491305,-11.51309586,-21.48818016,11.56513691,-11.09962273,-7.670374393,-19.74970436,0.241203651,0.084797211,0.529734135,0.35756427,-0.308202416,-0.077295221,0.282621056,-0.339614034,-0.108074211,0.176451579,-0.029519793,-0.004391158,1
Woman00459.wav,257.1309947,387.4929844,295.3659506,333.4576446,341.2518476,314.1396045,0.386904374,0.18143426,-0.001033115,2509.138226,2.788180446,8.034961382,6.754292815,46.31432724,-12.44863987,-8.001122475,-25.62126732,-21.99728584,-8.112277031,-1.714631915,-19.1497879,13.81950378,-22.94660759,-0.398599207,-11.24218082,0.102041647,0.300984502,-0.298594981,0.074079186,-0.033582564,0.133282602,0.091637731,0.034527574,-0.073076859,0.111461103,-0.099583611,0.11374227,1
Woman00460.wav,122.7596857,345.2170031,245.5193714,277.182631,277.182631,260.631565,-0.331028004,0.15825057,-0.00090933,3326.040094,-2.466193711,13.48595456,13.95221166,26.228899,17.92220497,-1.772029757,-35.15883636,-9.006596565,25.93808937,-35.49522781,-6.203421116,18.06863213,-31.30501366,-0.168883115,-25.51507378,0.095829763,0.134050965,0.377928466,0.364906788,-0.209230527,0.031739291,0.083302811,-0.01201417,-0.235883802,-0.087302528,-0.073421098,-0.05673686,1
Woman00461.wav,162.9207308,396.5502035,327.7290419,367.8634116,369.9944227,330.9086371,-0.048577032,0.14139271,-0.000376181,1367.253852,-3.187160114,4.347128086,13.3617795,120.5680542,6.769913673,-58.92653275,-28.84306526,-21.43810844,23.62431145,-13.20640469,-28.48204231,15.7001915,-13.10946083,-6.553032398,-9.98776722,-0.005475888,0.122821212,0.093700126,-0.211920649,0.167904943,-0.085083969,-0.06873551,0.059604678,-0.128031239,-0.004756435,0.003663398,0.038741909,1
Woman00462.wav,365.7446743,372.1377786,367.8634116,369.9944227,372.1377786,369.7442072,0.039411818,0.14224446,-0.001781696,3473.751698,1.493591498,9.395060138,18.43998548,-13.97775459,14.33084011,19.07843208,-20.04760551,-18.29141235,-5.979800701,-10.09811115,-23.48547935,20.76802254,-14.62445068,-9.255760193,-11.896101,-0.127600461,0.053299651,0.802908897,0.423172832,0.093588859,-0.011897525,-0.019687649,0.240815401,-0.307293236,-0.01135507,0.009171804,0.084610507,1
Woman00463.wav,239.9117012,341.2518476,293.6647679,335.3893451,337.3322358,316.6929928,-0.742888469,0.18670462,-0.001493544,2540.969,7.479631875,8.028987508,16.86281582,33.60025787,-9.744204521,-10.57360172,-46.82611084,-6.15750885,10.92803669,-29.92518806,-18.90657616,2.496143579,-22.72603226,4.187852859,-11.4295578,0.227406278,-0.032540217,0.051823374,-0.031549256,-0.516755819,0.479373336,0.182183191,-0.143255904,-0.004026209,-0.061370332,-0.334921032,-0.328597814,1
Woman00464.wav,223.8455323,460.809414,363.1145396,372.1377786,445.1125537,387.483002,-0.920773182,0.1940622,-0.0005299,2667.941139,0.408909857,7.081476457,16.9730838,23.14469719,-25.19241524,-29.92677307,-28.89675713,-26.24297333,14.50778008,-40.10108566,-16.85615349,16.78865242,-27.44489288,2.638954401,-18.39222336,-0.157474563,0.193718299,-0.03356887,-0.261283875,0.132880375,-0.207427084,-0.001904175,0.197846279,-0.112112321,-0.309510797,0.360888988,0.3248308,1
Woman00465.wav,,,,,,,,,,,,,,,,,,,,,,,,,,,,,,,,,,,,,,1
Woman00466.wav,261.6255653,329.6275569,290.2917404,325.8414615,327.7290419,307.6218633,0.176967571,0.17712253,-0.000816087,1958.440213,-0.743327575,6.390281325,22.60817613,49.48353195,-44.68367386,-33.82086945,-54.8187294,-30.76823616,16.37425041,-32.51842117,-19.52420616,20.54011345,-34.61317444,-8.869763374,-10.61769104,0.141438112,0.026367912,-0.040881693,-0.053048987,0.188865617,0.049280386,-0.089033179,0.01550746,-0.020770727,-0.029115846,0.018141324,0.095033623,1
Woman00467.wav,347.2168248,429.9503861,391.995436,404.6639532,425.0119847,406.7941551,-1.208705428,0.16911785,-5.12E-05,3559.462966,-0.742699187,8.771565233,13.71043852,13.0353632,-7.088645935,-29.56451988,-19.89209557,-21.7883606,20.88994598,-39.19626236,-0.86802119,22.94654846,-17.75686646,0.166128978,-22.37944221,-0.043992914,0.220640346,-1.587752342,-1.191413522,0.085398391,0.575783074,0.13358821,-0.563758254,-0.166718438,0.442542791,0.595206082,-0.456153452,1
Woman00468.wav,367.8634116,417.7105332,369.9944227,372.1377786,374.2935508,379.3086845,-0.293124916,0.16267633,-0.001342525,2201.735151,1.606370689,5.837255936,20.56698313,55.96192169,-10.55113697,-30.97947693,-27.03509331,-21.62009621,-2.031508446,-16.87648201,-11.36249161,13.39676476,-29.06653595,2.285003424,-24.86654282,0.116468199,0.006758356,-0.084616184,0.099495776,0.116941735,-0.108929746,-0.049888488,0.128413767,0.013568235,0.026799718,0.074597038,0.017634617,1
Woman00469.wav,311.1269837,429.9503861,335.3893451,349.2282314,353.286068,352.9049572,0.736702803,0.15037148,-7.31E-05,3561.987454,9.079711371,10.21113438,13.98828132,17.66960526,16.64907074,2.497251511,-19.90473747,-57.13779449,15.97180843,-4.1508708,-35.36509705,-0.021576805,-34.88560104,1.77226913,-30.09129143,0.078608684,-0.073672518,-0.269740373,0.211538345,0.263611883,-0.191855967,0.129976347,-0.024076706,0.006930707,0.03299842,-0.197701827,-0.039038189,1
Woman00470.wav,290.2917404,323.9647528,298.7979376,318.3992322,320.2437002,311.8699214,0.358381292,0.06022612,0.000230553,2700.591098,-36.06925483,8.629231994,-20.20712622,80.10066223,-11.52918243,-7.190034389,-21.08811951,-13.9744873,23.43931007,-26.53790665,-24.40279961,21.79496193,-33.75179672,-1.15641892,-5.758455276,4.001872063,1.168728113,-1.176330686,0.05228287,0.933019936,0.081951596,0.121103644,-0.487057179,-1.075639963,0.914615691,0.380476356,-0.068570264,1
Woman00471.wav,134.6458898,305.7820084,221.274447,222.5562769,229.0776736,227.8951714,-0.034693255,0.1610566,-0.000746298,2547.317358,-5.843149224,11.54634064,11.33168108,52.2663002,2.872139215,8.069186211,-66.66433716,-27.77564621,25.37940979,3.088844299,-43.758255,11.45758247,-30.89226913,-2.015870571,-18.35607147,0.361445457,-0.142254099,0.13068147,-0.157067776,-0.014633573,-0.011185843,0.057317831,-0.056564361,0.058599405,-0.198152363,-0.020435903,-0.053851489,1
Woman00472.wav,125.6290573,252.7136381,232.4106543,249.8109744,251.2581146,236.4980578,0.027001837,0.13739476,0.000278724,3454.38152,0.258082135,14.8697719,14.12731598,47.55690765,55.73828125,-28.04805946,-31.23779869,-6.993345737,0.60932982,-31.30983353,-24.86247444,5.317574501,-15.62277508,-8.097772598,-9.090843201,-0.159927353,0.39501214,0.046763219,0.207708523,-0.26590687,-0.139682814,0.085689887,-0.263595492,0.017410243,0.149678245,-0.601252675,-0.154646963,1
Woman00473.wav,323.9647528,380.8360868,335.3893451,345.2170031,351.25129,345.4965123,-0.189499472,0.14289682,-0.000274558,2740.081905,-5.624937083,7.910285336,15.86106813,23.19914055,2.694143057,35.18284988,-9.32400322,-37.57420349,10.60142899,-25.00254631,-16.36096954,3.735794067,-38.44535828,-7.991693497,-16.55596161,0.152620584,-0.125584736,-0.336370677,-0.113384642,0.241856858,-0.175254881,-0.10501609,0.090005651,0.12541537,-0.158851594,-0.050075732,0.02939482,1
Woman00474.wav,323.9647528,633.1307752,366.2743586,372.1377786,374.2935508,377.6267099,0.493805772,0.2037316,-0.000736395,2653.67372,6.566700078,7.099793308,19.06810789,36.42808914,-7.829722881,-34.37550354,-37.45695496,-31.05423164,25.90184784,-26.714571,-14.45813751,21.1151638,-14.9195528,4.259474754,-1.694846034,-0.511787057,0.237979978,-0.213745818,-0.410270959,-0.088730998,0.135852873,-0.023957364,0.308267206,-0.042984821,-0.27722314,-0.196527943,-0.342144012,1
Woman00475.wav,147.6829753,452.8929841,367.8634116,369.9944227,374.2935508,347.1661004,1.258061963,0.21627219,-0.002204709,2805.117579,-15.24855094,8.640488983,9.023665031,65.06526947,-15.31888676,-34.12802887,26.54899597,-10.18211842,-20.45622826,-8.531172752,-31.62098694,24.65753937,-24.02315521,-15.99739075,-20.71312523,1.39580071,0.121350601,-0.334831387,-0.390753329,0.483622104,-0.031678546,0.033538874,-0.817979455,-0.005791399,-0.272615224,0.160991833,-0.075134583,1
Woman00476.wav,311.1269837,442.5488941,311.1269837,316.5653876,440,371.8038741,-0.030451498,0.18049246,-0.00078534,2008.653332,-3.597930049,5.869789467,26.02797367,47.95737839,1.605033517,-16.5200386,-33.82037354,-26.43924904,-4.254853725,-18.22955322,-10.7904129,5.452813625,-24.47437668,-10.70031452,-8.212047577,-0.041924965,0.104310274,0.092429407,0.133985117,0.027096147,-0.144100353,0.169309527,0.123046786,-0.078521498,-0.03932422,-0.207635775,-0.086390324,1
Woman00477.wav,293.6647679,420.1303057,295.3659506,295.3659506,331.5370699,324.1458509,1.058750553,0.14042905,-0.000303878,3461.627839,9.198920279,10.85365336,17.47514857,22.93317032,22.45560455,-26.76417732,-33.32996368,-37.44984436,35.85415649,-33.74011612,-11.92139816,8.88202095,-29.42363167,18.30081749,-20.14127731,-0.180017188,-0.054770406,0.008817155,0.149098858,0.167095512,-0.349084139,0.129714757,0.096382394,-0.07618776,-0.166691542,-0.010522904,-0.191885203,1
Woman00478.wav,295.3659506,412.9127185,332.0254939,372.1377786,391.995436,362.0254708,0.105042074,0.14883152,-8.32E-05,1981.143274,4.314681491,5.533583478,-4.950479749,72.50796509,8.811887741,-42.24750137,-42.31742859,-19.15888977,15.09615993,-11.86471176,-31.56189537,18.75794411,-30.64746666,1.795712233,-11.55402946,-0.203853145,0.209457383,0.090631656,-0.02398563,0.016803218,0.111155398,0.034830052,0.124269374,-0.224424347,0.021443147,0.047537409,0.095927373,1
Woman00479.wav,282.027698,374.2935508,325.8414615,327.7290419,327.7290419,324.52941,-0.683305099,0.13054764,-0.000597458,2377.732842,-1.064125268,7.329764403,20.08691142,25.27353859,-30.15034676,-13.01089287,-38.63142395,-13.0229187,-8.251807213,-22.85072708,-33.33104324,31.65188789,-17.80310059,-7.188570499,-8.789175034,-0.34430027,-0.11670886,0.126720175,0.134451628,0.174454495,-0.219164014,0.034645837,-0.099620067,-0.191584498,-0.120123647,0.100931339,-0.055566885,1
Woman00480.wav,229.0776736,275.5861765,230.404707,259.3696262,274.3957318,254.6354125,0.298602199,0.06361662,-0.001877958,1946.591547,20.43061786,7.630414789,-1.50097861,86.14691925,-25.58625031,-33.72213745,-47.25505829,-8.844278336,7.433721066,-49.12836838,-11.94720936,22.05016136,-29.95709038,-2.162754536,-33.61019516,-0.894940495,1.032660007,-0.656388581,0.480309814,-0.518146336,0.271163642,-0.287746549,0.269569993,-0.161514774,0.130132854,0.129301399,0.2436333,1
Woman00481.wav,,,,,,,,,,,,,,,,,,,,,,,,,,,,,,,,,,,,,,1
Woman00482.wav,367.8634116,442.5488941,369.9944227,372.1377786,409.9433901,393.2755973,0.39650078,0.26253882,-0.000473854,2694.327549,2.236677114,6.887753418,25.16096983,-4.536593914,-28.84943008,-6.093891144,-26.05494881,-19.21649361,-8.773138046,-13.57697296,-12.42617989,19.26607513,-11.82415199,-4.199244976,-15.12885761,-0.308077872,-0.059531473,0.062116235,0.123792864,-0.028837791,-0.055685423,0.052884992,-0.096634932,0.093310021,-0.170894191,-0.148726687,-0.085728317,1
Woman00483.wav,272.4207993,347.2168248,273.9989169,322.0988531,331.5370699,306.9892516,-0.245449793,0.1456495,-0.000568034,2456.12542,6.203520836,7.949093663,9.365601565,33.66093445,-4.460493088,-9.877827644,-9.310624123,-24.46750641,5.140774727,-29.162714,-23.69274902,16.7081604,-35.81603241,-16.71096992,-21.03309822,-0.222435236,0.08348614,0.408883363,-0.11179661,-0.023910282,-0.077294074,0.104445845,0.01400234,0.063569784,-0.008472272,0.081662051,-0.07652276,1
Woman00484.wav,422.5640958,485.3986818,440,440,474.9990761,450.9091392,-2.405317406,0.17491218,-0.005265469,3292.460862,122.6475906,7.376397987,-37.30788355,60.50360489,32.9353447,-10.02710056,-27.80823135,26.14870071,7.89381361,-19.65540504,-11.40033436,21.03215218,-13.46062565,-12.79204178,-3.799033165,-2.840221405,-1.406263113,-0.225138173,-1.295403123,-2.577612162,0.846049249,-1.167496324,-0.637456298,-1.032359123,-0.829159737,-0.388830602,-0.966573358,1
Woman00485.wav,152.8910042,440,372.1377786,374.2935508,394.2662424,373.6931657,0.505519204,0.15946628,-0.000429592,2120.071406,4.782357436,5.795745405,-4.011663071,70.2411499,-5.472002029,-21.64906883,-40.52152634,-31.43435478,-4.541665554,-22.30363464,-27.06295776,15.83522701,-14.8851614,-1.639401078,-22.95757675,-0.214301184,-0.321455717,0.038839631,-0.034663599,-0.046709105,0.064994834,-0.014992819,0.11519371,0.219181299,0.188742846,0.036612429,0.151460782,1
Woman00486.wav,87.8128225,415.3046976,88.321517,415.3046976,415.3046976,285.4740526,-4.825733454,0.18895431,-0.000193599,2531.276164,-45.1203349,9.791777487,16.15329959,66.82320404,17.44327927,-9.373296738,-13.27188969,6.235314846,7.614012718,-35.22048187,7.336892128,15.03965664,-32.66759872,-3.811784267,-20.18346786,2.267580032,-0.006551609,0.20958437,0.138311923,1.630333424,-0.046436112,0.830616772,0.517378092,-0.671154141,0.88440609,-0.03486976,0.393220007,1
Woman00487.wav,335.3893451,422.5640958,339.2863816,345.2170031,351.7599845,360.8949043,-0.649130312,0.29350248,-0.00086656,2958.835572,-3.934320284,8.284674803,21.07739924,14.34619522,0.967118442,-14.12677288,-15.75134277,-12.47049141,5.768677235,-13.34058857,-12.30586243,3.016024113,-14.6150322,4.633512974,-12.7677021,0.335321903,0.255937129,-0.051847123,-0.016991334,0.011492006,0.150697082,0.01077269,-0.053862818,0.053970736,0.001014717,0.096511856,0.056390863,1
Woman00488.wav,210.0651529,422.5640958,417.7105332,417.7105332,420.1303057,383.7680862,0.018180868,0.21780917,-0.000708976,3701.43966,-8.272163807,10.04550196,17.38982081,-0.281830072,7.787374973,-31.44526291,-30.57105827,3.370193958,6.70775032,-29.29720688,-7.191464424,21.45861626,-34.21867371,8.582130432,-31.19115448,0.518595517,0.161133096,0.201930955,0.019799199,0.12149097,0.150530949,0.091800496,-0.057807002,0.150508001,-0.07984776,0.08376348,-0.014818489,1
Woman00489.wav,378.6426324,505.4272762,391.995436,394.2662424,398.8473955,409.9360892,-0.661521387,0.20552303,-0.000199142,3340.600025,18.60263105,8.282063993,18.16146525,0.948134422,15.56528378,-18.5000267,-38.55338669,-8.733005524,-2.761102438,-11.68010616,-16.21999359,12.62700939,-19.83161545,-1.564502358,-10.25349998,-0.654929519,-0.023396945,-0.309674889,-0.230059743,0.027671041,-0.0728622,-0.093342051,0.054812249,0.055374,0.166957274,-0.185834855,-0.301276565,1
Woman00490.wav,372.1377786,744.2755572,580.5834807,606.290636,731.4893486,642.7307242,2.064324004,0.17203364,0.000415449,2216.542943,-4.229955656,3.451958358,-3.151807236,58.85666656,-8.831970215,-43.03166199,-47.73913193,-3.239454746,-16.30161285,-16.47078896,-43.7569809,21.56936836,0.493101239,20.74646568,25.19735909,-0.155460939,-0.589118361,0.873230517,-0.296485066,-0.37072131,-0.030287467,0.074631713,-0.437237293,0.499506295,-0.145595163,-0.40722695,0.228880942,1
Woman00491.wav,220,437.4657865,322.0988531,327.7290419,345.2170031,324.442257,0.875558225,0.15716864,-0.000337195,2315.192594,2.195227169,7.396038078,16.0896783,43.21223068,-23.85798454,-2.011690378,-45.47269058,-12.75763321,-2.821724892,-32.39347839,-20.73686218,2.628278494,-19.63550949,-11.22959137,-8.806247711,-0.068418145,0.127029374,0.949300349,-0.153290823,-0.136469856,-0.181563765,0.066686675,0.130889043,-0.103095144,-0.122188061,0.189863861,-0.272515297,1
Woman00492.wav,417.7105332,422.5640958,417.7105332,417.7105332,420.1303057,418.3693928,-0.016891955,0.25902298,-0.000939156,3772.222187,-4.028306718,9.014792698,18.54805323,-0.28372398,12.24351978,-14.45495319,-22.89357567,-33.83450317,-5.978478909,-20.98647881,-13.56982517,0.571039855,-23.84370232,-4.618279457,-28.5793705,-0.029613337,0.003951053,-0.140270472,-0.205796316,-0.024237981,0.021731297,-0.153337792,0.151514694,0.171122193,0.031525671,-0.12290398,-0.0338885,1
Woman00493.wav,280.403338,374.2935508,337.3322358,358.4262271,369.9944227,345.5042535,-0.170256521,0.18399516,-0.001753882,2944.152942,-1.738476728,8.608803174,17.11917414,35.71659851,5.904425621,-24.10088921,-67.60688782,10.3745575,-6.880007744,-4.591756344,-21.76141739,18.00019455,-41.46164703,16.65336037,-9.794466972,0.001612001,-0.255879402,0.400695056,0.189230099,-0.251823545,0.069923148,-0.274322838,0.038210217,0.182664499,0.263608932,-0.007502206,-0.013228828,1
Woman00494.wav,220,333.4576446,221.274447,293.6647679,331.5370699,275.6384356,1.164791797,0.20261769,-0.000237122,2703.902805,-0.802120716,10.51134836,17.81923471,36.54422379,3.635365248,-0.825804174,-15.66665459,-4.466517448,-13.13218689,-20.92156601,-53.79494858,21.06976318,-21.20583534,-11.68407536,-14.2745924,-0.332561374,-0.704566956,-0.321762264,-0.46128118,0.344428003,-0.039842345,-0.350330859,0.245197967,0.221243009,-0.08366181,-0.095575914,0.101775452,1
Woman00495.wav,261.6255653,452.8929841,263.1411468,264.6655079,270.8517709,273.3502494,1.53116179,0.22653338,-0.000169181,3469.023668,19.49050712,12.80323959,13.95179281,20.90847778,24.53611946,12.20323753,-14.86858177,-40.81971359,3.525918484,16.1093483,-30.60904121,24.63878632,-10.87908077,1.784953356,-14.18659878,-0.732889891,-0.412146091,-0.278114557,0.029610895,-0.443526119,-0.076719351,-0.128121361,-0.009448173,-0.147484064,-0.216904476,-0.318822831,-0.112324238,1
Woman00496.wav,329.6275569,351.25129,335.3893451,337.3322358,345.2170031,339.8750814,-0.103853854,0.16146211,-0.001311829,3654.209281,1.358349148,10.76813043,16.67026049,23.08877182,38.9491272,-39.88844681,-23.78504372,-7.627387524,24.98594475,-17.21602821,-12.15877342,13.98549366,-13.06369305,2.125586033,-3.00589633,0.006127866,-0.318051368,0.113921493,0.431310445,-0.341080278,-0.057129115,0.340759844,0.101579025,-0.173339084,-0.203910276,-0.007783693,0.175628066,1
Woman00497.wav,387.4929844,437.4657865,394.2662424,396.5502035,408.1700115,402.5166747,0.223965669,0.16877405,-0.000221361,2602.095726,16.90523867,6.507045975,20.35047779,36.30160141,-24.09058952,-4.950369835,-28.59713936,-8.870541573,4.976186752,-3.98795867,-20.44451714,14.59799576,-10.12121105,3.446319342,-19.15795135,-0.447708488,0.234268323,-0.085573368,0.427364945,-0.172946319,-0.034587704,-0.053515136,0.080634832,0.222341508,-0.025082726,-0.058496527,0.036199976,1
Woman00498.wav,345.2170031,417.7105332,365.7446743,415.3046976,415.3046976,397.5912757,-0.305097896,0.27787697,-0.000516637,2011.936544,2.133574946,5.064399956,22.15631904,49.82810211,-6.88873148,-17.59418869,-36.29533386,-11.02318382,-3.18465519,-7.642418385,-18.74921227,6.274541855,-20.60890388,6.313027382,-16.23747063,-0.002185029,-0.156837985,0.019258695,-0.448364854,0.079213098,0.37593773,0.002426262,-0.100697935,0.092110105,-0.220747158,0.290134013,0.054755256,1
Woman00499.wav,244.1052839,412.9127185,277.5840566,319.3214662,329.6275569,306.7077703,0.264696964,0.14291778,-0.000273065,2223.449911,2.675476669,7.444633628,16.66160616,32.90643692,-33.3647728,1.985624194,-41.22496033,-22.08167076,-14.470891,-39.11738586,5.523210049,2.445648432,-9.621751785,-10.25593567,-15.11872292,-0.208687723,-0.120955326,0.055980433,-0.128188252,-0.015133406,-0.265295386,0.157005906,-0.079689324,-0.251705229,-0.036426269,0.004289125,0.048282336,1
Woman00500.wav,102.6336291,427.4740541,105.0325764,410.5345163,415.3046976,308.6330675,-0.211763802,0.19240096,-0.000460638,3267.222724,-1.417508577,14.54428309,12.48697773,24.52462196,9.87088871,-14.15909195,-24.67326164,-17.57318497,-2.59544301,-21.31449127,-13.01213646,1.015257478,-28.68874931,0.944543362,-22.81307793,-0.108050421,-0.12814483,0.46487996,-0.185243174,0.146223024,0.038304701,0.021077164,0.139773741,-0.236310974,0.058376234,0.166373298,-0.097154081,1
Woman00501.wav,325.8414615,372.1377786,331.5370699,367.8634116,369.9944227,355.113459,-0.016531512,0.17467326,-0.000312677,2823.461726,-10.95578152,7.961168239,19.02906626,23.26581573,-3.660646915,-19.29486656,-42.68966293,-20.07493591,19.11346245,-16.33665657,-18.7412281,3.582947969,-20.42455864,-4.482458115,-13.96026611,0.360754997,-0.383010566,-0.346324682,-0.475855589,0.20018737,0.445830256,0.0811565,-0.196147725,-0.020499259,-0.115374953,-0.033795524,-0.007790805,1
Woman00502.wav,337.3322358,618.6700483,347.2168248,420.1303057,611.5640167,483.5134668,0.468631219,0.17606856,0.000148327,2575.038281,8.701767322,5.554973811,18.22726339,46.54611588,18.94771004,-43.10706329,-40.77181244,-28.84196472,10.75270844,-20.62894249,-29.86222649,-6.26261425,-10.55367565,11.99625683,-17.88360596,-0.485083312,-0.132971957,-0.110176973,0.022863898,0.25593251,-0.025264025,0.044613611,0.189155519,0.120811425,-0.036230419,0.212277561,-0.388473362,1
Woman00503.wav,220,357.3910544,329.6275569,333.4576446,339.2863816,325.1311395,0.801830881,0.14793971,-0.000360307,2378.97703,-2.39257545,7.490143852,20.65390865,52.85124207,1.078194022,-3.664149284,-1.201031446,-37.51817703,16.49382973,-27.68366623,-22.93034744,12.53330803,-20.8946476,-3.475660801,-19.2175312,0.137022749,0.04525074,-0.053318836,0.206936792,-0.212422892,-0.422945917,0.494139493,-0.22500816,-0.105387852,0.118727267,-0.068581693,-0.037771836,1
Woman00504.wav,359.4613997,471.5803235,405.8191252,417.7105332,459.4862022,425.8598426,0.5955636,0.21092488,-0.001091493,2619.334368,-2.694814065,6.167102216,17.63098544,52.67487717,-2.067493916,-41.86894989,-28.171978,-28.94928169,33.47840881,-31.08488274,-19.89907455,7.717134476,-31.44605446,4.310913563,-17.85893059,0.190258443,-0.039811928,-0.084897019,-0.008453406,-0.036100786,-0.160259366,0.06902083,0.1948158,0.058952276,0.039170984,-0.194602326,-0.03631895,1
Woman00505.wav,502.5162293,502.5162293,502.5162293,502.5162293,502.5162293,502.5162293,5.87E-15,0.18344072,-0.014325443,4534.413145,-134.2367258,9.02341632,9.744853841,11.07434845,9.574085236,-6.031595707,4.850358486,-32.88964081,-15.834795,-24.71348953,-19.15351295,2.638251781,-17.88618279,-15.62016106,12.79454994,5.472859383,-3.014249086,-0.972694397,-1.135160446,-1.66430831,-1.771174669,-3.792144775,-2.017996311,1.912874818,-1.22328043,-1.894694924,-1.141506076,1
Woman00506.wav,357.3910544,391.995436,369.9944227,372.1377786,374.2935508,372.8721344,-0.052534761,0.20028113,-0.001019881,2401.816681,-8.452889904,6.452866648,20.3278688,28.96127892,-26.44101906,-11.96217537,-26.94453621,-39.03656387,7.246660233,-21.77571869,-20.69682693,15.44062233,-12.02612782,-6.41159296,-16.38127136,0.638124824,0.238403663,0.231620744,0.233015463,0.004479296,-0.213001505,0.174076796,0.074243687,-0.268832803,0.023592595,-0.074792452,0.02073325,1
Woman00507.wav,367.8634116,374.2935508,371.6019396,372.1377786,374.2935508,372.3089947,0.014582633,0.16180891,-0.000794758,3270.600483,-1.216435601,8.786926838,19.34506331,-4.361409187,3.245862484,-8.054731369,-44.248806,-14.49991894,20.22243309,-2.457384109,-15.46247005,11.60525894,-13.71924496,9.4155159,-3.855601788,0.101203762,0.426553279,-0.40905863,0.096694276,-0.54197675,0.315938503,0.105485171,-0.348203778,-0.183097899,-0.199699387,-0.133244067,0.023261502,1
Woman00508.wav,170.6259238,394.2662424,367.8634116,369.9944227,374.2935508,369.5678607,0.389777763,0.19436102,-0.001076042,2655.508678,1.684638595,7.198683833,15.3852657,45.42697906,11.26478767,-2.596634865,-38.83794022,-26.64941216,-2.222094297,-4.884524345,-29.21020317,28.49651337,-22.81767845,6.711591244,-31.8869133,-0.095647924,0.055853996,0.303107381,0.232527852,0.078621544,-0.104483269,0.147437587,0.239914939,-0.172442734,0.014467392,-0.027125571,0.190107524,1
Woman00509.wav,134.6458898,341.2518476,273.9989169,323.0318029,335.3893451,303.5559093,-0.203691129,0.14908242,-0.000323517,2404.565917,-2.505129194,7.928324962,16.66535369,61.1822319,-10.24624062,-10.65642643,-11.45722389,-45.52492905,13.93218517,-50.76872635,-18.58134079,2.213219404,-11.29724216,-2.548782587,-21.29858017,0.180949911,-0.103058949,0.109245554,0.375638276,-0.211513773,-0.348255515,0.213950053,-0.170577452,0.291699857,0.224332988,-0.398489237,-0.119101599,1
Woman00510.wav,309.3350242,376.4618113,359.4613997,369.9944227,372.1377786,364.8033313,0.186591062,0.16640331,0.000330421,3487.12712,-12.1554862,9.561250684,17.24169037,38.65061569,10.18978214,-15.15038395,-9.554994583,-29.23420143,36.59840012,-38.28385162,-1.952056289,21.89997482,6.191995144,6.326292038,-25.2361927,0.383975714,0.407740355,0.102055565,0.169318214,0.101199739,-0.017503986,0.003060563,0.177623376,0.068883307,-0.075530156,0.132248804,-0.024876973,1
Woman00511.wav,298.7979376,405.8191252,349.2282314,398.8473955,401.157895,377.9854017,1.083384715,0.20355982,-0.000656953,2501.471099,10.72350738,6.676263536,19.16130329,33.38922501,-14.24112511,-16.93626213,-36.16802216,-29.50052071,18.25344849,-11.10639095,-36.00719833,28.17325783,-17.83763313,8.2078619,-12.02855968,-0.457194775,0.288673043,-0.104817241,0.283135682,0.133893415,-0.200291216,-0.188860789,0.147273585,0.273275644,-0.003237217,-0.296992064,-0.070729531,1
Woman00512.wav,329.6275569,396.5502035,331.5370699,394.2662424,396.5502035,366.769467,-0.460685594,0.1448683,-0.000880822,2658.539155,-0.253007781,7.228943056,18.97247872,44.8373642,-24.73625946,-45.76807404,-38.11894608,-15.10810947,0.192356497,-3.865470886,-31.14554405,39.20614243,-25.54184914,2.942392111,5.747968197,-0.006200776,0.21948497,-0.359231979,-0.070700824,-0.28903392,0.127192914,-0.321146131,-0.000373847,-0.185676441,-0.002021175,0.02198148,0.054093175,1
Woman00513.wav,327.7290419,415.3046976,331.5370699,382.0156296,392.5631376,364.1487621,0.390353883,0.22709969,-0.000610167,3310.549751,-0.243670075,9.192380491,18.74054343,-0.024167513,-15.61211205,-31.0169735,-20.21124268,-21.53018188,22.09527969,-1.783031583,-25.07944107,21.2966938,-11.24982929,1.338168621,-6.224292755,0.14304328,0.097012587,-0.392311037,-0.234739199,-0.016837468,0.530516207,-0.108328626,-0.029676963,-0.070838913,-0.071288779,0.078613237,0.010835901,1
Woman00514.wav,300.5288565,351.25129,344.7199272,347.2168248,349.2282314,344.636592,-0.296885494,0.16092096,-0.000667913,3174.762855,4.518196288,9.221044684,18.24255343,24.38372231,16.77241516,-47.69395447,-15.69603252,-29.49316406,6.301079273,-26.12516022,-19.49524879,9.910459518,-16.52004433,-8.858183861,-11.36171532,0.309102386,0.263703525,-0.353276014,-0.086907193,0.092129514,0.099940076,-0.088384323,0.06628307,0.231152147,-0.165223569,-0.189503267,0.158805355,1
Woman00515.wav,216.2205317,220,218.7328932,220,220,219.3263955,-0.01144202,0.045672946,-0.000381725,3156.827767,1.693863696,14.39392336,5.36323257,30.66803169,-22.01746941,-17.0636692,12.9346056,-38.72273636,9.205103874,-18.30983543,-51.56243134,7.060767651,-37.60036087,-22.89760208,14.91876888,0.033745192,-0.524147332,0.75594461,0.096469276,-0.308798969,-0.136508793,0.28209281,0.304489821,-0.020240344,-0.126055256,-0.325016737,0.008077005,1
Woman00516.wav,363.63814,372.1377786,369.9944227,369.9944227,369.9944227,369.6922537,-0.025306558,0.26880884,-0.00164581,3013.301884,-6.729594489,8.148135727,16.00863564,20.00900459,-0.860714138,-9.551938057,-33.93291473,-18.72912025,8.483716011,10.33211803,-34.17424774,18.40287971,-9.270522118,-4.519407749,-8.487482071,0.545091927,0.372795075,0.056869067,0.239080548,0.074741587,-0.125184923,-0.115279451,-0.047231108,0.110191926,-0.062262323,0.119150743,-0.12368606,1
Woman00517.wav,229.0776736,353.286068,288.619783,325.8414615,345.2170031,312.6444955,0.384670469,0.1537922,-0.000197611,2762.69243,7.453757026,9.108699415,15.9999494,42.32907104,-3.334019899,-23.00683784,-41.60651398,-15.98365974,14.59072876,-33.33152771,-11.06386662,9.043084145,-30.86784935,7.487699986,-24.74657822,-0.327179939,-0.207723469,0.18127431,0.377340734,-0.333845377,-0.157752976,-0.015897281,-0.078120008,0.082076132,0.042793874,-0.084540963,-0.197964311,1
Woman00518.wav,80.52471328,378.6426324,81.46036538,234.4321104,241.6509569,197.4772491,-0.903936251,0.13725798,-0.00064112,2028.21597,-12.60099686,14.06423739,12.37139042,87.71984863,14.10321903,18.24526024,-10.2939043,-9.633892059,11.18308926,-34.18458176,-7.31799078,-7.110394955,-32.11299515,-5.116312981,-25.26225853,0.581678808,0.525746286,-0.324147999,0.019526882,0.258757412,-0.055742007,-0.164009809,-0.361401021,-0.176380575,0.033112939,0.014781768,0.132316947,1
Woman00519.wav,323.9647528,647.9295056,361.5437384,367.8634116,412.9127185,410.9841926,1.284854846,0.14553508,-0.000112179,2141.951044,-2.595978608,5.659910218,22.29620866,49.07483292,9.203246117,-6.017503262,-41.79141998,-23.45295906,-3.243943214,-5.006978035,-25.53825188,8.563463211,-20.8085556,9.801218987,-19.87385941,-0.057736538,-0.091122098,0.170824423,-0.121095769,0.093805097,0.034778673,-0.053999841,0.124551527,-0.220612019,0.130941242,-0.130704775,0.100197487,1
Woman00520.wav,290.2917404,410.5345163,311.1269837,401.157895,405.8191252,362.5613037,0.883449593,0.16940728,-0.001392307,2236.34656,-7.361418449,6.378776357,14.79651044,46.96738815,-38.33289719,-6.697113037,-40.96973038,-2.645679474,10.93370247,-14.90838623,-27.31669807,27.26044273,-20.64642525,6.164288998,-25.52285385,0.05593795,0.055449735,-0.178592846,-0.180600002,-0.021696543,-0.141648158,0.07817281,0.086785302,-0.26044175,0.035937857,-0.13862969,0.123517707,1
Woman00521.wav,230.404707,345.2170031,233.0818808,311.1269837,312.929324,285.0542154,-0.648263737,0.14779326,-0.000680743,3373.073369,0.980512442,12.00155896,15.02431564,19.00992966,-11.69795132,-28.01224899,-15.12877464,-22.71531296,7.779644966,-35.53103256,-7.870931149,15.41202354,-27.19649887,-2.582358837,-10.37902164,-0.008415638,0.017561013,-0.248387828,0.033585962,0.113942675,0.05265978,-0.089916609,0.01050965,-0.061070744,-0.138939589,-0.153520808,0.14462319,1
Woman00522.wav,205.2672581,273.9989169,239.9117012,251.2581146,258.6205394,248.3283291,0.162143221,0.1578663,-0.000239106,2287.380143,7.047163905,9.105152595,17.61085305,66.8678894,24.48470688,-8.594064713,-60.21907425,-12.76233578,9.250263214,5.28895998,-61.56535339,23.38484383,-25.77462578,-0.331343919,-11.60029221,-0.534016967,-0.070960999,0.194228202,-0.1675805,-0.079871282,0.290777087,-0.204575717,0.097801082,-0.283725411,0.026495054,-0.151176482,-0.157304659,1
Woman00523.wav,288.619783,437.4657865,401.157895,409.3522639,425.0119847,402.2765156,-0.02076225,0.16611369,-0.000420776,2726.098786,2.886955705,6.821945781,16.84541726,31.87289429,-19.19036293,-52.38964462,-45.42240143,7.85863781,-4.377527714,-15.61209774,-15.55922699,19.43145752,-27.5982399,12.5498867,-33.07948303,-0.084794842,-0.348167956,4.35E-05,0.037757125,-0.117928229,-0.071747892,-0.092875339,-0.000386475,0.055402827,-0.10406515,-0.159895375,0.017389091,1
Woman00524.wav,320.2437002,445.1125537,365.7446743,437.4657865,440,399.4105844,0.610637242,0.19998395,-0.000709574,2547.622267,1.302671629,6.397080095,22.12527511,26.35470772,-8.714996338,-29.70450401,-27.60476112,-27.22537041,-6.249968529,-36.34739304,1.197224021,7.651344776,-28.32966614,-13.24891853,-25.7644825,-0.12750645,0.119369715,0.124721073,0.003244123,0.06697762,-0.168797687,0.01504836,0.012414185,-0.015234924,-0.022473209,-0.189662144,-0.021139072,1
Woman00525.wav,222.5562769,300.5288565,291.9733833,291.9733833,294.9406549,281.0909167,-2.034574371,0.21424837,-0.001398078,2587.922693,-99.04157624,8.91586146,13.2426388,49.90439987,-7.050008774,-19.17240334,-24.177351,-14.04918194,15.07886219,-19.30205917,-12.77240849,15.87187958,-25.39075279,-4.829621792,-22.7055378,5.724511623,3.135588884,1.641818523,2.251729965,1.836671948,0.800429046,1.835273147,-1.495694995,-1.02462852,1.852365017,0.815870345,0.075597972,1
Woman00526.wav,325.8414615,417.7105332,349.7339961,394.2662424,415.3046976,387.2032869,0.156651775,0.17147025,-0.000460126,2720.549306,4.046462532,7.119146333,19.76736366,56.68954849,2.920419216,-49.29480362,-6.329190731,-21.11430931,16.99667549,-36.43310928,-16.16729355,16.54464912,-28.7755146,1.46894908,-32.5567627,-0.154128268,-0.186682865,0.076077327,0.162773371,0.227892891,-0.141363204,0.140102163,0.023708584,0.040036563,-0.020622522,-0.093104288,-0.056786049,1
Woman00527.wav,112.5711281,442.5488941,339.2863816,349.2282314,417.7105332,331.3928422,-3.432980818,0.10736304,-0.000963921,3724.400769,-1.001066909,12.89578958,11.84167291,5.506149769,40.18810272,9.222536087,-13.49985218,-26.35059166,-1.329979897,-4.378454208,-14.69481564,-8.024137497,-19.09801674,15.32378674,-31.14757729,0.127380788,0.412210286,0.616213799,0.389461935,-0.319839835,-0.585357249,0.686499774,0.128650188,-0.463578314,0.436126083,0.202240378,-0.316805363,1
Woman00528.wav,323.9647528,427.4740541,345.2170031,372.1377786,376.4618113,369.3794564,-0.472641926,0.16944793,-0.001289069,3016.4208,15.30478703,8.264031833,2.926044893,37.01221466,-5.993672848,-15.48248291,-35.02545929,-18.04214478,18.78978157,-28.6696949,-13.83698559,10.69856358,-22.30333138,2.34010005,-21.63111877,-0.342995197,0.176203027,0.062944323,-0.00913469,0.17884028,0.214072868,-0.064646244,-0.170231,0.052475873,-0.255380183,0.12023209,0.041953273,1
Woman00529.wav,363.63814,442.5488941,363.63814,365.7446743,383.0422479,377.6459964,0.541715737,0.23942964,-0.000196256,2973.377012,-2.339081781,7.876183211,20.93348468,13.77617645,-10.28326225,-11.18746758,-23.76680565,-32.07626724,0.999350727,-24.65735245,-2.498017073,23.00114441,-23.03313446,7.123791695,-10.92289448,-0.123263806,0.283143014,0.217207387,-0.076160528,-0.192272261,0.091561116,0.143699482,-0.014840254,-0.198837146,0.03572369,-0.216586098,-0.008368754,1
Woman00530.wav,337.3322358,403.481779,369.9944227,389.7377084,391.995436,382.7306193,-0.388636115,0.1968015,-0.000337119,2870.83658,-13.67346678,7.505482545,21.39504438,32.61623001,2.619130373,-22.23620033,-7.286804676,-32.23006821,8.234696388,-31.97581291,1.36745441,7.17133379,-31.69475174,8.109572411,-24.99510193,0.429069459,0.056572471,-0.427720159,-0.19246833,0.217736185,0.00772518,-0.021739839,-0.01874367,0.164091781,0.129734635,-0.101253912,0.169800237,1
Woman00531.wav,242.6993409,499.6219488,335.3893451,345.2170031,396.5502035,362.1333206,0.358906314,0.114764586,-0.000199866,3431.039621,12.45508574,9.531592443,2.734664008,23.06507492,-1.74648118,-17.32828331,-26.93518066,-6.904005051,8.41204834,-28.02287865,-30.74697304,13.91343117,-31.0796833,2.506280422,-30.7771225,-0.611188054,-0.239375874,-0.195756704,-0.045592412,-0.066367611,-0.135225579,-0.142874137,0.141108572,-0.249028355,-0.063723333,-0.092634059,-0.04038712,1
Woman00532.wav,394.2662424,491.0387428,396.5502035,415.3046976,415.3046976,413.9933382,-1.108179873,0.27930418,6.49E-06,2188.680843,-1.738890579,5.289619649,20.89439124,40.27106476,-38.57198334,-3.462567568,-26.60384178,-42.34326553,3.031862259,-18.1032238,-15.97442627,18.98370743,-18.15299606,-12.0320282,-40.19024658,-0.478825897,-0.258217305,-0.213158742,-0.244527727,0.079391554,-0.607445121,0.094283298,-0.043372918,0.420136213,0.006587085,0.085321277,-0.392570794,1
Woman00533.wav,131.5705734,365.7446743,134.6458898,359.4613997,361.5437384,283.0108113,1.040111726,0.18196705,-0.000625504,3408.110807,3.360916241,14.88277963,13.61256875,33.80312347,29.68488884,-3.777403355,-13.08212948,-25.73501968,11.91750622,-23.67643356,-24.61798668,28.44773293,-9.494405746,-13.17376041,-7.56415987,-0.314837366,0.136425033,-0.081419654,-0.421852738,0.100781247,-0.202362373,0.077386193,-0.129462689,-0.122652315,-0.147220701,0.12790902,0.001636516,1
Woman00534.wav,329.6275569,1875.456883,367.8634116,369.9944227,405.8191252,430.0935362,-14.98387242,0.20516835,0.000457621,2323.374492,4.681665684,6.119798913,16.94299926,65.8966217,-7.708456993,-25.31374168,-15.72340775,0.103484817,9.707297325,-14.25757122,-17.25914955,27.93522835,-11.0034008,10.16117096,-19.14448929,-0.265441149,0.458848774,0.235707581,-0.697571278,-0.034542628,-0.143352315,0.356867194,0.072835758,-0.34478721,-0.052576318,0.214764506,-0.011481471,1
Woman00535.wav,278.7883336,335.3893451,329.6275569,331.5370699,333.4576446,328.8163287,0.784272453,0.064659536,-0.000712936,2672.861363,-0.622901352,8.142892067,16.40959485,24.08586693,-3.702085495,-24.48910713,-37.44286346,-28.26457405,23.57108688,-35.84303284,-39.06193542,10.55931377,-1.907482266,-10.60285378,-2.081607103,-0.441312432,-0.624577165,-0.148344502,0.704301953,-0.435365856,-0.287216455,-0.08296562,-0.57561481,-0.026283866,0.81442529,-0.351263523,0.182184771,1
Woman00536.wav,226.4464921,412.9127185,227.7582832,410.5345163,410.5345163,347.4070645,-1.139866384,0.17270307,-0.000178873,1515.391869,-0.014321479,4.58137425,23.92627372,90.4631958,-4.951558113,-2.650332928,-56.54966736,-21.18466568,25.39391899,-25.09362221,-25.85455513,14.65907478,-22.5143261,4.290699005,-18.10829353,-0.02954312,0.028631961,0.149496645,-0.085227437,-0.090925381,0.142194241,0.079031028,0.010424279,-0.026727524,0.03469114,0.078361303,0.198116094,1
Woman00537.wav,323.9647528,482.6029911,337.3322358,427.4740541,471.5803235,410.9149056,0.861692859,0.17508791,-0.000510801,2447.58453,-8.125561593,6.163317544,15.73294807,47.6128006,-23.25772667,-7.662400723,-43.57818985,-33.9794426,25.84836769,-27.07533073,-15.9093647,10.77164555,-21.15103531,6.042691708,-30.05030441,0.560148358,0.180891022,-0.304369509,-0.374813139,0.219924256,0.208467245,-0.076950043,-0.175922632,0.137023687,0.069855601,-0.054170839,-0.046350136,1
Woman00538.wav,266.1986996,369.9944227,311.1269837,311.1269837,311.1269837,310.3649812,0.298666274,0.19953918,-0.000299479,2293.914447,3.202088031,7.386332895,20.92223263,41.11971283,-24.69854927,-8.245043755,-43.87739563,-20.62970734,19.08868599,-24.77831268,-21.79250526,12.5571804,-11.92484188,-7.179532051,-8.395274162,-0.31225425,0.185039401,0.356387317,-0.32129088,-0.144621983,0.123077944,-0.156169444,-0.117870279,0.019591374,-0.225868255,-0.181780353,0.250237107,1
Woman00539.wav,405.8191252,450.2845125,437.4657865,440,440,434.6708365,0.337844899,0.22608326,-0.000504584,2903.602209,3.112315238,6.666389494,21.84198719,7.326522827,4.239979267,-22.25720406,-24.81340981,-24.15542793,-4.710116863,-16.57354164,-14.95388889,17.79406738,-35.82011795,-6.73907423,-33.24555206,-0.367976338,0.210639596,-0.018548826,0.213963896,-0.220865667,-0.079598881,-0.55519098,0.484864205,0.024156777,-0.299425542,-0.184267312,-0.246536583,1
Woman00540.wav,244.1052839,551.172353,422.5640958,422.5640958,425.0119847,408.769677,-1.155591611,0.20017596,-0.001151023,3284.007834,-5.610518965,8.390537004,15.12305634,25.18509293,-1.957730532,-36.72554779,-30.50922203,-36.70252991,27.73421478,-30.06803703,-9.232792854,-3.289788008,-21.95021629,-0.875945807,-11.9950819,0.518806219,0.045652427,-0.022339374,0.069830202,-0.283128768,-0.14748393,0.155439392,0.076401524,-0.163710222,-0.127187461,0.023781536,0.26681307,1
Woman00541.wav,450.2845125,674.6644717,522.4977044,526.2822936,573.9149107,551.252436,-1.641940093,0.18662283,0.000272974,4084.022563,15.58073293,7.51260901,14.8844058,-9.295809746,19.59510422,-13.1357584,-26.67650032,-3.687097073,-4.614125252,-15.56119537,-27.51265335,11.50581551,-6.356290817,13.42298031,26.71626091,-1.236874938,-0.318693936,-0.010137653,0.624045551,-0.379431248,0.113522261,0.484483451,0.203955203,-0.472073495,-0.21771355,-1.05140245,-0.25035429,1
Woman00542.wav,168.6661179,425.0119847,369.9944227,372.1377786,420.1303057,363.6202298,0.237034205,0.19217603,-0.00096318,2097.681737,5.309063153,6.01718559,10.99733992,70.04772949,-5.667191982,-29.93736267,-27.62434196,-24.44464302,18.90171051,-20.44566727,-17.29561043,22.69842339,-19.36949158,1.464858174,-22.04746628,-0.090750188,0.238233164,0.065543681,-0.019582892,0.013255542,0.063050345,-0.019177526,0.005060475,-0.075022347,-0.030299803,0.047570974,0.08160115,1
Woman00543.wav,320.2437002,361.5437384,323.9647528,327.7290419,357.3910544,338.3411003,-0.247247822,0.1264448,-0.000717401,2524.165573,18.08022656,7.53450031,8.830389638,43.83951569,-21.66792107,-52.77769852,-44.83832932,2.834253788,18.89534378,-25.25541878,-14.67839241,-4.977356434,-20.97107124,-2.311140776,-17.84945869,-0.205955848,0.651602328,-0.127861306,0.068754077,0.188965216,0.183069587,0.014891415,0.237260416,-0.042123258,-0.050057847,0.164463788,0.076649912,1
Woman00544.wav,258.6205394,479.8234024,437.4657865,437.4657865,460.1458973,445.053402,-0.880497442,0.1844966,-0.000488609,1866.604799,0.089380948,4.203468618,22.37643326,66.38245392,-31.52517128,-18.98055649,-25.40006447,-51.17092133,12.5577631,1.155822873,-60.47083282,18.4034996,-39.35157776,-5.593532085,-29.19318008,-0.097149812,-0.271709353,0.206729576,0.057951096,0.209892362,-0.156635746,0.001335746,0.225994393,-0.103467576,0.272993803,-0.092845969,-0.132902533,1
Woman00545.wav,258.6205394,663.0741398,434.946169,447.6910645,450.2845125,442.5053887,-1.896108001,0.25499126,-0.00120083,3506.875705,-6.573618568,8.159757665,11.54931102,5.917224884,-15.52861214,-21.45919609,-36.58429718,-22.41628075,11.3608923,-4.993013859,-17.74801636,2.530711412,-9.546800613,-10.48080826,-12.2872839,0.335428029,0.32262674,0.90931499,-0.019052882,-0.250359446,-0.092492878,-0.510931551,-0.194532618,-0.135132506,-0.337800771,0.335091919,-0.319761366,1
Woman00546.wav,264.6655079,280.403338,269.2917795,272.4207993,277.182631,273.1638568,0.149225137,0.105862185,5.69E-05,2258.818099,7.348488569,8.265421645,16.46803785,55.98854828,-26.23521423,41.94129181,44.34613419,-35.40868759,8.912369728,-7.431594849,-0.227612764,15.41246033,-29.8579464,-2.433053255,-22.848629,-0.106771901,0.274143219,-0.23382917,0.319251686,-0.421120793,0.161743119,0.036473941,0.004610443,0.095947489,0.224585578,-0.316188186,-0.129282355,1
Woman00547.wav,114.5388368,398.8473955,339.2863816,347.2168248,391.995436,338.675853,2.090412731,0.18944883,-9.19E-05,3086.799332,2.720267282,10.31752067,10.97693073,39.02603912,15.11613178,-5.461912632,-37.82326126,-39.1411705,17.02624702,-12.2489357,-25.49912071,23.68465996,-24.10560226,-9.142038345,-8.765141487,0.115781516,-0.076993093,-0.039110765,-0.192456186,0.474571109,-0.077441789,-0.141624257,0.179597467,0.097617723,0.052077111,0.077413924,-0.010444383,1
Woman00548.wav,238.5299115,698.4564629,325.8414615,327.7290419,364.7279112,366.8246189,1.998438464,0.17514028,0.000134242,2210.775933,-0.353489841,6.3459521,19.57245844,51.8032608,3.844200611,-24.95378685,-51.48258972,-7.795235634,-3.388834238,-34.44257736,-16.21260071,7.501463413,-17.1169014,-0.469502062,-5.246914864,0.057050575,-0.009537091,0.265021175,-0.016881684,0.169665635,-0.239898264,0.177352682,0.263195872,-0.001732529,0.237848997,0.07869415,0.268453479,1
Woman00549.wav,311.1269837,442.5488941,345.2170031,347.2168248,353.286068,360.4123933,-0.575575147,0.183787,-0.000838088,2391.954547,12.87105995,6.687114442,12.71802388,53.85068512,0.841148555,-19.31101799,-20.80569649,-14.8742342,5.492988586,-30.73015594,-8.269001007,23.3560009,-18.94114304,-3.336346388,-17.88726616,-0.325255185,-0.076388717,-0.400615513,-0.193088517,0.131948814,-0.047607064,0.355550289,-0.412522703,0.051401474,0.018659657,0.085270651,-0.008324179,1
Woman00550.wav,337.3322358,378.6426324,369.9944227,369.9944227,369.9944227,368.6040516,0.15330364,0.11057186,-0.000123613,2178.54373,7.222046896,5.903314739,6.122598526,41.39251328,-3.123800516,-20.53871346,-27.32164574,-32.87098694,16.90453529,-9.864929199,-37.85543442,0.50895828,-15.07426739,-12.56441593,-5.115782261,-0.333234429,0.327665061,0.055960942,0.218715534,-0.107296765,0.141702309,0.330187827,-0.289046258,-0.139999747,-0.059258539,-0.055724282,-0.135190412,1
Woman00551.wav,266.1986996,339.2863816,275.5861765,275.5861765,329.6275569,299.2545391,-0.405180819,0.14867333,-0.000535257,2207.999953,-2.316747241,7.400955798,15.35668588,74.27002716,-15.24628067,-24.77447701,-18.80311584,-16.44385147,16.5069046,-36.47683334,-6.920229912,29.56108475,-33.06752396,-1.274484515,-34.14191437,0.242135912,-0.036969751,0.040954582,-0.163829759,0.022217898,0.283926606,0.021584321,-0.207913414,0.052802619,-0.07374154,0.0263795,-0.032151423,1
Woman00552.wav,347.2168248,499.6219488,422.5640958,440,491.0387428,446.6957857,-0.755925233,0.23773983,-0.001031458,2583.946003,-1.969178165,5.829457045,15.20226934,22.49967003,-33.08019638,-2.342286587,-53.52381516,-17.95119286,5.088203907,-12.30019474,-27.66773987,-0.40533635,-13.55212879,-13.34442997,-12.19056129,0.090490729,0.373517275,-0.009219655,0.032565653,-0.225749597,0.369200557,-0.007636672,0.074573994,0.223819539,-0.161412939,0.220949501,0.109427154,1
Woman00553.wav,194.8688542,427.4740541,198.2751018,201.7408895,408.1700115,273.3619063,-0.1494282,0.12082497,-0.000688254,2115.368514,-6.411217769,8.46779204,2.486300604,79.44651794,20.86790276,-5.781394482,-25.38453293,-19.84751511,33.45332718,3.990823746,-35.63161087,24.60816574,-26.01973915,-8.606750488,3.704489708,0.147550255,0.038195714,0.019883145,0.199330941,0.068107508,-0.017158827,0.103623368,0.256461054,-0.096369646,-0.017719047,0.034079365,0.116650209,1
Woman00554.wav,267.740773,347.2168248,275.5861765,341.2518476,343.2286994,323.3741877,0.498824088,0.15552978,-0.000589471,3471.570247,-1.397096986,10.75039828,15.74939131,12.25523376,-3.280849218,-14.93611145,-29.88820267,-32.80017853,11.55661488,-31.00599861,-3.483362913,8.545286179,-35.26141739,-5.158121586,-8.001031876,0.317261815,0.709040642,-0.030618709,-0.00172586,0.063264377,-0.224450618,-0.12456505,0.0025285,0.070800051,-0.022873461,-0.013825814,0.049840294,1
Woman00555.wav,246.9416506,278.7883336,251.2581146,269.2917795,275.5861765,265.5676668,-0.204427074,0.14420402,-0.000612427,3376.674737,-3.928457649,12.70028516,13.98030405,40.88632965,-0.547959447,-26.9381218,-18.56107712,-31.42790604,22.94967651,-32.9865303,-28.16047859,36.98433304,-34.24971008,4.504200459,-30.44468307,0.385868102,0.224339962,-0.043893017,-0.213620573,0.124679483,-0.017682087,-0.376739621,-0.24313204,0.208231971,-0.157375976,0.21494177,-0.066055343,1
Woman00556.wav,440,496.7443381,440,440,493.8833013,464.4091224,-0.445829107,0.25737202,-0.000175648,3497.133284,10.90290026,7.574805269,19.82640381,-4.066074371,-3.69985342,-11.29079723,-4.667972565,-17.40496635,-6.74122858,3.471654654,-20.68017769,9.779737473,-17.88620758,-18.48651695,-2.776228666,-0.619485915,0.399201334,0.273020476,0.121537365,-0.021771951,-0.187087387,0.033014361,-0.028000221,0.171875253,-0.094190247,-0.154252857,0.031710688,1
Woman00557.wav,201.7408895,323.9647528,277.182631,314.7421051,314.7421051,289.1441321,0.875803044,0.167452,-0.000112178,2224.093384,-4.548495752,7.723529684,14.0866971,96.10470581,35.18082047,-20.74201202,-0.767678738,33.02985764,1.136175632,-31.87065887,19.43648529,-20.40525436,0.844715476,-23.49037361,-15.33310413,0.18616645,-0.477894962,-0.279044122,-0.571249604,-0.560733199,-0.01449058,-0.280768275,-0.154218912,-0.104269058,-0.457499951,0.226806581,-0.143123507,1
Woman00558.wav,307.5533855,403.481779,312.929324,349.2282314,372.1377786,343.6430485,0.211335968,0.22392529,-0.000625642,1762.89495,-5.514944137,5.186616447,22.05996898,82.54231262,-10.26539612,-13.24116421,-51.13461685,-17.01961708,16.23601913,-10.3887558,-15.80561447,13.03218937,-29.88498688,10.30266762,-15.96978378,0.238526359,0.26339981,0.243928179,-0.001292752,-0.103149213,0.174539834,0.008060552,-0.065372013,0.025956726,0.180259183,-0.258134753,0.196324766,1
Woman00559.wav,345.2170031,405.8191252,401.157895,403.481779,403.481779,394.170577,0.255239907,0.17200089,-0.000178582,2663.435391,4.414088478,6.748407419,22.10907089,20.77109909,5.177596569,-28.34587288,-45.30972672,-12.34700394,10.86145973,-14.29643154,-37.84396744,33.73742676,-30.6021347,5.581061363,-20.8465538,-0.073434986,0.172753945,0.041247386,-0.066825733,0.025599524,0.10085053,0.078230023,0.010142739,0.091880076,-0.053591315,-0.035272602,0.025717404,1
Woman00560.wav,244.1052839,369.9944227,275.5861765,329.6275569,369.9944227,323.9665471,0.278543727,0.17673987,-4.08E-05,3050.909717,5.268229685,9.641514234,19.48846058,27.09361458,19.70168304,-49.10634613,-38.21833038,-27.04254341,-0.758450508,-26.18421364,-14.99208069,17.62881279,-22.6307869,-1.750435352,-15.44593048,0.110373862,0.591184437,0.068612911,-0.408725113,0.183305219,-0.015639914,-0.207161963,0.225696787,-0.263153791,-0.202746183,0.111206509,0.133199826,1
Woman00561.wav,,,,,,,,,,,,,,,,,,,,,,,,,,,,,,,,,,,,,,1
Woman00562.wav,233.0818808,302.2698024,237.1560803,267.740773,269.2917795,260.6671672,-0.314265604,0.08426067,-0.000165086,1521.058401,8.450387115,5.902084315,7.17407454,107.9591599,32.53723526,13.71630001,-72.76457977,-13.8505621,42.9765892,-5.070592403,-4.10660696,0.823356688,-10.20904636,-4.437627316,-11.12798595,0.02491679,0.281861454,-0.036155622,-0.457349509,-0.239414632,-0.048983615,-0.195751727,0.048126146,-0.062602334,-0.11355757,0.297972739,0.175114185,1
Woman00563.wav,363.63814,422.5640958,417.7105332,417.7105332,422.5640958,415.1578107,0.276829087,0.25395313,-0.001050567,3057.504186,0.029894886,7.382311452,19.70391866,16.54854012,-2.961987972,-19.94104004,-25.3666954,-7.202980042,-9.587031364,-19.98202705,-10.56207275,19.52216339,-30.53879166,-0.141909555,-20.26500511,-0.050501559,0.142305553,-0.145416811,0.026017996,0.031773746,0.006849888,-0.188027561,-0.012643087,-0.031309068,-0.255657911,-0.028767796,-0.08040148,1
Woman00564.wav,341.2518476,422.5640958,349.2282314,351.25129,415.3046976,372.8239651,0.48883978,0.13672096,0.000228675,3161.687507,8.833917318,8.448813524,9.620859522,16.38494873,-5.889399052,-26.35284424,-22.47159386,-19.74282074,-6.200005054,-23.30314445,-6.174871445,4.4112854,-22.79225349,8.229658127,-31.33187294,-0.444169939,-0.151566535,0.021133592,-0.066337436,0.132541493,-0.104690626,0.124538094,0.027377347,0.042758796,-0.00032154,0.013230925,0.072159998,1
Woman00565.wav,282.027698,420.1303057,396.5502035,415.3046976,417.7105332,397.0586669,-0.723664385,0.214865,-0.000249143,3009.509192,0.309862587,7.695264423,18.99870635,21.13832664,12.96349907,-36.96089935,-23.85400581,-10.19079781,-0.977784276,-25.50213432,-20.16964531,19.42674637,-22.88172913,-17.20490646,-20.55480194,0.06690833,0.34072569,-0.098473176,-0.040707555,-0.018269617,-0.184151292,-0.112884715,0.006640998,0.015223323,-0.064143449,-0.045077268,0.090225242,1
Woman00566.wav,363.63814,380.8360868,365.7446743,367.8634116,372.1377786,369.7616778,-0.079283124,0.14667554,-0.000688937,2757.878791,-14.26417336,7.457471833,18.89455404,23.90577888,-8.628627777,14.84790707,-2.586971998,-40.83753204,-1.771605134,-19.78243065,-18.37456322,11.81455135,-32.25972366,-6.069252968,-6.750509262,0.330361664,0.064722642,0.292229056,-0.195652351,0.671023965,0.281336963,-0.040218025,-0.143673226,0.202315062,0.314476311,0.148079604,0.199998394,1
Woman00567.wav,380.8360868,415.3046976,410.5345163,412.9127185,412.9127185,411.3903937,-0.223676071,0.20258798,-0.000435952,2054.25816,5.039445902,4.996935751,20.74189719,62.6948967,-15.13030815,-21.9360714,-72.21800995,-14.75807476,16.03186607,-37.0490799,-9.344744682,10.0521574,-44.50769424,16.95837021,-34.49087906,0.080497682,0.184276581,0.067320272,0.076685391,-0.12299864,0.169938654,0.05892184,-0.118349127,-0.019955961,0.139082208,0.033686448,0.022945119,1
Woman00568.wav,110,273.9989169,241.3014955,246.9416506,248.3721691,242.5877106,-0.014570641,0.14700586,-0.000345267,2542.617726,9.837571676,10.68914838,12.83068861,60.14008713,24.44869423,-5.7150383,-67.80019379,-32.63782883,27.74998856,-21.0355835,-27.53013039,2.456342459,-19.25722694,-9.163967133,-8.677650452,-0.404471695,-0.332387298,0.052827913,0.215477139,0.418475986,-0.283167452,-0.17190899,-0.114795707,0.063585937,-0.195114583,-0.117844038,0.21568948,1
Woman00569.wav,230.404707,367.8634116,329.6275569,365.7446743,365.7446743,349.8899688,-0.757458841,0.18308955,-8.50E-05,3412.19184,-13.63112818,9.678267495,4.694405631,8.40473938,10.28877926,-29.90098953,-35.47036743,-30.35460091,12.67241859,-30.65517998,-19.85814095,22.57781601,-17.99859238,6.872153759,-15.64451313,0.809011579,-0.004428157,-0.098898619,0.046125188,0.136673957,0.070665173,0.139576659,-0.092992783,-0.082827635,-0.058229718,-0.201346457,0.190101653,1
Woman00570.wav,297.0769882,442.5488941,359.4613997,367.8634116,378.6426324,370.9240903,1.65817597,0.23608351,3.00E-05,4033.123467,5.373183095,10.93366886,14.04935449,-15.1462431,-1.187548637,-9.620332718,-25.46701622,-19.08300209,-1.063158989,-18.61228371,-9.899580956,11.9556427,-10.73020649,-2.001427412,-12.74483204,0.131123543,0.625314236,0.122003891,-0.060257196,-0.03113178,-0.238934755,0.255361348,-0.27606234,0.057261232,0.026130566,-0.264393002,0.069733649,1
Woman00571.wav,229.0776736,331.5370699,293.6647679,325.8414615,327.7290419,313.8096064,0.983367014,0.13423197,-0.000426409,3581.074116,6.210809577,11.41635039,13.8677273,10.25520325,1.482650399,-9.588968277,-7.80280304,-27.51043701,23.39957619,-28.89695358,-20.74386978,5.085767269,-26.56599236,-8.637910843,-23.2063942,-0.618500233,0.257439643,0.522931874,0.32435897,-0.006983114,-0.285677254,0.074703418,0.008231365,-0.196421012,0.015838392,0.010731278,0.318272024,1
Woman00572.wav,329.6275569,361.5437384,343.2286994,345.2170031,347.2168248,343.9465997,-0.295776788,0.17198512,-0.001351055,2758.11433,2.44416263,8.019092542,15.64767726,22.98911285,-18.54277611,-3.526677847,-37.91766357,-19.54284286,-2.758363008,-28.40529251,-9.954027176,8.736395836,-21.61946487,15.77227879,-18.77171516,0.247266173,0.698414028,0.66407913,0.636741102,-0.092712469,-0.344788343,0.413412154,0.449293911,-0.908129036,-0.03883858,0.303569973,-0.052212782,1
Woman00573.wav,337.3322358,357.3910544,345.2170031,349.2282314,353.286068,348.7833382,-0.153774251,0.04625331,-0.001551365,1605.10114,-20.13639489,4.598474373,-59.09123288,111.5338058,28.37914467,-31.16657639,-35.0197525,8.482388496,31.88362885,-24.41402054,-4.272273064,11.16198158,-12.80972385,-4.106063843,-25.61895752,1.080010653,0.76003629,-0.195212021,0.526130974,0.168019906,0.076120205,0.537465513,0.061720304,-0.364693135,0.294786066,0.12640433,-0.059277344,1
Woman00574.wav,372.1377786,374.2935508,374.2935508,374.2935508,374.2935508,374.1673593,-0.003330055,0.24947049,-0.000284551,2615.207823,-2.628971279,6.989360598,22.03607886,36.84446335,-6.055015087,-10.63373852,29.98310852,-12.22971153,-12.61536026,-11.61338234,-46.55283737,14.44964981,-26.80044174,-9.79548645,-13.59612846,0.179591447,-0.044002652,-0.046164632,0.001876257,-0.124223053,0.021383818,-0.089097984,0.12391603,0.084467389,-0.137142465,0.059830349,-0.123042263,1
Woman00575.wav,339.2863816,417.7105332,347.2168248,353.286068,412.9127185,377.1739973,0.296229488,0.12650515,0.000548463,2097.1094,6.789176324,5.445192514,16.90064496,42.54175568,-9.604572296,-15.87886429,-23.59588814,-43.78337479,6.341833591,-21.03183174,-21.68754768,2.415079117,-28.49999809,-11.89417553,-16.0004673,0.079119414,-0.085812435,-0.02003371,0.104059912,-0.059411965,0.17742224,0.12611337,-0.147878945,0.123299718,-0.163414285,0.020793153,0.039472513,1
Woman00576.wav,205.2672581,333.4576446,211.2820479,259.3696262,267.7542245,249.5798635,-0.032363098,0.18792579,-0.00028391,2301.252747,16.23531106,9.408384197,14.69682724,59.89903641,-27.35893631,1.41167295,-36.05313492,-16.77458191,9.6617136,-11.77586937,-24.68377495,14.86770821,-19.24619675,1.164499164,-21.65794754,-0.470159084,-0.137588933,0.093936078,0.484580845,0.391713202,-0.241417855,0.450151563,-0.065435328,-0.088062689,-0.001835636,-0.015516571,0.098538943,1
Woman00577.wav,339.2863816,394.2662424,363.63814,374.2935508,374.2935508,370.5213561,0.422886782,0.207541,-0.000533199,2651.362015,0.66465878,7.179619337,20.04459896,36.04105759,4.565093994,-35.02618027,-25.98405266,-21.29683876,-5.36788702,-17.71976662,-25.30464172,23.24077225,-15.30474186,-6.02627182,-24.09619141,0.772050202,0.588039875,-0.48775053,0.05679664,-0.240664259,0.545105457,-0.303137362,-0.290497959,-0.001403493,0.161042467,0.023781737,-0.066993356,1
Woman00578.wav,339.2863816,412.9127185,345.2170031,345.2170031,347.2168248,358.845529,-0.67027105,0.13259147,-0.000179297,2044.281067,-7.049803254,5.73815973,20.98189539,47.84366608,-44.53756714,-20.88807678,-35.07151794,-28.97433281,-9.018325806,-40.29446411,-6.929588318,7.405472755,-21.17314529,-4.983187675,-17.45492935,0.146066159,-0.037254035,-0.273851901,0.081909977,-0.090491354,-0.255697697,0.032934181,-0.045070097,-0.14917779,0.05145989,0.03793769,0.192546129,1
Woman00579.wav,387.4929844,394.2662424,389.7377084,391.995436,391.995436,391.4448899,-0.042904873,0.17777926,-0.000411093,3124.936137,-14.00866764,7.981465885,20.76355737,-8.169840813,12.3600359,-15.04278278,-45.57518387,-47.09949493,10.4415617,-38.04183197,3.18287158,24.73230553,-37.61901855,-3.771464109,-33.97005081,0.544191241,0.331500292,0.226748779,-0.038479362,-0.445804954,0.254817367,-0.007784333,-0.047816057,0.044837326,0.041672859,-0.130033717,-0.067522019,1
Woman00580.wav,347.2168248,349.2282314,347.2168248,347.2168248,349.2282314,347.975224,-0.024730409,0.19751449,-0.003388314,1798.164344,8.057750922,5.168184734,19.95026963,51.38962555,5.662730217,-23.85807991,-58.4668045,-23.59760857,10.85442829,-9.487941742,-33.86632919,17.45429802,-30.50376892,2.165137291,-14.82803059,0.226505429,1.090149045,-0.333156049,0.740646899,0.198160917,-0.107165061,-0.230953485,0.176615536,-0.555371046,0.268209547,-0.08601331,-0.045622472,1
Woman00581.wav,212.5059924,214.9751931,213.7370271,213.7370271,213.7370271,213.7061935,0.002718796,0.113274135,-0.00093797,4125.207168,-8.171461166,19.30322708,10.94132387,20.90917206,32.30912399,-11.00782394,-23.99336815,-32.33156967,19.82732201,1.203977227,-40.3662796,10.97321033,-25.7361927,-16.82648849,-8.496878624,0.317178786,-0.076956339,-0.203889951,0.192430258,0.249189422,-0.140997171,-0.199111864,0.225519076,0.133770734,0.133620158,-0.193371013,0.02349177,1
Woman00582.wav,115.869714,437.4657865,277.182631,403.481779,412.9127185,351.170655,-1.293329429,0.2190209,0.000212922,2527.456559,2.611586975,8.121207786,6.284809156,68.42184448,-25.27968979,-4.812492371,-35.70472717,-36.01122284,17.63241386,-10.95800018,-21.41388512,8.017515182,-24.71975899,0.592541754,-24.14680481,-0.200853512,-0.077612072,-0.028955238,-0.012404352,0.335737437,-0.176653907,0.219818205,0.086448923,-0.189609021,0.067313664,-0.123113029,-0.058904964,1
Woman00583.wav,230.404707,273.9989169,232.4106543,272.4207993,272.4207993,255.393516,-0.522690136,0.13254566,-0.000166583,2324.060849,-1.878735742,8.975775071,16.49515071,79.25630188,-4.123546124,-30.46404076,-24.56830597,-16.80441284,27.74699593,-16.78630447,-26.97806931,36.4426918,-21.26614189,0.19557862,-13.10705853,0.28073281,-0.484324157,-0.620560825,0.061210897,-0.185761467,-0.09724611,-0.344484597,-0.154227614,0.18401438,0.279369593,-0.229490027,-0.230344251,1
Woman00584.wav,365.7446743,420.1303057,369.9944227,417.7105332,417.7105332,397.3364972,-1.403103714,0.15948027,-0.00147147,3811.431977,-9.18345006,9.574805834,14.1793219,-19.44347763,-8.629547119,-19.43284607,-22.93828392,-3.286434174,-0.648861527,-26.486166,-15.28024578,28.43008995,-26.06633568,-8.413108826,-7.104557991,-0.665291905,-1.625617266,-0.609993458,0.312600493,-0.726408303,0.621871233,-0.246755004,-0.876584411,-0.173747271,-0.308271378,-0.183043674,0.388237506,1
Woman00585.wav,258.6205394,535.481546,391.995436,394.2662424,415.3046976,413.5536944,-1.957689371,0.3222001,-3.35E-05,2479.358518,-0.479529444,6.140084231,23.30007348,36.91756058,-8.745676994,-13.77592564,-6.590794086,-22.68548584,3.529365063,-10.20795918,-26.95395851,20.43440819,-20.43384361,6.650767326,-12.35734653,-0.08901757,-0.155028105,0.090210922,-0.073771313,-0.071018502,0.087866239,-0.047747534,0.014588425,0.049761262,-0.044686623,-0.071968816,0.108171806,1
Woman00586.wav,335.3893451,425.0119847,403.481779,405.8191252,405.8191252,400.5255488,-0.502958938,0.2076289,-0.000319464,2678.680848,7.122348857,6.710262682,19.45476862,21.208992,-29.78972244,-5.266508579,-24.43460846,-17.23620605,0.724789798,7.191810608,-32.79549789,35.79717636,-16.11236954,-9.555187225,-18.95061493,-0.176753804,0.034936082,0.158039913,0.085779786,0.009283748,0.177735522,0.013003496,-0.003218586,-0.035433944,0.04602702,0.058450148,0.147554487,1
Woman00587.wav,260.1187129,337.3322358,270.8517709,270.8517709,323.4982779,289.0575165,-0.319894158,0.16853581,-0.000626712,1715.843053,-9.232574685,5.937624358,19.01593274,92.89196777,10.14502048,-13.65914345,-41.10715866,-33.91804886,27.46083832,-10.23471451,-42.91461945,24.04762268,-47.05804062,-1.989879966,4.530035496,0.154169545,0.692919552,0.59076494,-0.365950823,-0.074532099,-0.134674668,-0.179949582,0.355854303,-0.146961823,-0.049979299,-0.153406098,0.14568904,1
Woman00588.wav,391.995436,396.5502035,391.995436,391.995436,391.995436,392.593709,-0.121402003,0.06546341,-0.003832461,2147.919498,-72.6120683,5.471525977,-37.45380354,66.71327972,18.22423172,7.962864876,14.35157299,3.286835909,-3.913552999,-19.4896183,-5.761553288,3.487920046,-1.857151151,-4.773846149,-29.90781212,1.338912129,2.014328241,2.959674835,1.809936881,0.955580115,-0.106002927,0.212492302,0.575443089,-1.055060625,0.495302528,-0.2990053,1.412786961,1
Woman00589.wav,440,485.3986818,466.1637615,466.1637615,468.8642207,465.2123727,0.304307079,0.15546256,-0.000947866,2069.927494,2.241788392,4.45543526,17.49673874,36.16458511,-10.16563511,-41.63129425,-22.79868507,-21.27736092,-1.449320197,-2.17765522,-29.64684105,19.44966888,-27.42833328,-19.32613373,-0.910190761,0.021856854,0.378049999,0.22571598,0.165157974,-0.01201464,-0.11971923,0.12946628,-0.056613404,-0.295002073,0.051284552,0.069328472,0.194165349,1
Woman00590.wav,305.7820084,702.50258,347.2168248,349.2282314,685.468973,451.9987272,-0.222885846,0.27245596,-0.001147095,2707.162999,6.902114002,6.761515379,18.96789288,46.43651962,1.222926617,-9.648201942,-11.16629887,-24.38495827,3.93617034,-9.632732391,-17.23027802,18.09189224,-2.068586826,8.389112473,-5.964369774,0.054695413,0.193059236,-0.191811636,-0.141825333,-0.019889342,0.109744579,-0.162386626,-0.052849989,-0.03453609,-0.06430687,0.201661125,-0.063439839,1
Woman00591.wav,275.5861765,391.995436,343.2286994,347.2168248,387.4929844,355.8691774,0.278018019,0.12998055,-0.000627525,2707.027777,8.978177038,7.699824902,9.585774084,57.51018524,20.50947189,-47.69398117,-27.01693726,-13.57675362,14.70720291,-18.26457787,-27.03895187,6.142159462,-27.5109024,-12.14728451,-6.838154316,0.055810742,0.277225018,-0.0177396,-0.072800189,-0.075333744,0.079202682,-0.027721446,0.250725389,-0.344837904,0.133046716,0.032979585,0.039754126,1
Woman00592.wav,466.1637615,466.1637615,466.1637615,466.1637615,466.1637615,466.1637615,-4.63E-15,0.21295375,-0.001103321,2771.797669,-1.279824063,5.945974137,22.18305166,5.194282532,-27.81692314,-3.246008158,-35.22163773,-27.72734642,-6.839775085,-18.7630558,-9.478740692,-1.680352092,-30.55828285,-12.91751385,-4.588952541,0.263757974,-0.146616355,-0.003887524,0.09077809,0.050465718,-0.032005485,-0.143981576,-0.06995263,-0.003356176,0.120156579,-0.077246562,-0.073656403,1
Woman00593.wav,325.8414615,420.1303057,375.3776811,410.5345163,412.9127185,398.9116996,0.467193011,0.24581231,-0.000260094,2249.917702,-0.3754523,5.699868776,22.00886151,43.45684052,12.68607807,-14.16331863,-30.52122879,-25.81094551,17.96094322,-23.31440163,-9.951629639,19.87274933,-27.14274788,6.088743687,-28.82101822,-0.024103696,-0.105323188,-0.065860644,-0.064062811,0.124995492,-0.066417329,-0.070887394,0.149403661,0.114584267,-0.06092998,-0.11079935,-0.040610675,1
Woman00594.wav,99.71184888,355.3326334,316.5653876,347.2168248,349.2282314,291.0172442,0.181925614,0.25385684,-0.000749913,2699.582965,-4.974940369,11.52119387,16.22269975,22.01718903,-32.66383743,-26.06941223,-24.82399368,-19.25080299,0.509596646,-14.0443182,-13.87934494,22.06376839,-14.64192677,11.00587559,-8.583303452,0.316647649,0.115520552,-0.176156387,-0.068198726,0.158643305,0.223390117,-0.177603796,-0.144944012,-0.043141901,-0.056819968,0.111537062,-0.016795093,1
Woman00595.wav,239.9117012,349.2282314,264.6655079,270.8517709,333.4576446,297.431212,-0.004730788,0.16947769,-0.000823216,2648.917679,1.652877648,9.134299672,14.41919685,42.08034515,-9.555492401,-2.791345358,-34.5139389,-19.42567825,21.90621376,-20.32031441,-20.05174637,11.29669952,-19.62480927,7.494947433,-20.74524498,0.072399408,0.068373628,-0.345043033,-0.262842357,0.170479983,0.223467246,-0.046035703,-0.209010065,0.206585869,0.108733527,-0.042908743,-0.05148783,1
Woman00596.wav,270.8517709,351.25129,277.182631,329.6275569,347.2168248,319.5100915,0.489162006,0.15977071,-9.85E-06,2523.601397,14.97804376,7.893981935,17.83598939,42.57240677,-6.794466496,16.2302475,-20.52273178,-18.50842476,23.20548439,-13.39271641,-19.50104332,7.609480858,-21.13115311,-6.198466301,-5.40441227,-0.989120603,-0.278575271,0.588522315,0.499026954,-0.077625841,-0.704171896,0.208001837,-0.195299372,-0.016388696,-0.133182824,0.358131438,-0.045638017,1
Woman00597.wav,227.7582832,345.2170031,304.404809,335.3893451,341.2518476,311.3161753,-0.071277816,0.1892626,-0.001028842,3663.730024,8.226736165,12.19295882,14.90965861,-7.885267735,-11.00772858,-42.18764877,-35.85041046,-5.846330166,8.944930077,-19.23470497,-23.14583778,7.425741673,-25.80956078,10.10608196,-12.28489494,-0.013525762,-0.191595927,-0.13943541,-0.155378461,-0.34073472,0.45477891,-0.512705028,0.002922624,-0.064549901,0.157726854,-0.1613359,0.122880109,1
Woman00598.wav,333.4576446,394.2662424,345.2170031,391.995436,391.995436,372.8543082,0.317473854,0.20709899,-0.000932734,2264.671143,-2.809154326,6.107916092,17.74771596,40.23754501,-28.23188019,3.538127422,-46.63082504,-18.89430809,16.66821671,-21.61647606,-30.32220078,16.34395218,-23.23638344,8.612602234,-13.18278313,0.086290255,0.090407625,-0.025198728,0.073306754,0.335862577,-0.127795413,0.059680544,0.010447913,-0.048853453,0.040365998,-0.066375211,0.008050459,1
Woman00599.wav,345.2170031,410.5345163,363.63814,375.5029317,410.5345163,384.5481801,-0.217554381,0.17594004,-0.000662349,1801.674288,3.990634569,4.712194689,20.50515289,69.44255829,-41.2939415,-34.55813217,-29.64813042,-28.95096016,-1.882805347,-15.57359791,-29.39235115,23.26252747,-25.9192791,-17.62254333,-7.454820633,-0.04384521,0.019530216,-0.008529182,-0.035222229,-0.056740213,-0.042808127,-0.053117048,0.162594199,0.027716398,-0.10638877,0.022773346,-0.007505456,1
Woman00600.wav,396.5502035,529.3310159,440,440,440,452.3979946,-1.3685122,0.184164,-0.00150334,2808.688885,-9.948717259,6.208106669,22.48995497,37.25889969,15.88657856,-54.68159485,-2.715008736,-34.17842484,-2.740543604,-20.90644264,-45.26540375,19.50765991,-30.53163719,-16.17547989,-22.1466713,1.004700422,0.741687536,-0.232666954,-0.042225506,-0.339123249,0.166867167,-0.236991271,-0.177322894,0.092225187,0.013596095,-0.136389449,-0.426693857,1
Woman00601.wav,218.7328932,429.9503861,383.0422479,412.9127185,418.3154763,392.839273,-0.193947099,0.16159043,0.000109713,3006.242955,2.735034402,7.5695432,16.84858833,20.64097023,-10.1512022,-29.03619576,-30.641222,-12.48211479,3.916652203,-35.41708755,-25.15089607,16.67103958,-25.13307381,5.718771458,-32.68606949,0.317380548,-0.314957708,0.050042819,0.050633606,0.219462618,-0.00273233,-6.00E-06,-0.039492719,-0.063006252,0.181448728,0.137124956,0.250549853,1
Woman00602.wav,282.027698,374.2935508,347.2168248,349.2282314,349.2282314,343.9144801,-0.157421305,0.21668178,-0.003888771,4653.192739,72.84074954,13.53315922,11.32614454,-0.637423456,27.99071312,-35.95853424,-25.28761292,-9.499725342,11.93156338,20.57982635,-41.64860535,4.644843578,-28.04783058,-3.849051952,-8.674916267,-1.53027308,0.390716612,0.441615045,0.110464871,-0.161614731,1.073421597,-1.346552134,0.833340585,0.00063358,-0.368713945,-0.572625697,-0.175608411,1
Woman00603.wav,,,,,,,,,,,,,,,,,,,,,,,,,,,,,,,,,,,,,,1
Woman00604.wav,273.9989169,488.2105677,302.2698024,319.3214662,422.5640958,365.9207273,-2.462115897,0.12758608,-0.001287496,1942.046356,-11.4117791,5.564367801,12.46616832,90.05670929,-39.79817581,-37.08889771,-17.91351128,2.421028614,-3.059992313,-35.21641541,2.691667557,-4.976625919,-31.44568634,-0.838266671,-18.64694786,1.272547245,-0.10630022,-0.307654977,-0.282026142,0.585318506,0.100360438,-0.194298819,0.664313972,-0.310269654,0.376887739,-0.239761844,-0.091653064,1
Woman00605.wav,261.6255653,417.7105332,325.8414615,335.3893451,376.4618113,347.2320713,0.898329644,0.16039014,-0.000227059,3437.114573,-3.459031768,10.11619542,14.27626993,5.643821239,-7.800397396,8.727861404,11.01422882,-33.89093018,1.296847343,-11.81020927,-13.58366871,4.654595375,-16.54485512,-0.226523757,-19.44062042,0.502794147,0.023755528,-0.621719539,-0.014590865,0.105161235,0.307848394,-0.13049157,0.083129272,0.349169582,-0.133022755,-0.005219959,0.069564037,1
Woman00606.wav,335.3893451,752.9236226,369.9944227,374.2935508,748.5871016,547.2287397,0.087926393,0.22986066,-0.000464377,3155.486983,-11.0455502,6.351727149,20.78781746,-1.306575894,-9.427294731,-17.6268425,-32.72776031,-17.66634369,21.01216698,-16.71740341,-10.53987026,30.74808121,0.207949862,6.488618851,-13.12809753,0.472756863,0.001090772,-0.39904958,-0.47570917,0.185611516,0.143368006,0.105882719,-0.242150158,-0.154448897,0.005758828,-0.104992911,0.146071315,1
Woman00607.wav,242.6993409,587.3295358,327.7290419,369.9944227,410.5345163,369.5231347,-0.842299824,0.13634525,-0.000107185,2233.092287,1.479979161,6.373878154,3.947018348,65.84057617,-1.571370482,-21.87856865,-37.55682373,-21.41896629,29.75271034,-25.89538574,-23.07053566,1.913250685,-18.94427109,-0.876830995,-21.62281609,-0.086888686,-0.041652128,0.453166991,0.279077947,0.146484643,-0.0147542,0.143413007,0.156769603,-0.049460776,-0.003634894,0.194632456,0.019129265,1
Woman00608.wav,32.70319566,365.7446743,269.2917795,275.5861765,277.182631,255.2223745,-2.129267049,0.10170804,0.000102222,2230.225724,-14.45730131,8.780440471,-11.80750034,91.17240143,24.45993042,-13.29222012,-2.725534916,-19.39882278,21.0221405,-28.35961533,-7.391840935,15.35276794,-19.38018799,0.380620897,-24.8338089,0.554414451,-0.154782578,-0.031507798,-0.284037948,0.151619896,-0.110196531,0.196646482,-0.02010387,-0.067080744,0.270908982,0.089107342,0.083801597,1
Woman00609.wav,206.4563593,425.0119847,226.4464921,374.2935508,412.9127185,339.321778,0.151761162,0.18232003,-0.00039529,2715.879821,-9.47716279,7.954748302,16.69215138,40.26946259,32.00912094,-18.49363327,-19.00452805,3.159207821,7.236001015,-35.368927,-4.28847599,6.842642784,-27.58004379,4.779715538,-27.12819672,0.421005398,0.269831806,-0.305869788,-0.155340075,-0.018984471,0.054119375,0.08786191,-0.011892163,-0.042564463,0.047363661,0.017433463,0.112086356,1
Woman00610.wav,257.1309947,353.286068,326.3133566,343.2286994,343.2286994,330.8269575,-0.275444008,0.21640834,-0.00066059,2004.266934,8.297464072,6.071702698,7.521791071,49.49560165,5.592766285,3.569504738,-30.12672997,-12.60658741,-0.393364668,-30.94334602,-22.46392059,9.645467758,-18.40014076,8.560055733,-13.5400238,-0.306746274,0.066944487,0.30903703,0.039948639,-0.211548388,-0.128491879,0.246174559,0.041292265,0.13206327,0.17077513,-0.078524232,0.159029365,1
Woman00611.wav,322.0988531,744.2755572,363.63814,739.9888454,739.9888454,639.3779977,-0.232022324,0.34532815,-0.001157453,1506.176803,2.418066206,2.628329233,26.08025207,77.4916153,-31.79782295,3.811127424,-38.73728943,-37.54185486,-11.11487198,-0.593460798,-11.2631197,21.21986198,-22.0980854,5.178063869,-3.113342285,-0.120156892,0.066515736,-0.225129381,0.109281465,0.083451509,0.149002343,-0.269396991,-0.124992676,0.091049992,-0.055485364,-0.106959201,0.018676637,1
Woman00612.wav,316.5653876,378.6426324,374.2935508,374.2935508,376.4618113,366.2734699,0.514307562,0.20585087,-0.000827238,2660.136131,12.61536488,7.273126001,17.42900288,31.13720894,-47.00061035,3.792784214,-55.52111816,-5.937411785,1.341669679,-18.09296608,-10.08942795,28.7652092,-21.44324112,4.229122162,-5.207510948,-0.679369211,0.665354431,0.124930859,0.342928141,-0.052789614,-0.151935831,0.382009447,-0.268417239,0.346503228,-0.260078609,0.228904828,-0.154166281,1
Woman00613.wav,410.5345163,932.327523,415.3046976,415.3046976,885.0977881,591.9039313,0.045242745,0.24690518,-0.00128187,2468.332334,-4.741413772,4.797273759,14.51450416,31.18115807,-38.32012177,-67.70547485,-11.99401283,-35.11647415,-4.823237896,34.18231583,-2.041275501,20.92605782,-16.99549294,10.41142464,-30.18656158,0.247885719,0.045853827,0.408745199,0.148751259,0.137591794,0.151193321,-0.084861778,0.38114363,0.221554875,0.034048941,-0.208677888,0.058169749,1
Woman00614.wav,244.1052839,347.2168248,246.9416506,248.3721691,320.2437002,277.1018674,-0.105691232,0.12454517,-0.001182611,1934.59053,-4.380076596,7.356605798,13.14159505,97.43926239,9.183395386,-4.168821335,-31.50286674,-26.93564224,31.74273872,-34.87255859,-18.40810966,35.01456833,-32.13712692,-6.232398987,-18.86065102,0.200564891,-0.020414496,-0.377814174,-0.076700106,0.151698679,-0.298864543,0.236646339,-0.169518441,-0.076159716,0.07697086,-0.204855621,-0.117369078,1
Woman00615.wav,343.2286994,437.4657865,432.4410634,432.4410634,434.946169,430.1474717,0.89828179,0.05537242,-0.000592766,1976.725188,-30.80155248,4.63659786,-63.07714871,62.44258499,1.689365268,-46.64935303,-49.96485901,-31.81828499,17.32603073,-18.89343452,-18.23004913,5.746346951,-23.26202583,-15.35540009,-13.63890839,0.540171444,-0.238856584,-0.111240245,-0.235469356,0.239131764,0.066497386,0.449892819,0.27426526,-0.213465542,-0.023805182,-0.099432021,0.191287279,1
Woman00616.wav,269.2917795,429.9503861,335.3893451,401.157895,405.8191252,370.9201006,-0.464252783,0.1737095,-0.000544222,2847.388337,-3.371665228,7.613736651,11.91458543,33.05042648,-2.417617083,-28.37679672,-32.82907104,-10.50980759,6.380683899,-20.86215401,-22.46618652,17.84539413,-25.48607635,7.665140629,-19.00551605,0.129894584,-0.065864548,-0.122829229,0.070418559,0.061213445,-0.003618845,0.049558852,-0.167779997,0.062735081,0.08061108,-0.044919509,0.041688163,1
Woman00617.wav,244.1052839,761.6721737,245.5193714,258.6205394,258.6205394,286.4009078,-1.264995715,0.2375543,0.000271292,3020.932687,-2.034998137,10.98038384,17.01015199,48.60042191,30.40512848,5.130247116,13.79403114,-48.14833069,23.87091255,9.989279747,-27.33396721,9.330770493,-20.95973396,-16.39225006,-12.62122536,-0.201577529,-0.11832992,0.164459795,-0.433373064,-0.295874268,-0.298166901,0.431764781,0.091730826,0.308135152,0.227319628,0.057632942,0.14747639,1
Woman00618.wav,248.3721691,252.7136381,249.8109744,249.8109744,251.2581146,250.2858103,0.013674558,0.1676814,-0.002462935,3121.653715,9.22567595,12.4734114,12.68660019,42.03635025,6.219120979,-10.8662653,-14.37027454,-31.90822029,13.87009811,-31.39479065,-2.197795391,8.61013031,-8.61249733,-10.76927853,-22.97645569,-0.059488207,0.249134615,-0.135537133,-0.108809546,0.385124445,-0.062735707,-0.484850705,-0.089637652,0.20110625,-0.316847861,-0.027339386,-0.241756827,1
Woman00619.wav,230.404707,278.7883336,230.404707,235.7901618,235.7901618,237.5496875,-0.212674376,0.16308707,-0.000545731,2311.387711,12.10046701,9.816256947,20.57597495,56.51659012,25.2253952,-13.49885559,-43.57654572,-36.24852753,22.26892281,-19.58609009,-29.045681,6.079482079,-14.46281815,-4.473537445,-15.57273197,-0.36819458,0.063352421,0.054479696,0.351454318,-0.133347362,-0.166181669,0.024321733,0.003608565,-0.085355051,-0.067278355,0.037850462,-0.03035379,1
Woman00620.wav,374.2935508,420.1303057,383.0422479,396.5502035,415.3046976,397.7492347,-0.10947268,0.11414831,-0.000894097,3042.859744,4.977021208,7.632834391,14.08894297,21.02421951,-1.740019917,-16.36729813,-27.52957916,-10.47403622,15.35024166,-34.56753159,-0.47774747,7.689239502,-19.02101517,0.976013839,-32.45823288,0.041713219,0.242818713,0.107766926,0.194529578,0.11324054,-0.09870255,0.110986091,-0.015258849,0.057571363,-0.003329759,0.006488936,0.074602969,1
Woman00621.wav,226.4464921,440,331.5370699,339.2863816,396.5502035,348.5679863,0.142736091,0.13544346,-0.000895978,1998.495434,19.04363754,5.785176997,20.03509534,63.69248962,3.123641253,-54.64968109,-40.7534523,-16.71831322,12.27877617,-33.68439102,-23.13226891,17.29345131,-35.17148209,1.683029771,-16.23686218,-0.505491078,-0.278174371,-0.175275281,0.124731027,-0.49146679,-0.106214844,-0.490995377,-0.446066499,0.03428331,0.006140444,0.291016191,-0.109384179,1
Woman00622.wav,369.9944227,378.6426324,372.1377786,374.2935508,376.4618113,373.8026095,-0.030860831,0.21089631,-0.000908891,2636.828042,0.083452793,7.055303547,20.86791483,32.86714935,-16.0983696,-20.58076286,-42.68169022,-17.45037079,34.59870529,2.230652094,-13.66773129,35.06689835,-11.96602249,9.956311226,6.685889244,-0.047693193,0.249482796,-0.013436882,-0.154526561,0.011802777,0.139392942,-0.090199977,-0.049918659,0.00722271,-0.043904491,-0.007910572,0.071519949,1
Woman00623.wav,213.7370271,282.027698,218.7328932,238.5299115,260.1187129,241.9586436,-0.262314587,0.15928024,-0.001330917,2893.775184,4.355563978,12.03834,10.06082635,45.1898613,-5.844221115,-12.63466358,-44.65726089,-23.16891479,14.17181683,-23.42224884,-32.07224274,12.90282345,-14.32613754,-6.935321808,-18.47302246,0.204543278,1.01554358,-0.003713746,0.278490335,-0.126317546,0.149225548,-0.098365635,0.226521224,-0.179700047,-0.148089647,-0.042193819,-0.069875725,1
Woman00624.wav,81.93226047,369.9944227,186.0688893,363.63814,367.8634116,297.2490909,-2.640605175,0.22557425,-0.001126394,2514.87036,-18.27742471,8.768732461,16.08165812,54.16625595,1.74981308,4.566139698,-14.22768116,-12.48473072,5.462926388,-8.753151894,-17.92584229,15.32028866,-11.28891182,-0.172821999,-14.74924374,0.919907868,0.712497056,0.302121282,0.123734444,0.267011821,-0.375098407,-0.183992654,-0.02519544,-0.009802712,0.459144056,0.186943576,0.108407028,1
Woman00625.wav,323.9647528,410.5345163,343.7257754,389.7377084,391.995436,370.0076292,-0.129823949,0.17478526,0.000560121,4306.219314,-5.848028953,11.67873523,12.96355843,-2.000150919,41.09472275,-31.31515121,-38.71371841,-22.70005989,19.98992729,-29.7105751,-12.90216637,25.22156334,-30.18744087,4.421211243,-26.65910339,-0.147748768,-0.467048764,0.230309546,-0.401717961,0.464834392,0.17011182,-0.188863635,0.248485595,-0.013751633,-0.074193276,0.22966519,-0.124134459,1
Woman00626.wav,239.9117012,529.3310159,329.6275569,440,523.2511306,424.5345961,-0.519381168,0.13681509,-0.000256588,3581.891773,-12.72401773,8.969544652,17.69475585,7.220877647,22.82567024,-32.81495285,7.921849728,-28.87657738,-7.811748028,-9.363841057,-51.7981987,18.20503044,-19.4187088,-12.56486511,-1.737681508,0.332613349,0.495108545,0.135031432,0.184385851,0.089269444,0.108609572,0.150362119,0.094783947,-0.122278407,0.131278083,0.030016262,0.044954091,1
Woman00627.wav,83.36441116,335.3893451,163.1566783,246.9416506,323.9647528,237.0131237,-3.093972474,0.142371,-0.000451477,4370.785608,-0.602141755,21.6038278,8.105787155,27.41197968,24.46343994,-6.37229538,-3.119584799,-61.80255127,10.14643669,-5.599083424,-26.79915237,17.49419022,-5.377733231,5.034161091,-23.60868835,-0.553838193,-0.801503778,0.409193516,0.253944159,-0.186927766,-0.437172472,-0.051576942,0.304074377,-0.221844554,-0.037253089,-0.013318408,-0.109472379,1
Woman00628.wav,323.9647528,372.1377786,331.5370699,363.63814,367.8634116,355.9680375,0.156985752,0.17487961,-0.000450417,2613.25175,2.076540809,7.305481505,20.84007663,38.80801392,-16.3148365,-31.57524109,-13.59831715,-34.6486702,-12.97301769,-29.5159359,-20.36871147,24.3556366,-34.4939537,-0.21954076,-10.59714794,0.009470097,0.065052375,-0.067624301,0.396440446,0.04040591,-0.222435892,-0.061896723,0.153601587,0.135290459,-0.179068238,-0.139893875,0.052800246,1
Woman00629.wav,71.73936384,427.4740541,372.1377786,376.4618113,410.5345163,362.2554846,-6.802508003,0.1841653,0.0018663,2285.008132,-29.31105004,6.453306339,14.83064504,77.95393372,18.3478756,-25.32494354,-26.50918388,-3.59250474,28.39962387,-35.85269547,-6.073338509,29.6650238,-25.45752716,5.309085369,-17.99807358,0.596562207,-0.073551901,0.899407446,0.383449048,0.433888018,0.362002403,0.399071246,0.010542175,0.218109384,0.551821768,0.122908592,0.149270445,1
Woman00630.wav,333.4576446,508.3551866,367.8634116,394.2662424,447.6910645,403.59473,0.850129118,0.22997431,-0.000513193,3632.342557,-21.32582057,9.303149074,12.88271348,12.68093777,-10.49228764,-15.34064674,-14.96830845,-5.293569565,-6.249613285,0.904009461,-13.78373337,9.153158188,-14.22514057,-1.175545573,-6.23914814,0.401013821,-0.754420638,-0.445897639,-0.131797329,0.24998416,0.31145075,-0.18069613,0.020470429,0.233388424,0.312647432,-0.082920767,0.14163518,1
Woman00631.wav,314.7421051,420.1303057,351.25129,369.9944227,396.5502035,369.5018995,-0.198899965,0.2045032,-0.00074806,2565.432431,13.96134696,7.00049046,19.0290786,40.55563736,-16.13409233,-34.07088852,-48.74620819,-14.91602993,18.5293808,-32.41215515,-14.57752132,15.08266926,-29.14375877,16.56859779,-41.95186996,-0.245000333,0.062740102,-0.159740821,0.285629511,-0.040627204,0.012713402,-0.103458986,-0.108386457,0.051643223,0.120925903,-0.101841956,0.105073519,1
Woman00632.wav,272.4207993,291.9733833,273.9989169,275.5861765,275.5861765,276.408226,0.322096268,0.15621583,0.000783653,3060.321099,5.107159865,11.07697297,14.51254983,20.96272469,2.119139433,41.34592438,-2.233397722,-13.93271351,-15.77860737,-0.337195069,-8.622891426,-18.59933853,-14.12783718,-12.31995678,-41.17243958,-0.352717012,-0.348175883,-0.638994753,-0.273392826,-0.006877493,0.623711228,-0.386483043,-0.147598013,-0.130691871,-0.249396801,-0.339243084,0.726241291,1
Woman00633.wav,347.2168248,445.1125537,420.1303057,432.4410634,440,416.6828638,-0.512614227,0.2451888,-0.000370623,2510.187815,5.880917709,6.066751446,24.52204573,17.274683,-8.291978836,-25.6063633,-41.80794907,-36.00437546,13.21123981,-7.368891716,-25.52752495,9.929271698,-16.83563423,-3.697395325,-29.95527267,-0.192012414,-0.102821648,-0.009785628,0.190330595,0.104568318,0.027585564,0.006688838,-0.145757824,0.177301869,0.154791087,-0.000189636,0.019977383,1
Woman00634.wav,214.9751931,331.5370699,249.8109744,249.8109744,252.7136381,258.4400914,-0.043140621,0.1708642,-0.000537083,2088.823637,1.916119363,8.158527897,18.16392946,81.39884949,-2.681283474,-3.059156179,-29.44366837,-26.10117531,25.86029243,-35.93250656,6.850586891,24.12905312,-23.69091797,-3.835449219,-14.04075336,-0.085477449,0.039496321,0.090248547,0.218619794,-0.065518953,-0.001336697,-0.131011724,-0.004769602,0.209139958,0.039161425,-0.184223503,0.015012898,1
Woman00635.wav,154.6675121,485.3986818,302.2698024,307.5533855,425.0119847,348.2837913,1.880683031,0.22789751,-0.000440252,2923.873786,0.802270387,8.565733294,10.79550377,58.6186409,18.5532608,-25.68819427,-30.13897896,-16.11503601,4.011754513,10.36847878,-23.82880783,2.191569328,-6.481119156,-0.994899929,-11.18835163,-0.307649732,0.106476344,0.555569351,0.018629244,0.056884933,0.359236032,0.374552995,-0.062905967,0.126541123,0.085722849,-0.417558938,0.034301776,1
Woman00636.wav,347.2168248,723.0874768,351.25129,723.0874768,723.0874768,599.3887492,0.013432436,0.30149505,-0.002156282,3114.630496,-8.654429134,5.727353837,14.43255827,-9.314963341,-8.526450157,0.023740733,-31.53322411,-25.56488228,-11.13869858,-3.322360516,1.119159698,14.09036255,-11.96665287,8.846536636,0.899585187,0.137140691,0.014357636,0.148598641,-0.053016949,-0.026838936,0.246727377,-0.162062615,-0.199974522,0.000856202,-0.139344752,-0.159518793,0.044210639,1
Woman00637.wav,229.0776736,266.1986996,245.5193714,260.1187129,263.1411468,255.8591497,-0.203852432,0.17855664,-0.000483339,2913.753558,1.951878345,11.45426593,14.57564955,54.89970016,21.40809441,-8.81205368,-23.14038086,-5.842423916,22.46245766,-49.47769928,7.397558212,12.23176193,-44.02616882,2.858577251,-7.895454407,0.00786635,-0.111692898,-0.149715096,0.009441644,-0.127994627,-0.1825542,-0.037265457,-0.022769382,0.069177844,0.00235878,-0.17206341,-0.011948708,1
Woman00638.wav,230.404707,376.4618113,351.25129,374.2935508,376.4618113,348.1852994,-0.741136175,0.2816081,-0.000366279,3173.636727,-3.521709425,9.164421673,17.47617165,15.40031815,-11.70110321,-2.380382538,-11.71926308,-23.43077087,-8.540467262,2.972676992,-14.55773258,26.87270737,-23.18751717,0.791863382,-9.610827446,0.074299,-0.105540745,0.252489358,0.042695284,-0.024744214,0.082219452,-0.039049037,0.080361061,-0.022210412,-0.034177378,-0.175559744,0.184461609,1
Woman00639.wav,270.8517709,374.2935508,272.4207993,293.6647679,331.5370699,308.6295884,-0.119076813,0.15459989,-0.000383685,2039.725174,-2.126272563,6.573166249,23.67516889,61.63473129,1.629781008,0.736167669,-16.6047821,-24.98822975,14.59392643,-6.847847939,-24.1953125,17.05597115,-19.38690948,-14.53613377,-19.70557785,0.105448194,0.377405137,0.400967628,-0.196282849,0.060119607,0.257839948,0.002775226,-0.113013975,0.021572545,-0.124521166,0.128297031,-0.039742254,1
Woman00640.wav,81.93226047,82.40688923,81.93226047,82.40688923,82.40688923,82.22890344,,0.19370203,,2023.34154,,24.60642161,10.36696165,100.3368073,-12.59975624,-9.288853645,-3.054240227,-22.68083382,-7.886052608,-1.323906422,-29.98683929,14.7573967,-11.35492516,-13.28283405,-7.906627178,,,,,,,,,,,,,1
Woman00641.wav,329.6275569,410.5345163,331.5370699,331.5370699,335.3893451,338.5712468,-0.324952181,0.22518522,-0.00043141,3258.976236,3.216897413,9.664379498,18.65106983,15.48098755,13.41147232,16.15671349,-24.74601555,-41.38982391,2.937885523,-19.74213982,-19.43189049,13.75307846,-10.80812263,7.144330025,-9.066701889,-0.195347577,-0.055167768,0.194585949,0.122381724,-0.3469055,0.027718712,-0.088741727,0.014029845,-0.130125418,-0.107025236,0.145897329,0.054284379,1
Woman00642.wav,343.2286994,417.7105332,349.2282314,355.3326334,372.1377786,367.1021703,-0.474173501,0.109855436,-0.000896595,3014.589719,6.695850495,8.299490451,13.43965255,40.24452209,-1.532323718,-8.227639198,-30.79528999,-7.057370186,33.66408157,-37.56674576,-23.07254219,29.76625443,-19.05265427,-11.46291924,-9.107599258,0.028553616,0.260095775,-0.193212703,0.033734739,0.035234988,0.267619967,-0.059757549,-0.000293586,0.166836768,-0.028335474,0.127902612,0.360836953,1
Woman00643.wav,327.7290419,567.3229357,349.2282314,440,554.365262,458.2944837,0.900926679,0.32088968,-0.000913546,3009.987523,7.717365951,6.791890412,17.8090254,15.96924877,-22.07366562,-15.66581821,-10.79635906,-22.67285728,-3.794854641,-18.96714592,-11.2614603,-5.886770725,-8.784297943,-4.234125137,-3.667442083,0.035022613,0.033018731,-0.201802835,-0.149118856,-0.13120468,0.162193254,-0.139993578,-0.040499717,-0.090929165,0.144912913,0.048123963,0.039530631,1
Woman00644.wav,293.6647679,442.5488941,440,440,440,429.49228,-2.127821251,0.16287129,0.000969325,3282.732809,4.046252634,7.766941314,22.3273014,-4.64825201,-2.712977409,-28.71320724,-28.7503643,-32.77389526,22.11602402,-36.80442429,-15.80265808,19.00866127,-36.02763367,-10.79444218,-31.47499084,0.243933499,0.465662509,0.090239875,0.059122067,0.185257256,-0.083580993,-0.043288797,0.329758972,-0.010544786,0.284815967,-0.216230378,0.265239805,1
Woman00645.wav,410.5345163,491.0387428,440,468.8642207,488.2105677,462.5850597,-0.197089517,0.25791168,-0.000284847,3474.715508,-3.636890775,7.492514971,20.30603464,6.379780769,-1.537284255,-41.88742447,-27.03899956,-19.50531578,25.56923866,-7.928209782,-19.73283195,11.71331024,-28.30174255,7.205116749,-14.6548214,0.261227727,0.082809441,0.025810966,0.021100707,0.19186604,-0.04593543,0.086468801,-0.237423271,0.136150494,0.045304306,-0.005160533,0.156661659,1
Woman00646.wav,412.9127185,417.7105332,415.3046976,415.3046976,415.3046976,415.137195,-2.51E-15,0.1360246,-0.001502401,3402.449908,-9.155190367,8.196154498,7.770782735,-16.13317871,-34.48448944,-8.677822113,-10.66505814,-54.04947662,7.862810135,-22.62786484,-15.67014408,29.0573101,-19.97559929,-15.61948109,-34.18244553,0.414879054,-0.153550401,-0.170400605,0.169094086,-0.006214306,-0.077561826,-0.086987101,0.01145146,0.055967715,0.083823852,-0.188315704,-0.06128034,1
Woman00647.wav,372.1377786,535.481546,429.9503861,440,493.8833013,454.3123764,-1.30079348,0.16237965,5.53E-05,2128.356734,14.5076371,4.818684351,17.89911746,52.69903946,-30.5241375,-6.801261902,-10.12797165,-20.57823753,8.400535583,-24.92750931,-28.55986977,6.623651028,-26.21480179,9.123524666,-20.34643555,-0.327242613,0.245011136,0.414449185,0.195619047,-0.196045876,0.294035196,0.051493652,0.098496243,0.080954731,-0.081048779,-0.003755879,-0.394351512,1
Woman00648.wav,434.946169,511.3000583,468.8642207,485.3986818,505.4272762,481.3856251,-0.262924103,0.19385165,-0.000829417,2618.321854,-7.347046893,5.441455235,14.72830096,33.97952652,-18.84398651,-5.172138214,-21.71345901,-11.44727039,10.23713207,2.736023903,-13.71582031,-0.378721356,-16.68787575,-4.794005871,-1.289785028,0.126444533,0.271211833,-0.24340792,-0.266479015,-0.119162075,0.147411004,0.043993481,-0.123947069,0.090914041,-0.025048923,-0.046761256,-0.176004082,1
Woman00649.wav,251.2581146,300.5288565,254.1775933,275.5861765,287.3730373,273.3848363,0.089559376,0.16856761,-0.002157693,2829.648032,12.96142025,10.37533705,7.465283813,51.66921616,-4.835499763,-14.02532005,-47.3717308,-40.63604355,52.72521973,-22.99380302,-23.6824646,1.149581552,-26.04684258,1.823179364,-4.656572342,-0.608334363,-0.150510788,0.716472387,0.281925082,-0.370979309,-0.102478929,0.044378806,0.053946387,-0.145235449,-0.011175307,0.03862121,-0.369093984,1
Woman00650.wav,230.404707,1488.551114,230.404707,280.403338,288.6390427,427.5136468,3.74647908,0.11697723,-0.000808301,2543.87819,-1.96742023,9.170931396,11.13727595,73.23757935,25.88228607,21.8352623,1.469621062,-8.884072304,35.45014954,9.276444435,-28.5111866,43.94504166,-1.054793715,1.841402769,3.662346125,-0.274934083,-1.272113562,0.592351675,0.163594648,0.698832929,-0.036410231,-0.162462175,0.490150779,-0.489930451,0.243191898,0.107144952,0.044323273,1
Woman00651.wav,309.3350242,445.1125537,344.7199272,357.3970166,428.0931371,373.0140858,0.669804396,0.23103948,-0.001231278,2382.57643,11.93421557,6.495013581,18.42649769,57.43252563,-18.95039749,-37.75597,-21.56055832,-39.80111313,24.13634872,-19.11585045,-27.94991302,13.65902042,-22.7546711,-0.219231009,-20.23369026,-0.336679995,0.377031296,-0.120067097,-0.024354273,-0.066758357,0.022621645,-0.019938119,-0.078064546,-0.102667935,-0.104137488,0.235266671,0.105419166,1
Woman00652.wav,174.6141157,526.2822936,485.3986818,493.8833013,523.2511306,440.1098231,1.478825998,0.21847719,-0.000598729,2835.575432,-7.130300358,7.426090327,16.60413441,16.45050049,-11.93545151,-5.84146452,-28.21965599,-7.143766403,8.092115402,-12.16061974,-8.082069397,-13.55541992,-17.29416466,-3.581185818,2.734984398,0.668103039,0.036175299,-0.067189954,0.223341778,0.089065596,0.068164028,-0.005781985,-0.013576892,0.226586491,0.05842939,-0.118174255,-0.162871256,1
Woman00653.wav,339.2863816,1070.963092,349.2282314,389.7377084,474.3121605,458.2412642,3.547079958,0.22075973,-0.000838806,3028.247145,0.753771019,7.106360709,16.50342256,29.51004028,2.328623533,-27.80466843,-21.13864136,-11.22238445,6.114872456,6.635202408,-17.38087082,17.45943451,-18.23901558,5.4173522,-11.18468094,0.096476868,0.176872626,-0.149362385,-0.166256666,0.018180538,0.109512664,-0.069656946,0.008242208,-0.113747716,-0.123614736,-0.231656045,-0.073277965,1
Woman00654.wav,83.84733628,417.7105332,214.9751931,251.2581146,335.3893451,254.3435213,0.799042988,0.10979697,-0.001423896,2109.056338,-4.57255492,10.17557329,7.63356888,80.81699371,6.727509022,-25.2728672,-36.49124527,-15.09834385,16.46647263,-33.3996315,-15.56216049,4.652203083,-34.95403671,-10.67487621,-19.70417595,0.243090913,0.051317587,0.241658121,-0.147926047,0.158526778,-0.092893727,-0.059079889,0.097291261,-0.092966057,0.292812258,-0.231030151,0.02310043,1
Woman00655.wav,398.8473955,520.2374259,405.8191252,408.1700115,408.1700115,411.1670693,1.264143707,0.23946987,-0.002167254,3501.018899,-1.717499209,8.546867185,17.18451341,12.4442358,14.50447369,-27.29574966,-34.04772949,-7.653850079,6.078992844,6.407332897,-21.26159096,19.84406471,-19.10967827,8.620138168,-19.28187752,0.23736757,-0.32796523,-0.193751395,0.173673853,0.053655993,-0.201303989,-0.160573363,-0.399640143,-0.010172212,-0.184792906,-0.136275634,0.36240083,1
Woman00656.wav,249.8109744,304.0208336,273.9989169,293.6647679,300.5288565,285.9443591,0.253645679,0.113897964,-0.000146787,3063.461882,-9.344781934,10.73980418,15.06580268,45.75629425,-6.178100109,-34.13872528,-28.5691185,-24.06481552,25.44090271,-41.79848099,-4.98495388,28.20348358,-20.58174706,-9.669392586,-16.29171562,0.462822527,0.068963066,-0.310199499,-0.034815785,0.452112973,-0.049335852,0.055018593,-0.202326596,0.018548332,0.113282144,-0.074448682,0.151661068,1
Woman00657.wav,251.2581146,339.2863816,270.8517709,323.9647528,327.7290419,300.8285576,0.06573502,0.14988987,-0.000554223,2323.145944,0.307120621,7.761799837,15.55933444,59.5446701,-33.9765358,-4.274965286,-28.83703613,-28.13259506,29.76349258,-47.35722351,-4.044742584,-1.191848516,-14.90486336,-8.499095917,-8.98501873,-0.098615319,-0.229697898,0.217623159,-0.08452747,-0.297706693,-0.189744785,-0.176590621,0.338077545,-0.174991503,-0.120238341,0.015177401,0.109583251,1
Woman00658.wav,230.404707,275.5861765,233.0818808,275.5861765,275.5861765,255.5925915,-0.312953458,0.15324803,-0.000309477,2459.499729,-7.368813267,9.529010453,16.91545278,55.99711227,-26.92278099,-14.87126637,-36.02537155,-51.147686,25.04905701,-22.9896965,-13.21451378,6.215380192,-20.09036636,-6.065439701,-25.47934914,0.029554803,0.184817374,-0.499474555,-0.058861461,0.373817623,-0.307828307,0.422256082,-0.129423767,0.179503009,-0.135787427,0.059574645,-0.147620916,1
Woman00659.wav,244.1052839,291.9733833,245.5193714,245.5193714,251.2581146,250.7217228,0.10107868,0.142593,-0.000619443,2193.551435,-10.57154669,8.819044068,16.07533738,78.80065155,21.90034485,-35.92085266,-26.94794464,-16.04933167,19.8289299,-4.277631283,-33.99370193,14.93024349,-28.52262115,-2.971571445,-1.370393395,0.42665723,0.377549142,0.092067502,0.066859052,0.021745404,0.028938688,-0.068108194,-0.108600706,-0.199517876,0.074989386,-0.147483885,-0.156102434,1
Woman00660.wav,272.4207993,731.4893486,333.4576446,335.3893451,723.0874768,466.4149345,0.371961206,0.14706215,1.82E-05,3804.137465,3.97403324,8.978857992,14.61030231,14.92106152,39.68236923,-34.87677002,-29.43290901,-15.41193199,-0.061430834,-12.66361237,-20.63922691,13.53077221,-11.05135155,-2.793919802,-16.13246346,-0.214551508,-0.1014378,0.00717671,-0.067124553,0.130108565,-0.351224959,-0.064314172,0.039437667,-0.144254178,0.197214559,-0.036911368,-0.04994021,1
Woman00661.wav,275.5861765,434.946169,415.3046976,415.3046976,417.7105332,397.1275472,0.673959547,0.2202949,0.000246169,2111.564104,-7.130835954,5.521037371,21.54694347,48.97252274,21.64579201,-23.1753788,-48.7158165,-19.63840675,-1.263759255,-29.57552147,-32.28050613,6.922275543,-38.06582642,2.95573163,-27.59740448,0.221591726,0.150246277,-0.071532182,0.17317237,0.015887951,-0.105551742,-0.080844067,0.077362575,-0.059482485,0.132298678,0.006906865,0.027568264,1
Woman00662.wav,325.8414615,372.1377786,339.2863816,369.9944227,369.9944227,357.836609,-0.579279735,0.1560564,-0.001251835,2630.099898,-7.994776799,7.395320671,15.19192776,34.94277573,-32.6521225,-14.31686401,-34.30548859,-6.877831459,-2.697347164,-31.41995811,-9.567792892,21.70107651,-21.06494331,7.432976723,-27.44535446,0.513896465,-1.020801544,-0.204146013,0.641358793,-0.1023985,0.37515834,0.012026164,0.045346376,-0.312757432,0.146364316,0.058153749,0.03478387,1
Woman00663.wav,270.8517709,361.5437384,335.3893451,337.3322358,357.3910544,338.1983913,-0.022933501,0.18128145,-1.67E-05,2534.318278,0.491513611,7.465993794,19.49901244,44.18357849,0.104878671,-9.654792786,-3.181773424,-27.88290024,-3.444205284,-13.28553772,-14.63284969,21.1301918,-14.72721863,-5.056562901,-8.344593048,-0.13994427,0.090105943,-0.110003404,-0.134779438,0.324904352,-0.067671627,-0.115639597,-0.01632941,0.109055966,0.159953222,-0.189687535,-0.271430075,1
Woman00664.wav,394.2662424,401.157895,394.2662424,395.408223,398.2730975,396.5590369,,0.16168052,,1712.717569,,4.316117917,19.52972155,79.263237,5.560441494,31.2370472,-15.52925873,-14.4571228,30.98838043,9.62828064,-25.42552376,9.632779121,-20.98133087,21.21158981,-18.03114319,,,,,,,,,,,,,1
Woman00665.wav,335.3893451,408.1700115,391.995436,394.2662424,403.481779,386.1616795,0.351753276,0.20627181,-0.000284751,2953.027163,6.113005084,7.634777508,21.56319366,12.22064781,-12.21268749,-39.95026779,-17.83345222,-24.64684486,28.25399208,-22.98629761,-21.33684921,14.52198792,-3.656389475,-6.827178955,-1.507413626,0.208470762,-0.034514699,-0.030042976,0.260908246,0.047693528,0.05768415,0.006493456,0.328221351,-0.042240642,-0.021727389,-0.157593191,-0.07595095,1
Woman00666.wav,230.404707,429.9503861,245.5193714,245.5193714,246.9416506,250.5806674,0.256812545,0.11095198,-0.00068671,2521.755936,-1.200099192,10.18362347,12.91528136,72.32722473,14.51127911,-29.94670486,-24.8049221,-31.84617996,35.28098297,-21.7823143,-41.83939362,24.33264732,-34.55884171,-10.15186977,-10.84622669,0.091841705,0.125251353,0.002930478,0.042179905,-0.133436441,0.024175795,0.045571465,-0.131048352,0.140335217,-0.101794198,-0.031693459,0.048723564,1
Woman00667.wav,87.30705786,434.946169,422.5640958,422.5640958,422.5640958,396.1164671,0.079915995,0.21554221,-0.000692683,2493.983389,1.424720139,6.974340794,14.49379439,62.0383606,-25.37596512,-33.11561584,-31.26118088,-39.37224579,32.75460815,-41.96396255,-28.91345024,5.028548241,-43.54998016,-0.934841633,-33.70087051,-0.062062711,0.095479548,0.012703847,-0.044356704,0.067810006,-0.084444404,-0.054212559,-0.187412485,-0.078140423,0.012654671,0.071227498,0.142726779,1
Woman00668.wav,73.84148765,387.4929844,369.9944227,372.1377786,372.1377786,328.0682056,0.123911738,0.1728477,-0.000462777,2764.572979,0.922787255,11.30817221,12.86511049,53.80033112,-22.47512054,22.59251213,-42.75579834,3.933645487,-7.326040268,-7.36934948,-25.36249352,37.52648163,-29.46734047,0.509483278,-24.29883003,0.295794696,0.287011802,-0.614341855,-0.165287808,-0.04065489,-0.154771447,-0.287153035,-0.065501131,0.102834441,-0.046450365,-0.140014961,-0.381908387,1
Woman00669.wav,212.5059924,251.2581146,229.0776736,244.1052839,247.6569098,238.6024514,0.285763189,0.14089927,-4.22E-05,3110.919369,-16.52339083,13.05858481,15.3435949,33.70269394,22.40157127,15.86267757,9.730242729,-32.94544601,-6.348918438,-25.20243645,-17.54184341,21.92483139,-32.23810196,2.89096117,-11.52968216,0.616463542,0.082351066,-0.708067894,0.576539695,-0.188772947,0.236906394,-0.084351696,0.118673787,0.290139943,-0.635063648,0.490455568,0.214070961,1
Woman00670.wav,396.5502035,408.1700115,398.8473955,401.157895,403.481779,401.4021172,0.031542123,0.23645324,-0.001676767,1695.867229,3.652098013,4.221929729,24.79866704,80.29838562,-10.73291492,-32.80429077,-32.35045624,11.58758354,24.4840126,2.677710533,-10.13283634,22.48500252,-20.29059601,24.56698418,-9.997466087,-0.228405103,0.188595966,0.270400614,-0.099537954,-0.088999018,-0.396646112,0.018293738,-0.055372983,-0.29633373,-0.191373467,-0.03633289,-0.039661985,1
Woman00671.wav,264.6655079,351.25129,311.1269837,314.7421051,343.2286994,320.9168112,0.158762421,0.18699943,-0.000553464,2163.673989,4.520084912,6.758811424,19.89658599,60.02339554,-4.551176071,7.660793304,-29.85745621,-20.41004372,23.5787468,-23.03629684,-11.87667084,4.204885483,-5.80989027,7.41744709,-8.154961586,-0.33927086,0.331664354,0.081092358,0.117170833,-0.063714713,0.129649147,0.150887504,-0.097179279,0.298005909,-0.068478748,-0.095431603,-0.095220566,1
Woman00672.wav,329.6275569,391.995436,359.4613997,363.63814,391.995436,367.5145826,-0.033595282,0.2457801,-0.000428913,4287.667645,-5.346392226,11.71340511,14.27781716,-10.4801693,15.2383194,-4.623550892,-16.23036194,-10.95822048,5.09412384,-0.33649832,-6.24212122,5.611634254,-6.800204277,6.316198349,-12.03632736,0.134976938,-0.155339122,-0.059445336,0.103803232,0.388680071,-0.003660463,-0.027367393,-0.132997662,-0.037826341,-0.014048144,-0.235963926,0.063455582,1
Woman00673.wav,220,452.8929841,266.9697363,270.8517709,298.7979376,294.8025376,0.182897247,0.07981356,-0.000815686,2522.157561,6.474982827,8.984587291,16.34473603,45.99239349,6.19127512,12.71410179,-12.5145607,-29.5731945,8.985179901,-4.839287758,-34.79582214,27.25223351,-36.95690918,-13.54349232,-15.74806118,-0.365906388,0.186928824,0.482875705,0.158781499,0.060425635,0.212483555,-0.075732663,0.167618707,-0.038863014,-0.027065625,0.08157447,0.044075485,1
Woman00674.wav,367.8634116,417.7105332,403.481779,410.5345163,412.9127185,407.1671981,0.384513714,0.19699964,-7.45E-05,3388.455082,-3.561058398,8.337187445,19.00930174,4.434573174,6.764170647,-30.26661873,-28.75780296,-22.22890663,21.79211807,-20.39049339,-30.24794769,31.80220222,-34.03056335,0.632017851,-16.32507515,0.181370869,-0.125877798,-0.25638634,0.151591852,-0.108219773,-0.223130882,0.171148479,-0.159776509,0.064267993,-0.124156967,-0.034571972,-0.103185803,1
Woman00675.wav,391.995436,398.8473955,391.995436,394.2662424,394.2662424,394.4676591,-0.178870519,0.21362042,0.001685502,3292.45704,-0.6921831,8.346903805,16.91985024,27.48890305,16.64969444,-18.93449211,-25.11356354,-5.567507267,6.249296665,4.367012024,-30.07720375,38.79712677,-20.90779305,1.50597775,-10.82646465,0.195338547,0.037662964,0.886062682,-0.059626598,-0.39386043,0.005575825,0.168767437,-0.138875246,-0.496527374,-0.344307959,0.825753033,-0.120185949,1
Woman00676.wav,62.4527436,345.2170031,337.3322358,337.3322358,340.7604811,312.1400439,-3.268586897,0.20282272,-0.00114312,3082.910839,27.38130249,12.08672609,14.5589038,51.75584793,21.68928909,-22.72542191,-12.63054943,-15.39960194,-7.153747082,-10.08765888,-57.67034531,39.06071091,-33.63218689,-2.703144789,-11.03327084,-1.336715817,0.185001135,0.600033879,0.660542667,-0.262017012,0.080338188,-0.406713903,0.223712087,0.655323625,-0.32390511,-0.164584026,-0.305453569,1
Woman00677.wav,249.8109744,583.9467666,468.8642207,471.5803235,505.4272762,452.5720034,-0.22545421,0.27370402,-0.00016722,2611.864755,0.739978311,6.175484079,21.30503397,24.19825554,-13.43191814,-5.143005848,-9.235305786,-10.18695068,-5.368799686,-6.426121712,-17.8915062,0.584406257,-14.87840462,1.496478796,8.359676361,-0.375463039,-0.022902967,-0.095789686,-0.044539303,-0.110694945,-0.016007354,-0.02994824,-0.056910094,-0.034221448,-0.139705867,-0.038764227,0.019234328,1
Woman00678.wav,214.9751931,269.2917795,244.1052839,246.9416506,248.3721691,245.5489489,-0.034158381,0.2461918,-0.000923412,2486.371044,16.38219815,10.12657293,18.62524305,38.95381165,-17.87228394,-2.853517532,-33.26381683,-23.66601372,7.080960751,-35.00434113,-11.99801064,13.13053513,-10.57098484,-6.347002029,-2.447438955,-0.966671348,0.393641114,-0.155505419,-0.145637915,-0.036351416,-0.104723401,0.189250603,-0.010386993,0.39879331,-0.01904244,-0.149216548,-0.282899797,1
Woman00679.wav,80.9911882,333.4576446,246.9416506,325.8414615,325.8414615,279.572223,-0.033480473,0.1114848,-0.001280408,2572.901343,-2.059235682,10.00970054,-29.70345883,52.33428192,16.55999374,-20.47774887,-31.65742111,-19.28152657,20.46969032,-25.54575348,-16.62988663,4.106562138,-14.21214581,-2.825085163,-22.94013214,0.066483483,0.345234245,0.298869878,0.253240287,-0.072101831,-0.154134512,0.104738273,0.113901667,-0.251821965,0.021530088,-0.149227589,-0.106981896,1
Woman00680.wav,179.7306999,394.2662424,182.8723372,184.9972114,349.2282314,243.1918099,-0.284234465,0.21826059,-0.000496608,1914.838986,4.943314662,8.435773467,12.47190479,102.219162,-19.15489388,16.22277069,-41.26712418,-18.37644196,14.03307915,16.80510902,-36.58093262,-1.65277648,-19.4796257,-6.522908211,-3.082931519,-0.446656644,0.421198487,0.129848868,-0.098198235,0.060337719,0.02803975,-0.127915725,-0.020735439,0.177408159,-0.181817353,0.248473167,0.024777252,1
Woman00681.wav,320.2437002,429.9503861,417.7105332,417.7105332,417.7105332,415.6460586,1.07818168,0.17599897,0.000105173,3100.235911,12.68237085,7.444321413,15.09683377,17.34615707,-13.58708382,-14.86543083,-34.91779709,-22.78943062,-6.485067368,1.019022346,-38.11687469,29.5535717,-12.42843628,-11.88621998,-15.38093281,-0.051962141,0.589883566,-0.123677246,0.756057143,0.185758874,-0.388086617,0.128342971,0.362251252,-0.027729573,0.259925187,-0.174894705,-0.268082678,1
Woman00682.wav,398.8473955,417.7105332,403.481779,403.481779,405.8191252,404.9390489,-0.020586089,0.22766156,-0.001124142,2068.989845,4.718894979,5.107607513,24.29657724,57.18386078,-11.99644375,-30.55020142,-26.47665405,-25.09136391,36.31145859,-39.76638412,-9.362088203,28.30503082,-26.92084122,-2.213438988,-19.5308876,-0.08517196,0.39553827,-0.15190804,0.004997297,0.188399076,-0.041336581,0.152739272,-0.117560267,0.142777964,-0.109192267,0.063347518,-0.023740917,1
Woman00683.wav,233.0818808,241.3014955,233.0818808,233.0818808,234.4321104,234.0686702,-0.162201972,0.20347118,0.001197544,2268.111903,20.1187082,9.692569065,19.38881923,71.00247192,27.45444298,-8.431695938,-2.348861217,-35.53046799,1.37610805,-6.750609398,-40.78164291,8.739835739,-16.47221565,-21.48910713,-22.48844528,0.483864605,0.760776103,0.858939469,0.639399409,-0.549727976,-0.58726573,0.021140177,0.413541675,-0.664300263,0.569195449,-0.497870833,-0.22045067,1
Woman00684.wav,410.5345163,417.7105332,412.9127185,415.3046976,415.3046976,414.3792515,-0.007396221,0.17211765,-0.00093318,1582.530303,-1.113967461,3.818710049,20.84025921,66.01526642,-35.52225494,-46.53629684,-22.7845459,-8.483624458,3.722646713,-28.94570732,-14.43873596,20.32298088,-16.17974663,-12.77791691,-19.68678665,0.089743234,0.28371197,0.045534633,0.135641485,0.092648722,-0.044440903,0.176266104,-0.079950631,-0.091431543,0.039632913,-0.025136778,0.088801123,1
Woman00685.wav,311.1269837,482.6029911,343.2286994,365.7446743,372.1377786,375.2010802,1.272984253,0.19188741,3.99E-05,1851.656644,-5.623851698,5.019740015,22.06742925,72.03935242,-7.185464382,-11.67112541,-17.8945446,-45.60232162,7.625762463,-4.170031071,-35.23211288,24.50596809,-18.66433907,-4.317658901,-5.612748623,0.202442259,0.73236376,-0.049964488,-0.00076188,0.070133127,-0.033666149,0.206380293,0.117826954,-0.152540401,-0.028543614,0.017847152,0.251812667,1
Woman00686.wav,258.6205394,331.5370699,327.7290419,329.6275569,331.5370699,328.0084583,-0.385011348,0.3062605,-0.000213026,2011.111158,0.078026011,6.143500524,27.90437336,48.53971863,-10.04887962,-30.0503788,-14.23135376,-30.93384171,-6.12554121,-9.645395279,-11.69698334,29.96394348,-23.27231979,9.788484573,6.557590008,0.473547697,0.251604885,0.054376476,0.514459312,-0.201860502,-0.143585399,-0.115345098,0.045920603,-0.098587587,-0.249123812,-0.122905672,-0.11683052,1
Woman00687.wav,314.7421051,351.25129,343.2286994,345.2170031,347.2168248,341.540745,0.19757972,0.1596662,4.81E-05,2982.723169,9.27302831,8.777468607,16.55876989,36.09253311,37.87856293,-35.18315887,-26.47989845,-19.84417534,19.66752052,-25.83694267,-31.93054199,16.57390976,-29.91963959,-7.618423462,-10.76034355,-0.288081318,0.411613703,0.046421353,-0.120402209,0.2983675,0.293798983,0.062009484,-0.138253599,0.17350556,-0.031288963,0.034130618,0.085194677,1
Woman00688.wav,327.7290419,425.0119847,391.995436,415.3046976,417.7105332,395.136837,0.08054597,0.16355023,-0.000792141,3455.761696,-0.132074104,8.830934188,11.22238886,13.29354954,-18.95681763,-30.46818542,-41.59703827,-24.02665901,30.29702187,-45.37250519,-8.049359322,7.669220924,-38.96072388,-4.813171387,-36.85308075,0.355291277,-0.020855792,-0.168600693,-0.16540195,-0.100726828,0.024965074,-0.036722779,0.000623204,-0.038375877,-0.09393321,0.042464081,0.012023761,1
Woman00689.wav,269.2917795,385.261189,270.8517709,337.3322358,367.8634116,322.5170144,-0.768429823,0.19433597,-0.00137924,2832.516475,0.839591974,8.972111183,15.53206732,42.52773666,6.821705818,-0.001531661,-29.95569801,-4.564555645,2.660661697,13.46168709,-9.771090508,22.78007889,-6.733699799,8.754274368,-4.043586731,0.087796688,0.115949988,-0.433912128,0.257601887,0.31529507,-0.006651482,-0.138590232,-0.239204839,0.298067749,-0.135077238,0.002812418,-0.05248303,1
Woman00690.wav,312.929324,401.157895,391.995436,391.995436,394.2662424,390.4542634,1.027076821,0.17383477,-0.0004923,3131.04102,22.70026645,8.031713328,19.18874489,13.37701511,3.524927139,-16.09376717,-29.19877243,-47.39735413,20.32108116,-25.72374153,-15.01375961,19.29521179,-19.67503548,-8.141753197,-23.12208366,-1.903973579,-0.340756953,0.617773473,-0.212516412,-1.360338926,0.008580061,-0.210976079,-0.618533969,-0.53552711,0.482102692,-0.024176504,0.107639872,1
Woman00691.wav,234.4321104,251.2581146,246.9416506,246.9416506,246.9416506,246.270144,-0.005819017,0.21427196,-0.000653087,2517.922691,-1.189188012,10.2153511,15.35042955,56.64032364,22.85473442,14.50239277,-22.15321922,-22.57503891,26.43791199,-3.510066986,-11.30153465,22.79600906,-21.36569214,-0.767975748,-9.199074745,0.069113337,0.682763755,0.233145669,-0.14372994,-0.234949172,0.039897624,-0.041082513,-0.180983156,0.097017348,0.126942143,0.116095252,-0.006847462,1
Woman00692.wav,229.0776736,1770.195576,234.4321104,267.740773,269.2917795,292.3483478,-0.206959837,0.12598495,-0.000482997,2357.385321,16.55529538,8.994682472,14.2693594,62.83082581,-4.261673927,-0.705706179,6.41307354,-20.71146965,11.34622478,-40.01418686,2.292454481,18.02461052,-33.57156372,-8.048489571,-30.42623138,-0.154477686,-0.02768096,0.034878373,0.144067347,0.226022929,-0.075284071,0.321574748,0.220124066,0.175527394,0.08322005,0.046080831,0.18584387,1
Woman00693.wav,322.0988531,403.481779,325.8414615,332.4973573,374.2935508,354.0101236,-0.451821633,0.1750353,-0.000416904,1678.283778,-4.376919759,4.779835495,19.84396263,86.04480743,-23.63851929,-32.07028198,-38.81760406,-17.81419563,18.70853806,-32.73423767,-16.61397743,19.86959457,-29.93839073,10.46434116,-20.49372482,0.331569374,0.378037065,-0.179677814,-0.205254704,0.055543002,0.119700931,0.214609072,-0.083719216,-0.039290968,0.433625638,0.098379962,0.103547677,1
Woman00694.wav,403.481779,468.8642207,412.9127185,422.5640958,447.6910645,427.7602321,0.129689905,0.09461147,-0.000734893,2890.00399,-7.68014003,6.764328004,11.86171534,48.26906204,-2.818540096,-31.13910675,-33.7547493,-19.09924507,30.23196793,-39.85971451,-9.540570259,5.999789715,-42.54798126,20.9747448,-20.92803764,0.198024869,-0.098124132,0.297972679,-0.20169428,0.026678653,0.251357675,0.059765894,0.042693339,-0.029379498,-0.123225041,0.049198199,0.107926264,1
Woman00695.wav,249.8109744,266.1986996,251.2581146,251.2581146,252.7136381,251.8732707,0.027037666,0.12479124,-0.000287684,2677.826352,0.413653234,10.63533874,16.8371361,25.06654167,-19.29590607,49.37571335,26.53682327,-31.03949547,-5.320685387,-8.765748024,-25.01259995,14.50014019,-30.38539505,-0.38374424,-22.1190815,0.859512508,0.20218648,-0.610190451,0.284724951,0.272884697,0.254313588,-0.219581991,-0.546719968,0.183752149,0.521879554,-0.411418617,-0.329259366,1
Woman00696.wav,333.4576446,442.5488941,349.2282314,440,440,407.9984648,-0.151458437,0.09612762,-0.000465877,3348.295108,12.12545828,8.131513374,17.10412709,46.35589218,18.71876907,-20.82199097,-9.915122032,-32.43401337,25.31871796,-40.63965607,-17.60476112,21.57639885,-26.57116318,0.87650305,-29.00895119,-0.332902789,0.157134771,-0.262681335,-0.404851764,0.226821721,0.06423407,-0.179311737,0.058677584,-0.427488118,0.12291947,-0.324930072,-0.156590983,1
Woman00697.wav,337.3322358,420.1303057,347.2168248,417.7105332,419.5253626,396.3151407,-0.471162844,0.13169192,-0.000372423,2270.769424,4.888026418,5.795147318,9.18748033,47.90307236,25.19499588,-34.33406448,-29.00309563,-14.52151775,11.37457752,-18.60996056,-44.56240082,20.11240578,-38.7481041,-5.722877502,-7.062555313,0.06921234,-0.018442968,0.111877449,0.552331865,0.085772552,-0.152091339,0.043899469,0.04718513,-0.001131807,0.188624904,-0.047843944,-0.086259961,1
Woman00698.wav,207.6523488,396.5502035,207.6523488,223.8455323,298.7979376,256.6328823,1.652454438,0.13072768,-0.000532203,2053.787741,4.507155853,8.289222393,16.14749467,77.60736847,-2.280973673,3.81401062,-36.71642303,-33.98231506,11.22701931,-18.54391098,-39.76866913,17.52478027,-18.44877815,-7.320599079,-7.017463207,0.056533325,0.564557314,0.0225113,0.629777253,-0.075206436,-0.008760245,0.337801993,0.027386665,0.215747535,0.135142609,-0.090489894,0.032527536,1
Woman00699.wav,496.7443381,499.6219488,496.7443381,496.7443381,496.7443381,496.9299904,-0.023206538,0.18232852,0.00179175,4294.065518,-10.72239628,8.640730478,17.16811126,-30.82034111,11.28061771,-17.43453407,-30.63693619,34.91457367,14.50765038,-2.540565968,-6.569886684,12.6674509,-25.2939167,7.990672588,-2.33731246,1.299816847,-1.187007189,-0.138338253,-0.836770117,1.014646888,-0.93846935,-0.059248485,-0.651501834,-0.45122546,0.274457544,0.338336617,-0.485904574,1
Woman00700.wav,345.2170031,437.4657865,408.1700115,417.7105332,425.0119847,410.0174606,0.398924154,0.16955976,-0.000700296,3092.360023,-4.818676261,7.585450154,13.78483309,26.29288864,-15.44227219,-24.91799736,-32.56913376,-29.26733208,40.19581223,-20.88368797,-26.05537033,28.84884644,-20.5117054,14.87296486,-34.45184708,0.177819416,-0.088965267,-0.163620248,-0.170226276,0.029199155,0.307879627,0.212048948,-0.003270298,0.050236851,0.156746432,0.077326424,-0.000668581,1
Woman00701.wav,221.274447,374.2935508,275.5861765,325.8414615,335.3893451,309.1909343,-0.278438158,0.15443651,-0.000749821,2429.153179,11.32052422,8.113234509,-1.495120863,59.47206497,29.50732613,-19.8523407,-12.04077244,-30.76199913,13.93276215,-25.61285973,-27.5979805,10.49290466,-30.63451004,-1.085087299,-20.83965874,-0.640082181,0.033687692,0.350615501,0.296706617,0.168766767,-0.14238216,0.085693434,0.066864885,-0.130159736,0.01004033,-0.041905411,-0.051990137,1
Woman00702.wav,249.8109744,505.4272762,466.1637615,477.0598229,499.6219488,441.0798904,2.324018398,0.18490677,-0.001252679,3725.977686,-6.367957191,9.251017957,15.31343576,12.00093174,29.63415527,-47.12891006,-42.59289551,-31.0766964,24.7156353,-29.22521019,-15.73676109,9.782173157,-41.31469727,5.989017963,-17.88439369,0.331620485,-0.00320127,0.430209607,0.150347099,-0.249003828,-0.424704283,0.40220207,0.357948542,0.151533052,-0.029331556,0.007251214,-0.332150966,1
Woman00703.wav,218.7328932,387.4929844,245.5193714,329.6275569,335.3893451,293.4618232,-0.274789939,0.1448381,-0.000410198,2663.541115,-6.253104414,9.517125637,10.51068272,58.02513885,-33.83329391,12.74130058,25.72969055,-30.33218956,-15.47675228,5.791937828,-35.10291672,17.71805763,-27.59128952,-16.56055832,-11.77192688,0.340939969,0.170262083,0.402089208,0.766721189,-0.21391888,-0.252136528,0.416953444,0.17334801,-0.565654635,-0.103542067,0.082163207,-0.213174224,1
Woman00704.wav,412.9127185,458.1553471,420.1303057,440,440,433.995321,0.140131693,0.20894922,-0.001062728,1630.084408,-7.929525995,3.789392698,22.33162689,74.95442963,-0.515615344,-31.88812828,-23.23577309,-46.42672729,16.5913868,-22.97306252,-17.0966568,15.68086433,-25.9839344,-14.82789993,-19.54729652,0.403276175,0.1860587,0.039229549,-0.167154893,0.044932481,-0.125996098,0.117086224,0.16304256,0.016072664,0.137777522,-0.193914205,0.138209403,1
Woman00705.wav,245.5193714,458.1553471,412.9127185,415.3046976,440,395.491308,-0.666259476,0.19511487,-0.000259259,2735.643966,-0.243044539,6.936363686,16.39487173,21.81726074,-11.65547752,-25.58562279,-24.95039368,-12.48833179,9.288249016,-27.75760841,-9.072523117,24.41264915,-25.97290039,-5.588866711,-22.76654625,0.248036787,-0.026368085,0.160880074,-0.231200129,-0.02919629,0.0021236,-0.041535359,-0.090094611,-0.142580584,0.095838659,0.091328897,0.006670543,1
Woman00706.wav,162.9207308,325.8414615,272.4207993,312.929324,323.9647528,291.7723529,2.270118189,0.17697193,0.00084248,3073.928245,-29.60974443,10.97203978,13.92175021,44.97690582,-7.841647148,-28.69909286,-28.66989326,-23.09776306,16.66963387,-10.33603287,-31.64941216,15.52267933,-17.79406929,-8.582761765,-0.412356257,1.423779488,0.682269633,0.649623215,0.669715226,0.042672474,0.087852865,0.400467128,0.000146897,0.151254952,0.280149668,0.181704611,0.466558576,1
Woman00707.wav,244.1052839,286.9574553,245.5193714,245.5193714,249.8109744,249.7409523,-0.198749903,0.15998992,-0.000703483,2955.534483,10.04925524,11.84671364,19.50531819,74.42779541,47.61142349,-41.58162689,23.92637634,-21.96635437,14.32632923,-28.43857956,-24.83529854,17.98444939,-37.27215576,-7.05224514,-33.84528732,-0.136894807,0.304697573,-0.06326323,0.111258991,0.042362947,-0.126401827,-0.068406872,-0.100618131,-0.137432784,0.0119534,-0.155950442,0.075483009,1
Woman00708.wav,331.5370699,417.7105332,357.3910544,372.1377786,394.2662424,374.2377554,-0.511398217,0.14654982,-0.001924652,3497.217143,4.195056363,9.411531274,-6.219675064,18.19715691,9.481407166,-3.497167349,-15.44237518,-17.31983566,19.82390404,-12.46697044,-24.06562042,27.78127861,-14.77058887,3.480982542,-14.50579357,-0.182495579,0.291374117,0.559895933,0.227464661,-0.234742284,-0.148577124,-0.041742906,-0.156538203,-0.195054322,0.103855655,0.023542367,-0.112403944,1
Woman00709.wav,327.7290419,450.2845125,369.9944227,393.6031347,445.1125537,403.0459032,-0.759940505,0.16260077,-0.000322364,2405.640936,6.616453621,6.063957937,16.15171165,29.68115234,-58.59033203,-26.93684769,-43.8669281,-13.58192158,6.306431293,-38.73577499,0.034215651,11.20391369,-44.03409576,4.236242294,-17.8948822,-0.351239175,0.111748889,-0.302495897,0.065156914,0.037347451,0.009088002,0.102096319,-0.09686368,-0.06879428,-0.032225639,0.099409141,0.135114446,1
Woman00710.wav,273.9989169,420.1303057,279.5958358,369.9944227,417.7105332,359.6797226,-0.73415928,0.15049791,-0.000202761,2566.122707,-0.91228827,7.344850735,17.18522006,46.18426132,-24.46253395,-14.39889908,-11.75262642,-31.93800735,12.67099857,-35.14455795,-8.855701447,27.28554726,-21.27909279,0.259966642,-21.57562256,-0.1436598,-0.057843145,0.324636579,0.012027932,0.143682227,-0.199105874,0.273661256,0.078999206,0.010624476,-0.028050764,0.128145099,0.258605748,1
Woman00711.wav,252.7136381,341.2518476,329.6275569,330.5823134,335.3893451,326.5784775,-1.056252239,0.19307499,0.000629638,2434.881763,-19.13775954,7.397980593,16.81223222,42.08174896,-1.628645062,46.62384033,-11.40782166,-47.60693741,11.83838844,-20.24755859,-15.63571072,-14.06674576,-36.48454285,-0.500753224,-11.4094429,0.532669485,0.776652873,-0.089525238,-0.284214824,0.585500419,-0.151667252,0.013436677,-0.067043655,0.320507437,0.257733047,-0.379319847,0.194023117,1
Woman00712.wav,251.2581146,445.1125537,272.4207993,442.5488941,445.1125537,378.528535,-0.793170727,0.0920553,0.000544378,2974.262227,8.197092649,8.219759051,18.79992162,12.33700657,24.29368973,13.37245846,-26.40932274,-52.00142288,-11.21773815,-8.418409348,-29.08608055,2.036447525,-34.96453476,-4.22447443,-18.62665367,-0.286072969,-0.132740051,-0.004647611,0.13091071,0.020870794,-0.084596202,-0.062585287,0.093316086,-0.038764834,0.063653536,-0.002330333,0.109891713,1
Woman00713.wav,367.8634116,442.5488941,369.9944227,437.4657865,440,405.4746375,0.311809584,0.21156888,-0.000372389,1453.395375,-0.231078023,3.623770526,28.13063896,68.43071747,-53.5245018,-13.30084991,-14.44786263,-32.48454285,-5.317903042,-29.97674561,-13.75134659,1.096116304,-29.37957382,-14.15463352,-10.45099735,-0.120271906,0.107545979,0.082697876,-0.096961133,0.14442414,-0.158805385,-0.018911697,0.032632209,-0.072390117,0.037319221,-0.113332011,-0.075547457,1
Woman00714.wav,270.8517709,415.3046976,309.3350242,345.2170031,347.2168248,331.3740867,0.773346855,0.150097,0.000175824,2051.353109,3.093281079,6.315550669,17.40341177,62.62885666,-35.60412979,-15.14783001,-37.75872421,-17.81250572,10.6448307,-35.21012878,-8.403927803,9.576831818,-23.85189247,-2.345801592,-34.2868309,-0.341165453,-0.003268921,0.684947968,0.520237088,-0.60587579,0.085675701,0.292805046,0.018456329,-0.330183655,-0.020077318,-0.011464918,-0.076578043,1
Woman00715.wav,323.9647528,757.2852648,345.2170031,351.25129,369.9944227,438.6213143,0.161483494,0.26202443,-0.001243892,3498.29856,0.102922328,8.829051733,16.18855061,-14.14650154,-6.339468956,-15.30716991,-38.66584778,2.994336605,-15.5953083,-13.11130047,-4.469445705,-0.945985794,2.960532188,-6.814520836,-12.34976196,0.531485796,0.157255828,-0.409797937,-0.228340566,-0.225842789,0.096285827,-0.008748995,0.200386211,0.11236266,0.080091983,0.117679529,-0.027613938,1
Woman00716.wav,288.619783,383.0422479,349.2282314,351.25129,369.9944227,356.7684832,-0.073056444,0.1708157,-0.000433783,3188.426569,3.801435429,8.946259457,16.55975906,7.51410532,28.39258957,2.66822052,-49.98628616,-21.86417961,0.177000865,-20.30748558,-12.94686794,1.375328898,-18.80581093,-4.564616203,-15.33997536,-0.355177015,0.234419689,0.537277102,0.10775511,-0.02538521,-0.166400447,-0.283662081,-0.004853148,0.129098848,0.038873356,-0.029680226,0.039429579,1
Woman00717.wav,251.2581146,391.995436,254.1775933,255.6500291,263.1411468,262.9190852,1.508635592,0.14395684,-0.000584683,2169.438913,14.57654759,8.198625687,18.06144122,71.61698914,-50.03406906,3.859159708,-62.12123108,-12.27691174,21.0545826,-34.60895157,-14.37010479,16.81679535,-10.81058884,2.974924088,-18.81939316,-0.221495599,1.839489341,0.353633106,0.88336581,0.222992793,-1.216501117,0.602305114,-0.298534542,-0.511545479,-0.266473502,0.260047913,0.06252601,1
Woman00718.wav,227.7582832,391.995436,329.6275569,331.5370699,359.4613997,332.421137,-0.12197209,0.0787501,-0.000818002,2416.331189,-4.460316979,7.278190446,-21.95448456,47.4829483,7.013381004,2.907363892,-12.10953999,-34.17285538,-1.602553606,-22.60548401,-47.1987381,11.68798065,-27.73266792,0.610209525,-26.50058937,0.421795517,0.190983146,-0.320557356,-0.085256584,0.015569449,0.094055235,0.113595515,-0.107994437,0.064011589,0.139681444,-0.008543195,-0.050694481,1
Woman00719.wav,127.0887967,389.7377084,385.261189,389.7377084,389.7377084,334.5030946,-0.038319898,0.2404705,-0.000816105,2116.518965,5.96816724,6.735515076,11.27236252,63.23137665,2.072656631,-1.480472565,3.15856123,-12.68220139,-9.705013275,-3.147921324,-11.06963062,13.75190544,-15.21780014,-1.177960396,-22.95227814,-0.493500084,-0.060911659,-0.037674386,-0.264297843,-0.217490852,-0.048522931,-0.099649087,0.266042829,-0.012658115,0.045652468,-0.108280905,0.026860809,1
Woman00720.wav,267.740773,312.929324,309.3350242,309.3350242,311.1269837,303.6717995,-2.07171973,0.19285198,-0.015154134,2675.579445,-151.7922528,8.644135275,17.43782588,20.7216568,-16.52444839,-1.75204742,-18.91819382,-38.06993103,-2.208643675,-27.79676056,-11.90026665,-3.523103714,-13.71478271,4.481982708,2.673694849,5.128920078,5.178744793,2.180365801,0.228819475,2.051034927,-1.518010616,1.256774426,-0.581896424,-1.962172985,-0.664901555,-1.936986089,-0.151637733,1
Woman00721.wav,325.8414615,351.25129,341.2518476,343.2286994,345.2170031,342.6416541,-0.014076872,0.20368311,-0.00024437,2248.698752,6.141770736,6.576627394,-5.224934631,45.59666824,-34.36187744,-12.16000366,-40.63209534,-8.835314751,13.29439831,-36.27537918,-22.05327797,10.0042057,-18.77391434,4.614009857,-16.30861664,-0.312470615,0.156455934,0.028915297,-0.173495889,0.077415332,0.233505324,0.049572267,-0.195477873,-0.058877852,-0.03243988,0.090780839,-0.083987661,1
Woman00722.wav,353.286068,460.809414,410.5345163,425.0119847,458.1553471,430.5702217,1.585892838,0.1870992,0.000311412,2328.246117,-15.32992019,5.478378966,22.22635563,49.81944275,3.355247736,-37.38974762,-25.12013054,-2.421323538,7.636956215,-22.83822823,-13.55640316,23.5946312,-38.54124451,5.974749565,-22.60373116,0.315245479,-0.268909007,-0.811751425,-0.858904898,0.290370703,0.325135648,-0.08035142,-0.097197518,0.397867054,0.431321144,-0.183746591,0.213952631,1
Woman00723.wav,277.182631,678.5727632,329.6275569,663.0741398,666.9152893,538.2653847,0.406376372,0.25699082,-0.000902085,1784.859631,-10.25778702,3.8849373,17.98245463,67.12896729,-1.238987684,-17.9579525,-33.11761856,-25.17789841,16.93227196,-8.889063835,-18.40922546,27.60142899,-10.38717651,21.36979866,7.273131847,0.382424593,0.179860249,0.074910231,-0.159470096,0.042478271,0.298833698,0.119081885,-0.012887691,-0.096537068,-0.018672174,0.174925506,0.397658437,1
Woman00724.wav,331.5370699,343.2286994,335.3893451,339.2863816,341.2518476,338.3520224,0.052130765,0.19060645,-0.001097105,3080.709992,-7.480093457,9.117950269,14.83129523,27.689394,-2.017251968,-19.54876518,-28.14341354,-21.99845314,-1.663995147,-5.650898457,-29.79589272,29.17913437,-7.134821415,13.99482346,-16.96167183,0.174337402,0.187230691,-0.08136829,-0.108595662,0.193951532,-0.022987949,-0.139137328,-0.05885857,-0.304273963,-0.269649535,-0.281922251,-0.03797958,1
Woman00725.wav,81.46036538,488.2105677,244.1052839,245.5193714,245.5193714,232.7069579,0.146618194,0.20505293,-0.000129662,2323.375711,-0.380639464,12.42705311,17.96908639,51.13800049,29.30973244,-10.47160339,-38.25511551,-19.3670578,-7.213846207,-3.028051376,-37.12588882,-15.82722378,-30.26030731,-14.92567921,-13.44184017,-0.267318815,0.12114118,0.126981556,-0.257407784,-0.150193214,-0.206629813,0.090607323,0.156516999,-0.210793629,0.075274549,-0.131237224,-0.020323487,1
Woman00726.wav,323.9647528,442.5488941,343.2286994,437.4657865,440,410.7677024,1.110533874,0.14360777,-8.72E-05,3433.04252,8.537296158,8.533253525,15.35832364,0.935578644,-2.873024702,-2.099065304,-24.51399422,-18.17366028,-3.62049818,-11.70983982,-6.760063648,-14.74656773,-15.13685417,-14.37610531,-8.509083748,-0.733801901,0.505787671,-0.814885795,-0.654676259,1.037773371,-0.588105142,0.008970038,0.064348169,0.517821074,-0.040948946,-0.608119726,0.203037739,1
Woman00727.wav,220,429.9503861,367.8634116,421.3472008,427.4740541,383.605734,-0.888946787,0.13247599,-0.000482443,2219.828217,1.135825946,5.867952195,18.43388886,58.27936172,-12.50807953,-22.75219917,-25.3750267,-27.16335106,17.59225273,-13.32399368,-20.473423,19.57516098,-13.80071354,-4.308423996,-16.59471703,0.053645991,0.168205932,0.262091339,-0.300028384,0.314923018,0.129566833,0.116258979,0.063667178,-0.107335187,0.127487123,-0.021075316,0.088772275,1
Woman00728.wav,309.3350242,405.8191252,316.5653876,351.25129,355.3326334,348.6577379,0.734811383,0.1995865,-0.000435181,2385.919334,2.717576442,6.871710508,19.1032994,40.24287796,-6.822117805,24.23816109,-31.41870117,-29.54198456,18.54634094,-26.69151878,-31.82109261,14.96834278,-32.85863495,14.37141895,-33.32287979,0.027724817,-0.127788395,-0.881062627,-0.268712103,0.04019396,0.148966402,-0.155936599,-0.191228926,0.315385371,0.015709646,-0.150829464,0.163749754,1
Woman00729.wav,491.0387428,505.4272762,493.8833013,493.8833013,493.8833013,493.659978,-0.002008869,0.19683148,0.000248756,2896.807407,14.98449402,5.869796282,18.37562721,29.23907089,-16.70462608,-5.224616528,-32.90036774,7.525335789,7.129406452,-12.14358807,-25.0678978,18.30937004,-26.33165741,-3.561896086,17.47352219,-0.390771598,0.088820808,0.001703986,0.202121317,-0.007962318,0.133560374,-0.110951953,-0.055948883,0.22962749,0.063223854,-0.026062071,-0.224601746,1
Woman00730.wav,300.5288565,493.8833013,309.3350242,311.1269837,311.1269837,324.021663,-0.015254738,0.18614326,-0.001511051,2675.398243,8.545832361,8.368585442,16.56442213,25.97220993,-17.84805107,-29.64722252,-47.04774475,-51.53564835,18.05019188,-20.23853302,-18.22028351,15.84215927,-28.62218666,9.951256752,-16.73129082,-0.147258699,0.447481632,-0.427251995,0.461994052,0.104648985,-0.129974008,0.104232408,-0.094242506,-0.138575956,-0.383141279,0.034525599,0.011974307,1
Woman00731.wav,217.4730845,374.2935508,272.4207993,273.9989169,275.5861765,283.5908224,-0.970270466,0.08910406,-0.000941817,2493.273177,-11.1620747,8.741149501,8.228974256,53.90158463,2.070017099,-11.11492252,-28.09960938,-28.47242546,14.70000267,-31.0656929,-23.70228386,32.37882614,-34.64775467,-6.513192177,-31.1685791,0.71470964,0.281724036,0.204376936,0.096884996,0.165905654,0.100149691,-0.033298407,0.143070295,-0.062694393,0.121128403,-0.032615844,0.103543505,1
Woman00732.wav,311.1269837,372.1377786,312.929324,369.9944227,369.9944227,349.0045643,-0.49760569,0.18265575,-8.67E-05,2926.91002,-4.05898197,8.393005047,16.18054343,40.47863007,-20.05079842,37.90110779,-34.27923965,-2.889022112,4.665935993,0.068642966,-18.02546692,39.39826965,-19.89106369,26.33220863,-3.474555969,0.253056735,-0.384389371,0.119810291,0.011338704,0.29479,-0.008729619,0.061996184,-0.104563944,-0.175207213,0.329059482,-0.287189066,0.074054278,1
Woman00733.wav,264.6655079,567.3229357,532.3973993,551.172353,554.365262,493.9884409,-0.068320356,0.12420092,-0.000332061,1556.988405,-1.324784732,3.318648057,15.38701831,75.5234375,-52.3079834,-11.15720081,9.286577225,-40.19024277,-3.817358732,-29.78500938,-29.87851334,10.23072147,1.15527451,9.086970329,9.666728973,-0.010165785,0.190470636,-0.073939107,0.008718221,0.164080724,-0.008483236,-0.039780945,-0.060108185,-0.021622069,-0.001453747,-0.155349389,0.109563053,1
Woman00734.wav,269.2917795,432.4410634,330.5850788,367.8634116,372.1377786,359.10528,-1.155916131,0.20931727,-0.002157683,2709.996397,5.48578145,7.642238271,18.29650641,29.3638134,5.802090168,-30.06829643,-44.90790176,-25.55142784,14.27469826,-30.92586517,-12.55677891,26.87947655,-16.8304348,11.08362484,-23.69279861,-0.08743351,-0.04617063,0.345721811,-0.058403526,-0.055175178,-0.10331884,-0.036033295,-0.243637323,0.141788989,0.027205702,-0.012279249,0.211630747,1
Woman00735.wav,349.2282314,442.5488941,361.5437384,395.408223,412.9127185,389.0985404,0.782735905,0.12296678,-0.000194768,2490.93825,1.790119097,6.40827427,10.68202677,54.12438202,-9.563485146,-5.434930801,-29.83641434,-13.27244759,14.57223129,-8.145215988,-7.731454372,23.11812019,-22.0559864,19.58979034,-11.94937229,-0.097677857,-0.598937869,-0.449252397,0.107731245,-0.560415864,0.009135433,0.026022624,-0.187671095,0.024060262,-0.052791413,0.046037331,-0.058285221,1
Woman00736.wav,415.3046976,420.1303057,415.3046976,417.7105332,417.7105332,417.196988,0.002797724,0.085540906,-0.001660693,3257.739168,-2.30118656,7.809648077,20.40558735,-19.90648079,-30.50796509,-25.00392723,-32.28952408,-4.993031979,-20.01927567,-29.2293148,-17.53675652,10.74296379,-41.26852036,14.09076691,-52.59313583,0.685048223,0.075475469,-0.692050338,-0.09637142,0.225770369,-0.121438801,-0.85930115,0.745083988,0.809052587,-0.812604904,-0.282601327,0.4260225,1
Woman00737.wav,325.8414615,445.1125537,391.995436,440,440,412.9927793,0.74835899,0.20708461,-0.001110594,3231.288214,8.507611586,7.864356313,17.36083536,4.865107059,15.34985161,-9.241597176,-33.08722305,-18.11524963,9.89487648,-17.60352898,-13.38171196,9.681163788,-22.0465641,-4.71561861,-13.67027473,-0.246166453,0.007051671,-0.12073569,0.397906899,0.085178368,-0.228365317,0.039278768,-0.094935216,-0.049285088,0.078239344,-0.13279666,-0.109897822,1
Woman00738.wav,238.5299115,248.3721691,245.5193714,246.9416506,247.6569098,246.6026173,-0.011838959,0.23167147,-0.000241638,2422.697325,1.671151235,9.826704287,17.83780082,65.66339874,7.085514545,-4.24638176,-38.16347122,-31.4221077,21.98846245,-2.611459017,-34.63088608,45.1688118,-32.25328064,6.860942364,6.220322609,0.157109946,-0.160126761,-0.12791051,0.10896948,0.120959848,-0.192035109,0.141940922,-0.070434064,0.127499506,0.000970702,-0.111416206,-0.070966423,1
Woman00739.wav,323.9647528,415.3046976,323.9647528,327.7290419,329.6275569,339.9980617,0.679212448,0.13063747,-0.000501788,2877.44638,-1.875631392,8.5516803,17.07959687,34.0803833,-19.21670341,-30.04008293,-43.74768448,-33.83852386,15.98993397,-20.54435158,-22.42962456,10.13374996,-0.976638675,-1.898010254,-16.44453812,0.323920012,-0.204703271,-0.189795062,-0.31010884,0.434540629,0.249762207,-0.013303647,0.014535053,-0.018793145,0.143219516,-0.114378251,-0.029335435,1
Woman00740.wav,199.4236978,333.4576446,217.1599463,231.0720675,242.6993409,239.134696,0.575158544,0.08168116,-0.000254957,1840.425379,-7.755728642,7.831922385,12.30953825,89.96231842,-19.16472626,-5.592727661,-13.72214603,-25.85087585,16.32894516,-12.75558376,-35.49245071,27.7136898,-20.52096176,16.45501518,-11.48744106,0.324341208,0.278375357,1.005574465,0.595452905,0.303167105,-0.212365896,0.165101647,0.473011047,0.094620585,-0.121057324,-0.504017293,-0.480670184,1
Woman00741.wav,333.4576446,365.7446743,337.3322358,343.2286994,363.63814,349.6332684,-0.444043127,0.16657004,0.002248154,3356.303449,54.19456367,9.797666421,17.58298119,46.87612534,33.12447357,-9.647984505,17.37640762,-38.70635223,7.929813862,-13.32440567,-19.13241768,-7.726933002,-27.79580307,6.496820927,-17.15521431,-1.679848909,0.59590286,0.974510789,0.394543171,-0.728343844,0.238052338,0.400498152,-0.762870193,0.61758846,0.411392957,-0.201846719,-0.413834602,1
Woman00742.wav,222.5562769,263.1411468,249.8109744,261.6255653,263.1411468,256.9278432,-0.361723775,0.16915345,-0.000488552,2740.720014,-1.287321123,10.66886827,11.34666332,32.90585327,-18.62992477,11.54555798,-55.23323822,-13.91475773,15.28426361,-10.76063442,-34.17685318,10.93871975,-14.96393204,-1.195540547,-11.25705624,0.190511554,0.704764485,0.735951066,-0.430590928,0.29830873,-0.022878563,0.109733276,0.401628613,-0.81515789,-0.082166843,-0.058326676,-0.293402642,1
Woman00743.wav,260.1187129,347.2168248,343.2286994,345.2170031,345.2170031,332.0687734,0.644754678,0.23638122,-7.84E-05,2542.369023,12.39421553,7.667601538,20.21839004,37.81210709,-9.771957397,-22.57458496,-31.07277679,-27.90008163,14.74846363,-33.0424614,-13.22138405,4.191049576,-8.982243538,5.481240749,-15.52149773,-0.588162661,-0.372675002,0.014846901,0.016192237,-0.238118842,-0.025609542,0.041975237,0.13888374,-0.266123474,0.076710686,-0.135948658,-0.068281561,1
Woman00744.wav,221.274447,445.1125537,440,440,442.5488941,409.0793679,-0.03085173,0.1824817,-0.000591111,2882.657777,-7.436444392,7.272276778,20.64122242,11.89673138,-19.73731232,-23.20541382,-8.809454918,-45.58822632,2.39519763,-22.84537697,-12.11487961,10.25471497,-51.63342667,-6.79797411,-20.74325371,0.446838915,0.020927232,0.176916227,-0.066052966,0.052961703,0.001587316,0.107543826,0.039980397,-0.247925162,0.135556594,0.134671986,0.199379876,1
Woman00745.wav,309.3350242,420.1303057,367.3337273,372.1377786,408.1700115,375.0882059,0.264665567,0.2508425,-0.000624016,2150.665561,-2.817540243,5.750570894,15.4412283,53.45342636,-42.08395386,-15.65185928,-23.07228279,-17.12034225,-6.678590775,-22.21687126,-10.51575947,16.10097885,-11.42658234,-2.062814474,-14.16316891,-0.057455961,0.0706691,-0.199279085,-0.015794514,0.019265622,0.063944966,-0.094215415,-0.076548606,-0.085566945,-0.173734143,-0.080481738,-0.032288793,1
Woman00746.wav,241.3014955,361.5437384,293.6647679,333.4576446,335.3893451,317.6626447,1.066506205,0.18501735,-0.001131975,2974.050965,15.0766664,9.400653828,13.44564097,29.38213348,-30.18233871,-12.11361122,0.808915377,-41.95190811,-7.538179398,-5.853966236,-18.53167915,13.38976002,-18.40729904,2.42070365,-15.95029354,-0.305111825,0.726457357,-0.341667145,0.074250214,-0.114225388,-0.011240917,-0.211151168,0.085048087,-0.157142058,0.009791625,0.097496234,-0.027993925,1
Woman00747.wav,329.6275569,422.5640958,336.8465131,396.5502035,420.1303057,383.9589553,-0.616258027,0.123153575,-8.46E-05,2178.02516,5.621065866,5.750750023,14.93653774,63.38887405,-30.49854279,15.60875034,-8.226213455,-24.50004768,14.84451199,-19.52668571,-17.88033485,14.86089325,-23.64453888,2.73898077,-21.50374031,-0.648911893,0.386665612,0.550310314,0.152275249,-0.414692163,-0.22159493,0.312904567,-0.201152384,-0.200295523,0.04810458,0.065554775,-0.016815634,1
Woman00748.wav,349.2282314,410.5345163,383.0422479,408.1700115,408.1700115,396.4566585,0.356271968,0.1898646,-0.00092055,2363.197277,-6.244621866,5.968394296,2.374081917,52.46794891,-26.12380219,-4.638694763,-42.29777145,-11.47049046,21.96740723,-22.87123108,-28.60956192,9.775094032,-29.66011238,6.336801052,-5.511274815,0.286181688,0.014158978,0.04867987,0.068133451,0.150669888,0.089394487,0.004455724,0.120017953,0.008120708,-0.223738819,0.19536683,0.095678158,1
Woman00749.wav,349.2282314,748.5871016,351.25129,739.9888454,739.9888454,607.2685805,0.027174573,0.26024446,-0.001100508,2098.361209,-13.63644537,4.115211661,24.30649019,33.75728607,-6.895601749,-38.10406494,-22.31154633,-37.72723007,-2.387638569,-26.34957314,1.163967848,20.45898247,-0.363865614,5.398839951,-30.10204124,0.52189666,0.075394489,-0.056967754,-0.212581635,0.130753681,-0.17026864,0.268033832,0.042414863,0.00813718,0.084311925,-0.120113999,0.12450251,1
Woman00750.wav,353.286068,374.2935508,372.1377786,372.1377786,374.2935508,371.5843119,-0.38540997,0.12432869,-0.002562996,2363.761869,13.00741509,6.360743365,9.814116213,48.62553787,9.903597832,-8.577156067,-8.024898529,-38.03643799,27.86508179,-40.90802765,-29.11878395,2.150296926,-27.46251106,-6.206384182,-19.03462791,-0.645152092,-0.528214395,1.32547307,2.041893482,-0.82899493,-1.117681503,0.861348689,0.257714391,-1.27036798,-0.368085593,0.07307332,-0.359847456,1
Woman00751.wav,195.997718,278.7883336,211.2820479,233.0818808,272.4207993,239.1750294,0.565021408,0.09613381,-0.000305507,2296.950182,-2.614806932,9.647012146,16.45197454,77.25761414,14.34668922,7.316009521,-20.56636429,-16.36931038,9.320025444,-38.5390892,-10.51398373,44.18738174,-33.96774292,-3.667336941,-21.13978195,-0.22164157,-0.006485187,-0.102096498,-0.005529392,0.158730999,-0.160167456,-0.302538455,0.293805599,0.066351838,-0.257289261,-0.022419685,-0.196425319,1
Woman00752.wav,32.70319566,234.4321104,226.4464921,227.7582832,231.7394279,205.0176411,0.024944783,0.096582085,-0.000149071,2051.219945,17.79358307,10.46415267,6.887241143,105.0379715,4.185627937,4.946522713,31.75960541,-16.07745934,28.83661842,-33.97993088,-19.49101639,26.0977211,17.74886131,-8.64908886,-11.67154026,-0.395343482,-0.056654207,0.010999444,-0.424562871,-0.758814812,-0.396443188,-0.113470018,-0.094360031,-0.023778649,-0.412210315,-0.26830256,-0.108110614,1
Woman00753.wav,333.4576446,405.8191252,341.2518476,353.286068,403.481779,371.5549567,-0.500876985,0.18041481,-0.001106235,2324.071305,12.25274025,6.284569596,19.85199155,46.81623459,-6.659490108,-10.95671177,-20.0173645,-19.77710915,30.23576355,-27.60561562,-7.245196342,22.58447075,-13.88860893,2.697953224,-15.14532852,-0.021555211,1.105270147,-0.18688941,-0.474684983,-0.119925834,0.070104919,-0.138444066,-0.01430977,-0.114309534,-0.441405237,0.275212258,-0.064247519,1
Woman00754.wav,212.5059924,351.25129,270.8517709,273.9989169,283.6614679,276.7566642,0.477383858,0.14746666,-0.000499018,1547.809641,7.016168011,5.572739468,-3.472215766,118.7671967,-19.45272636,-13.51900768,-4.180496216,-9.235002518,16.88916397,-8.770597458,-23.98216248,37.36497879,-17.42508316,-11.15049076,3.332655191,-0.167088434,-0.370301008,-0.118903518,0.064998135,-0.18672128,-0.050315306,-0.168269604,-0.085001208,0.170231804,-0.270550609,-0.139881223,0.111904249,1
Woman00755.wav,241.3014955,353.286068,251.2581146,337.3322358,339.2863816,306.6975465,0.061183382,0.12218475,0.000312547,2412.275823,-3.4202629,8.066245258,16.79640382,40.58789063,-1.430525422,1.012764812,-34.23958969,-39.25593948,10.9813509,-18.3505249,-29.07045364,13.44337368,-47.55037308,0.148290008,-17.10085106,0.048137944,0.04944557,-0.019225683,0.146272883,0.185638174,-0.138584882,-0.075828157,0.1809901,0.132618055,-0.136337936,0.045788448,-0.075872801,1
Woman00756.wav,272.4207993,325.8414615,273.9989169,273.9989169,273.9989169,286.3559794,-0.497400986,0.16271774,-0.001030162,2404.420869,-7.843430421,8.406877288,19.00653022,62.33281708,17.07848167,-18.07669067,-3.706536531,-34.4924469,-16.87204933,10.0061779,-43.53084183,24.852705,-12.77524853,-21.63255882,-33.71881866,0.503769159,-0.257355183,0.403746694,0.552476287,0.294838786,-0.813867271,0.563691437,-0.158378571,0.107811756,0.091271564,-0.278080702,-0.258516967,1
Woman00757.wav,186.0688893,351.25129,226.4464921,291.9733833,341.2518476,286.1689324,0.124001925,0.16252369,-0.00054658,1855.323818,-6.560158623,6.500135239,15.3161454,85.38754272,0.032517299,-13.20106506,-24.51480103,-31.19991684,-4.872956276,-3.890888929,-39.71319199,25.68431473,-31.42921257,-5.375767708,-15.71051121,0.471334368,0.378227681,-0.332674235,-0.434538603,0.035067197,0.07372357,0.202439547,-0.033136323,-0.034605365,-0.100999944,0.133429438,0.080301687,1
Woman00758.wav,291.9733833,1280.974801,297.0769882,331.5370699,395.9792133,458.2793307,5.223322154,0.11509034,-0.00191669,2712.180995,-18.57729475,7.851981719,-3.112816168,33.67128372,1.918268681,-36.85837936,-42.74940109,-24.40943527,26.09321976,-20.88783836,-18.55930328,5.282512665,-19.8704834,6.576891422,-16.33588982,0.465223908,-0.415677309,0.075185195,0.056291759,0.075475708,0.04992193,0.152204961,0.016373541,-0.387911201,0.223288894,-0.007106686,-0.086277753,1
Woman00759.wav,367.8634116,420.1303057,378.6426324,415.3046976,417.7105332,402.3800686,-0.324166787,0.12394979,-0.00021439,2636.547287,0.483052103,6.562590197,9.658125033,44.26763153,5.154974461,-32.01700592,-40.0709343,-26.34377289,14.77533627,-15.32230282,-37.98338699,9.810325623,-25.6751709,6.940456867,-28.97847748,-0.063760832,0.196300328,-0.059016373,-0.074276701,-0.039742682,0.214902207,-0.025711926,0.098176859,0.050516177,-0.018466387,0.204169691,0.085036285,1
Woman00760.wav,311.1269837,349.2282314,345.2170031,347.2168248,347.2168248,342.6851861,0.212977866,0.25310424,-0.002192438,2617.620929,5.213481401,7.63603714,21.84008967,23.84418678,6.211172104,-3.822467804,-26.84226227,-13.02870369,-3.17508173,-14.53959942,-10.04887199,0.73434037,-12.64581394,-1.717020035,-13.24693775,-0.106309034,0.49134779,0.049691673,0.169974342,0.076885104,0.12415193,0.295441508,-0.053846467,0.003828748,-0.038444009,0.111386523,0.013047591,1
Woman00761.wav,220,376.4618113,329.6275569,341.2518476,345.2170031,329.4344849,-0.39837235,0.16239649,-0.000516179,2598.264192,-7.603208012,8.10327365,15.81344888,65.72521973,22.07662773,-38.82151413,-12.59430027,-11.56400967,12.57060242,-26.06333733,-41.28042221,26.26279259,-46.07870102,7.934515953,-21.15673447,-0.065905809,0.250389546,0.291701347,0.150553972,0.630559862,-0.08191213,-0.031763926,0.017711891,-0.143488213,0.12964423,-0.041918986,0.124832265,1
Woman00762.wav,242.6993409,275.5861765,266.1986996,268.5162763,275.5861765,267.5625972,-0.155332682,0.182043,-0.000131696,2610.545688,1.762834916,9.785468306,20.1637506,43.55554199,27.77902794,-6.227848053,-38.12659836,-16.33810616,4.961247444,-33.37031174,-21.30862045,2.649693251,-10.50851536,-1.217557788,-33.11336517,0.06348221,0.063535139,-0.061182868,0.230492502,0.110447943,-0.637154937,0.046870336,0.029392887,0.10541077,-0.000961821,-0.050128318,0.098920025,1
Woman00763.wav,167.6946726,355.3326334,337.3322358,339.2863816,343.2286994,307.3712762,0.069337891,0.17175674,-0.00148222,2934.355447,-11.64210973,10.67198103,17.07791327,32.46043777,-2.740548372,-13.39692593,-20.85700417,-15.05937386,25.85261536,-46.16519547,-27.38700104,5.834730625,-12.5423975,-7.277167797,-23.24258804,0.61260736,0.093092702,-0.119744457,-0.188935459,0.285554409,-0.090579085,0.019371072,0.19067508,-0.269273013,-0.309051782,0.180440068,0.131666437,1
Woman00764.wav,335.3893451,398.8473955,339.2863816,391.995436,394.2662424,371.6346744,-0.166237608,0.1702235,-0.000519724,2789.326211,-1.738079633,7.540252106,22.33782434,23.9575634,24.60448074,-27.42449951,-37.00387955,-34.65919495,13.11524963,-21.01517105,-11.73956394,-2.671019077,-14.56612682,-10.03684521,-21.59223366,0.201253369,0.200994208,-0.209785819,0.134168476,-0.116067268,-0.023251116,0.270085782,-0.212323844,-0.064745858,0.093819223,-0.070202045,0.075422809,1
Woman00765.wav,331.5370699,408.1700115,333.4576446,367.8634116,394.2662424,367.1511875,0.07720802,0.24789727,-0.001360831,3729.113181,12.81889592,10.27487299,7.356201632,0.736794651,-7.183418274,7.610235214,-10.107934,-14.37895966,0.562661052,-9.53032589,-6.142361164,0.93204689,-11.35484314,2.224966764,-14.89030838,-0.922971308,0.223693669,0.513739169,0.520159662,-0.177990273,0.139115974,-0.020710332,0.028465224,-0.000688612,-0.191128656,-0.035293501,-0.111439377,1
Woman00766.wav,477.0598229,567.3229357,547.9978338,547.9978338,551.172353,543.540597,0.264856327,0.120511554,0.000903754,3036.614783,-1.520677623,5.559390487,1.060442491,63.89533234,33.75123978,-7.33873558,23.92279243,-17.8614502,-1.958251119,-10.28741264,-24.29199219,21.88471603,-0.406525254,8.92401123,10.58922768,0.068034925,-0.328022242,0.201894999,-0.01921056,0.083141357,0.310386479,-0.071704119,0.192649096,0.321028411,-0.051327039,-0.0166815,0.105209567,1
Woman00767.wav,132.332754,263.1411468,133.8703865,134.6458898,134.6458898,142.4321878,-0.727443787,0.18148328,-0.000111931,1830.740941,0.091570582,13.25126267,17.95604287,97.50700378,-14.12032318,-5.866977692,-16.6668663,-6.086943626,20.95314789,12.92099094,-39.94334412,33.36314011,-31.78705597,-15.83018589,-30.50393295,0.15704897,-0.250043988,0.117725112,0.108572118,0.379366368,-0.198372617,0.255392492,0.098871022,0.021190207,0.070565462,-0.151724711,0.06434691,1
Woman00768.wav,329.6275569,1749.863146,365.7446743,367.8634116,420.1303057,418.7247956,-0.389631149,0.118819386,-0.000141103,2288.674494,7.221247112,6.044035555,-20.90402128,56.0086174,-18.15070343,13.92757034,-18.65118027,-0.24349241,18.27682304,-23.82808304,9.250842094,32.20120239,-17.48163414,6.895651817,-9.294383049,0.064668074,0.027442619,-0.146449506,-0.397101641,-0.225281611,-0.050473217,-0.106217287,0.040709205,0.080169648,-0.050124809,0.061304417,-0.321782827,1
Woman00769.wav,212.5059924,425.0119847,337.3322358,403.481779,405.8191252,370.4451262,-2.662769616,0.07923127,-0.001713316,3036.784638,-16.54363869,8.280461028,9.190189782,25.12906456,-4.626998425,-24.55561066,-45.4362793,-5.299506187,13.57311535,-36.67206192,-21.43448257,15.70983315,-33.92055511,6.915615082,-17.00157356,0.816518664,-0.122567989,0.120837294,-0.231611118,0.382927835,0.364193529,-0.078739546,-0.069960922,-0.15591912,-0.004012046,-0.488807112,-0.11697752,1
Woman00770.wav,425.0119847,425.0119847,425.0119847,425.0119847,425.0119847,425.0119847,-2.52E-15,0.18061818,-0.000208611,3975.636583,-0.331626633,9.354175237,18.70576035,-8.608167648,-13.27065182,-39.55511475,-30.26125526,-26.79953384,27.35136223,-11.09830856,-0.395060211,28.20329666,-19.83935356,2.111817598,-12.45282078,0.291821748,-0.121682264,0.156216592,0.312561065,0.044146698,-0.044541009,-0.283094764,0.130640164,0.009216407,-0.082725644,-0.036258016,-0.139729738,1
Woman00771.wav,244.1052839,468.8642207,349.2282314,372.1377786,403.481779,379.9219201,-0.834437837,0.15055956,-0.000619548,2346.465514,-0.342976679,6.296759376,17.77084763,48.86608505,-18.41098022,6.231139183,-1.187129498,-30.22896957,13.90703011,-17.34421349,-9.698432922,15.95077515,-28.8882618,5.35908556,-24.24542236,0.059313778,0.022941303,-0.401489615,0.574242949,-0.074230693,0.125938952,-0.032491162,0.147489741,0.003415064,0.078635663,0.029418658,0.09159606,1
Woman00772.wav,286.9574553,389.7377084,325.8414615,327.7290419,334.4346529,329.924989,0.459033905,0.13752688,-0.000362859,1988.153975,15.88918071,5.994542848,20.80836126,66.59279633,5.888655186,-36.933918,-33.92406464,-29.26239586,10.14169884,-32.63291931,-22.37552834,13.81627083,-24.82831764,1.518085122,-14.0423336,-0.246701211,-0.263777554,-0.398862481,0.177263677,-0.073398493,-0.147786617,0.142264277,0.083394788,0.018622473,-0.252981484,0.155182064,-0.314789474,1
Woman00773.wav,204.0850057,333.4576446,210.0651529,272.4207993,288.619783,261.1716552,0.826240423,0.19234489,-0.000955839,1587.020091,1.579536255,6.059694245,16.9966705,103.4134903,-39.00351334,19.17810822,-29.89933586,-22.9884491,7.31973362,-14.25249577,-33.86979675,22.31129456,-36.94105911,-13.95940876,-11.48681831,0.18978022,-0.939702332,-0.116897501,0.670790613,-0.207077608,-0.38567093,-0.135963619,0.345720172,-0.227541238,0.052742146,-0.11848262,-0.090009972,1
Woman00774.wav,408.1700115,422.5640958,412.9127185,415.3046976,417.7105332,415.2679509,0.068236313,0.21848394,0.000719125,3288.688273,40.16331385,7.920139347,19.16401128,28.03165627,12.10171795,-46.69430542,-13.78037357,-5.36529541,-1.342310309,-23.42917442,-15.36563873,17.11247063,-9.976688385,-10.55453873,-15.32543087,-0.608906269,0.450470418,0.031828035,0.059491578,0.222861275,0.317154706,-0.239637375,0.500940859,-0.211589858,0.147605956,0.511687398,-0.15448451,1
Woman00775.wav,207.6523488,442.5488941,245.5193714,249.0915717,432.4410634,304.9000165,-0.062865349,0.13425985,-0.000129111,2333.963229,3.432476305,8.067871544,19.72586558,65.03752899,16.98485947,-9.075662613,-5.824701309,-27.9114933,8.066441536,-15.03572559,-22.65412521,13.17621422,-26.99212456,-3.306117058,-20.97398567,-0.244830176,0.370317608,0.010433509,0.049729098,0.122646242,0.05031164,0.290973216,-0.086890325,-0.124373801,0.00472356,0.016491327,0.036615234,1
Woman00776.wav,52.21381665,351.25129,52.51628822,69.69708341,345.2170031,179.9154992,-4.193644501,0.15661518,-0.001590337,2806.810232,0.993832496,29.29422157,10.3127025,60.44264984,19.56437492,0.401591778,-29.00515747,-34.2120018,23.78548431,-22.97952843,-30.60600662,31.26059151,-27.1710453,10.95060825,-10.99861526,0.669985533,1.255904078,0.292241901,-0.32939288,-0.100544885,0.075723775,-0.143947601,-0.355391979,0.12772499,-0.292530417,-0.199562848,0.023918983,1
Woman00777.wav,252.7136381,380.8360868,273.9989169,273.9989169,295.3659506,288.0791594,-0.000883489,0.13730994,-0.000282918,2006.286492,-1.089719132,6.986765515,20.8944127,36.54018784,3.629403591,46.711586,-4.698230743,-28.10074425,11.65080166,-17.09924316,-23.1665554,-3.399259567,-24.94260025,4.343811512,-34.1272583,0.373933464,0.066372782,-0.664904594,-0.30883652,-0.006256266,0.260662287,-0.021300128,0.087494344,0.198673069,0.164808005,0.116407007,0.095346645,1
Woman00778.wav,204.0850057,222.5562769,218.7328932,218.7328932,220,216.2778903,-0.099005727,0.18703826,-0.000246441,2661.414398,-2.65626169,12.27109406,18.27558139,40.72426224,24.6979599,12.85003376,5.823683739,-25.21168137,-4.732982635,-11.94237804,-38.15819168,19.32614517,-13.69203568,-24.02107048,-23.1492157,0.056406636,-0.356169879,0.005462455,0.399643034,0.169785544,-0.337348312,-0.002155189,-0.023172293,0.237698928,-0.060924452,0.018128505,-0.127850845,1
Woman00779.wav,238.5299115,372.1377786,250.5345445,361.5437384,364.6914071,321.6790705,1.949209972,0.14129458,-0.000478145,2898.465378,14.90914912,9.070234549,-2.075061306,50.00396729,16.55533409,-15.31138229,-15.98423481,-21.44201851,17.52823067,-9.960579872,-18.73840141,32.76683807,-21.17774582,12.25415611,-19.52474976,-0.716196597,0.625359416,-0.041585922,-0.248699173,0.626713514,0.130129069,0.764166594,0.492725432,-0.090936452,0.195006102,0.131573051,0.938529551,1
Woman00780.wav,391.995436,394.2662424,391.995436,391.995436,391.995436,392.3050914,-3.86E-15,0.17504014,-0.000774885,2483.07146,-4.674772725,6.328517451,25.51866587,17.60682678,34.69208145,-19.78254509,-40.13401794,-29.06837082,9.680374146,-17.47838211,-32.70033264,10.36814976,-25.35203362,0.493738085,-28.46350098,-0.034866635,0.384004623,0.203185305,-0.290596455,0.203943685,0.145375431,-0.266106695,0.062573276,-0.065133899,0.013515448,-0.133415133,-0.003493209,1
Woman00781.wav,331.5370699,372.1377786,333.4576446,347.2168248,369.9944227,349.4284611,-0.081076078,0.2273354,0.000604962,3753.679278,10.56539535,10.79636453,17.59297921,12.85904789,15.78795338,-17.81921768,-21.91527367,3.000515223,20.91231918,-1.283534765,-4.571736813,18.88022995,-11.75371647,3.633581161,6.628454685,-0.33004874,0.119863577,0.044078141,0.299696714,-0.051800095,0.169923365,-0.159305453,0.16163899,-0.026707612,0.059717696,-0.24300082,0.078166842,1
Woman00782.wav,345.2170031,474.3121605,405.8191252,411.7236174,465.4925351,418.3889207,0.478863727,0.22506872,0.000368724,3130.13499,11.54737615,7.508824761,15.24512527,31.32296371,-4.545562744,19.4788475,-8.295086861,-16.77624702,11.10426331,-13.87937355,-2.424995422,16.66015053,-12.51087189,2.698089838,-20.36672592,-0.182484135,0.357330859,0.223828778,0.354137272,-0.192657232,0.096980378,0.172976509,-0.077320613,-0.021679105,-0.024457891,0.402585059,0.069251038,1
Woman00783.wav,320.2437002,410.5345163,334.90642,400.0026452,403.481779,372.4043579,0.277377505,0.11107143,0.001394757,2791.690344,26.40234588,7.605830673,3.538792693,54.52106094,16.12569809,-26.39704323,-23.03048325,-2.716220856,33.44975281,-19.74933815,-10.83633232,7.072757721,-22.55240059,18.1947937,-17.83050156,-1.048471689,-0.930333853,0.694334567,-0.382788926,0.315047979,-0.312399924,0.301147372,-0.045717891,0.229372859,0.254011899,-0.158573806,0.120594978,1
Woman00784.wav,353.286068,372.1377786,367.8634116,369.9944227,369.9944227,366.5667221,-0.238600016,0.1947004,-0.000704904,3685.360752,-0.01291456,10.04305004,15.6863345,-18.15199471,-0.376870006,9.053070068,-45.13915253,-23.43562317,2.550591469,-47.58347702,2.711291075,0.839864671,-4.680271149,-23.18328285,-7.308943748,-0.006463978,0.069422476,0.037244007,0.045542393,0.276193798,-0.148027331,-0.006867992,-0.274953365,-0.006393403,0.028818144,-0.022124715,-0.081851482,1
Woman00785.wav,311.1269837,425.0119847,345.2170031,403.481779,408.1700115,378.4640917,0.376356943,0.13825509,-0.000612039,2408.119951,-15.67294504,6.517598228,-3.940446412,60.46805954,-9.628030777,-14.33530807,-8.028832436,-26.06892395,22.19450951,-21.5334568,-22.36489296,27.78525162,-24.88408661,2.090395212,-19.27840042,0.313023478,-0.120396391,-0.140860021,-0.212612867,0.336880565,-0.03185302,-0.011684062,0.174851149,-0.083944567,0.141585484,-0.079670586,-0.013933018,1
Woman00786.wav,325.8414615,374.2935508,329.6275569,331.5370699,369.9944227,344.1781288,-0.326221793,0.18071096,-0.002047515,3027.224965,-5.540202332,8.838469799,18.07532391,19.92671013,4.079153061,-23.24396896,-34.87198257,-15.24293327,14.95358658,-19.05953979,-28.4857502,8.907129288,-29.83756447,2.421630859,-7.809486389,0.311081707,0.669545174,0.632117152,0.539868176,-0.350087166,-0.179716811,-0.277611375,0.132997796,-0.37855199,0.046910446,0.223669603,-0.162203282,1
Woman00787.wav,297.0769882,387.4929844,307.5533855,312.929324,376.4618113,338.5103003,-0.538722501,0.22255284,-0.001111465,2701.362996,1.593136162,7.97333076,14.85862308,50.73229599,-10.33926773,4.653598785,4.848909855,-28.77163124,15.41740227,-6.836946011,-2.134286165,12.8073473,-21.30496979,-0.010128429,-9.989392281,0.2422131,0.148520678,-0.293762743,-0.14924553,0.106569305,0.268250316,-0.204862133,0.245312035,0.298917085,-0.140023664,0.073747076,-0.080841847,1
Woman00788.wav,323.9647528,417.7105332,329.6275569,363.63814,372.1377786,354.4810028,0.437328302,0.0887445,0.001528251,2221.178916,1.472353681,6.329301364,15.0220084,70.22023773,-19.49368858,-19.23857307,-52.13228989,-31.94911194,39.57523727,-24.69900703,-26.12197304,26.14845467,-31.75315666,3.156895161,-9.904068947,-0.017919704,0.147641838,-0.02029036,0.394845426,0.216160417,-0.051725656,0.247595236,0.106708638,0.204549596,0.073827587,-0.133553833,0.238057956,1
Woman00789.wav,293.6647679,466.1637615,345.2170031,412.9127185,417.7105332,386.145729,-0.426408653,0.21390982,-0.000137154,2696.355042,-5.768620158,7.054882785,18.77779876,20.39646149,-4.032315254,-26.99507904,-27.85424423,-11.65775108,-0.752486229,-23.34051514,-25.03195763,21.3119545,-25.63855743,1.986415267,-21.38258743,0.292585731,-0.301435232,-0.367894977,0.134920761,-0.024856651,0.067941323,0.163411796,-0.227162823,0.070296876,0.10718473,0.123690359,0.211858258,1
Woman00790.wav,432.4410634,445.1125537,440,442.5488941,442.5488941,441.4062944,0.007360378,0.073811695,0.000238692,2265.120626,25.58426899,5.130550276,25.27141749,78.45453644,72.16517639,-55.59105682,-21.87496758,-32.0511322,10.78024006,-17.85213661,-28.64331055,0.283873737,-45.60018158,13.88236713,-23.67499542,0.177522495,0.978602231,-1.182797432,0.340263754,-0.219556287,0.416944742,-0.157545775,0.049359888,-0.371996135,0.200468212,0.026938055,0.207722545,1
Woman00791.wav,146.832384,374.2935508,329.6275569,329.6275569,343.2286994,326.4114228,-1.117135356,0.10863096,-0.000126789,2968.093859,-8.579362631,9.323577252,12.32399466,29.9732914,6.56632328,-23.25549698,-21.67211342,-34.7312355,14.51806068,3.24858737,-36.96958923,-13.97542572,-19.85344124,9.206989288,-28.29608154,0.356548667,-0.246577069,0.501306534,0.256632596,0.026967382,-0.170439139,-0.115040764,0.071322076,0.030673262,-0.00930091,0.008197692,0.065879136,1
Woman00792.wav,272.4207993,417.7105332,348.2254243,369.9944227,399.4551555,363.7320129,-0.673992993,0.2118764,-0.000539261,2382.625491,1.661997064,6.554404029,19.87911152,63.1967392,-4.517087936,-30.86355019,1.899981499,-20.08955002,21.23584175,-18.02013779,-10.47356987,14.97903061,-16.46715546,-7.24788475,-1.5799582,0.108055174,0.166003436,0.037344556,0.093419999,0.036432296,-0.011166988,-0.002653169,0.154764473,0.060140487,0.001031404,-0.051836599,-0.074543267,1
Woman00793.wav,283.6614679,351.25129,325.8414615,335.3893451,343.2286994,327.3273719,0.349505101,0.1640327,-0.000474162,2441.929945,6.133883265,7.458541916,15.33030237,37.97727966,-30.74170494,-12.67065811,-43.86736298,-8.726529121,15.26811504,-28.45877647,-29.66337013,0.336788177,-23.08829498,8.473499298,-27.70183563,-0.169280961,-0.057564426,-0.200643912,0.425683618,0.086116664,0.094150037,-0.020084236,0.123687871,0.113741197,-0.097069092,-0.218315333,0.081835955,1
Woman00794.wav,263.1411468,282.027698,266.1986996,275.5861765,277.182631,273.201417,-0.067189389,0.09227485,-0.000283195,3305.513549,6.932760028,12.10048927,13.38597963,7.435153961,-10.27136421,-7.065155506,-42.6489296,-14.32680798,16.1435318,-22.91277122,-29.23733521,17.85078239,-32.53334427,-0.755302131,-17.36441803,-0.162160039,0.016336938,0.181583464,0.229804575,-0.000776333,-0.134418905,-0.103781782,0.254223228,-0.266440958,-0.014017586,-0.110170603,0.259719163,1
Woman00795.wav,264.6655079,1843.237656,275.5861765,322.1203469,331.5370699,453.8765619,0.1517258,0.14171913,-0.000452065,2480.905306,10.45656764,7.039012893,10.87650242,42.67991257,0.09136457,-5.347491741,-12.0882988,-23.33072853,22.10700035,-24.94259834,-15.80578041,17.14730072,-13.23342991,3.31235218,-39.20980835,-0.515738189,0.713654876,-0.041792262,0.401657462,0.478515357,-0.28743881,0.58639127,-0.053919852,0.336621076,-0.013893452,0.030832287,0.225013435,1
Woman00796.wav,161.9823764,376.4618113,325.8414615,363.63814,369.9944227,343.1327595,-0.898681206,0.14779574,-0.000418168,1599.720256,0.819353447,4.660366535,22.80751078,98.20713806,-7.325130463,-17.75056267,-24.54816055,-17.44407272,10.93395805,-27.5351963,-18.11282539,10.75189972,-31.1802845,11.38182545,-26.44239616,-0.120599948,0.201909557,0.129833341,0.087509282,0.274926037,-0.149634808,-0.292369783,0.238386437,-0.103237368,-0.206102118,-0.013580708,-0.040869385,1
Woman00797.wav,230.404707,417.7105332,329.6275569,329.6275569,369.9944227,338.6408733,-0.024828892,0.24617787,-0.000864709,2746.697552,7.680422708,8.30674533,18.32773971,29.09580803,-25.00104713,-42.26792526,-9.260087967,-30.72383308,-16.93757439,-21.36477089,-22.47616577,20.29092598,-12.09846783,3.830467939,-18.19923019,-0.175549537,-0.116379216,0.292877138,0.095546819,0.255368024,0.025005024,0.066763744,-0.23002924,0.127943113,-0.192051053,-0.080467209,0.097779945,1
Woman00798.wav,337.3322358,432.4410634,396.5502035,396.5502035,427.4740541,402.5999206,0.442768201,0.194488,-0.000529097,2458.627528,-4.214217903,6.134097531,22.14883949,31.73168755,-6.986554146,-17.61155319,-32.27217102,-19.98591995,23.99296188,-13.06125832,-11.57858562,17.05818748,-12.48212719,0.915897727,-17.07862473,0.216810435,-0.00295921,-0.23519218,-0.013472226,0.196417138,-0.194497302,0.193010598,-0.103742607,0.001320201,-0.038769905,-0.097870208,0.071993671,1
Woman00799.wav,514.2619894,739.9888454,583.9467666,590.7319012,694.4336497,618.7291348,-0.731480707,0.23750797,-0.000231892,3650.941671,10.29274896,5.957952292,13.39829195,-6.869729996,-17.90208626,-37.25867844,-36.59091187,-11.04578781,4.489536285,-8.430056572,-29.62434578,10.33631802,4.321897984,17.14452171,25.62054443,-0.294487685,0.340024382,0.030833296,-0.018458089,-0.043234374,-0.000266885,0.128405586,-0.251518905,-0.088701785,0.005595146,0.207911342,0.236310899,1
Woman00800.wav,227.7582832,434.946169,245.5193714,246.9416506,333.4576446,286.2662388,1.511676893,0.19407703,1.66E-05,3368.366698,-17.31124525,12.10425051,14.31512339,24.48143578,-4.447816372,-6.831546307,-18.1138401,-19.25360298,12.44319534,-17.82020569,-13.33352566,26.6271286,-26.25598717,-2.399347305,-12.02307796,0.599810421,-0.532431781,0.421952069,-0.397892088,0.637682259,-0.25794822,0.055966843,-0.250376016,-0.061424904,0.231751472,-0.223594144,-0.147374257,1
Woman00801.wav,217.4730845,429.9503861,302.2698024,335.3893451,422.5640958,345.2624338,-0.015804605,0.14253612,-0.000236244,3465.949851,-9.472246625,10.38637667,14.84132354,12.32800293,-0.277273387,-18.88612556,-32.74105835,-27.97737122,1.521776557,-18.40358925,-27.09913063,17.9836998,-18.59404755,4.594874382,-19.87712479,0.33661285,-0.190728858,-0.019125493,0.102499768,0.122834988,-0.02694805,-0.022626244,0.031957291,-0.02004168,0.119919516,-0.018164005,0.074187212,1
Woman00802.wav,389.7377084,455.5165665,403.481779,408.1700115,408.1700115,410.7585233,0.366335862,0.18297775,-0.00083653,2647.432997,5.645754492,6.445094597,16.68076978,40.94874954,-16.04439545,-3.685350895,-26.84209824,-36.609375,27.11240387,-14.96447277,-7.064464092,-2.733654261,-8.565469742,3.098235607,-19.37368011,0.297508121,0.431923151,-0.574210346,-0.093639441,0.081424847,-0.014748945,0.112935483,-0.082609013,-0.013638027,-0.01637066,-0.022956286,0.110469267,1
Woman00803.wav,309.3350242,440,417.7105332,434.946169,440,415.5558871,-0.682680697,0.2172516,-0.000782706,2013.872319,-3.52168429,4.897455464,23.27565436,37.40411758,-17.66207123,-18.9606514,-43.53113937,-23.67088127,1.565047383,-20.5265789,-10.14489841,7.094049931,-29.69402122,-14.77308273,-17.62903214,0.317263991,0.362805784,0.198495492,0.162680879,-0.192496195,-0.138091609,0.120621629,-0.092365608,-0.177177474,-0.14078109,0.080329992,0.140837088,1
Woman00804.wav,248.3721691,491.0387428,420.1303057,429.9503861,488.2105677,445.6565537,-0.88559134,0.18748122,0.000293158,2346.658407,-0.130950726,5.310348371,18.94992546,57.97803879,-20.47673798,-34.9105835,-7.434051514,-33.13820648,-5.418567657,-14.63010979,-33.9605484,20.41646957,-26.9381485,-7.754551888,-18.63030815,0.134319991,0.027211878,-0.030365843,0.116666436,0.130010903,-0.10114564,0.128497645,-0.023030549,0.105896831,0.218262821,-0.076276489,0.041381489,1
Woman00805.wav,331.5370699,445.1125537,403.481779,403.481779,405.8191252,402.7255636,0.21397786,0.15201908,-0.000805804,2306.244733,-2.779092121,5.720697616,9.86089429,46.7297821,-19.12500381,11.06234837,-54.95196533,-9.684680939,2.91627574,-8.539258957,-29.56155968,17.89962959,-27.00206375,-0.895410955,-21.32386589,0.115830667,0.156525135,0.514032483,0.811593413,0.200106844,0.302669078,0.241158381,0.124474153,0.102641039,0.295131981,-0.002075513,0.057564035,1
Woman00806.wav,300.5288565,394.2662424,349.2282314,389.7377084,391.995436,369.095445,-0.446142572,0.16824403,-0.000863543,3990.900761,4.458257732,10.87772592,17.07416028,15.56258392,45.06706238,-27.57552147,-12.38997078,-43.22718811,19.64855957,-35.48324585,-16.47204399,7.733719826,-31.65563583,5.922248363,-27.26381111,0.348342866,0.299891144,-0.064588279,-0.138211966,0.009533683,0.314716309,-0.122691803,0.182285622,0.072651923,-0.032490801,-0.069878921,0.019604668,1
Woman00807.wav,257.1309947,378.6426324,318.3992322,374.2935508,374.2935508,352.7536354,0.148489172,0.13423072,-0.000846768,2469.431071,-10.94221685,7.012602472,15.64495653,40.38548279,-49.49956512,-4.452340126,-22.08552742,-40.90833282,-7.109330654,-22.18238449,-37.21000671,20.28947067,-24.1265049,-1.503309011,-12.85986805,1.170026302,-1.191878557,-1.261049271,-0.056394644,0.450860888,0.027849007,-0.399383932,-0.590876758,0.683480144,0.006097525,0.008530885,0.626795053,1
Woman00808.wav,159.1996161,323.9647528,275.5861765,311.1269837,314.7421051,284.5623781,0.072343156,0.11998688,-7.50E-05,2695.730003,13.52302722,10.03936002,3.520566681,62.4197731,-3.666251421,-44.570755,-22.6879425,-32.21666336,25.38975716,-19.14958382,-28.13166618,32.59405136,-38.42980194,1.905524969,-13.49991703,-0.537055433,-0.004500505,0.086599983,0.418228805,0.116540216,-0.032903291,-0.11199493,0.340588689,-0.086323999,0.212621942,0.069860183,-0.169320613,1
Woman00809.wav,337.3322358,422.5640958,396.5502035,405.8191252,408.1700115,403.4649758,-0.549487762,0.2330398,-0.001678978,1780.873712,0.734428044,4.423965035,26.82731382,54.05292511,-23.4870739,-36.20792007,-52.74607468,-0.996462405,8.990678787,-10.53233337,-40.66456604,25.12961006,-31.52863121,-1.305298686,-11.48412132,0.209921375,-0.140395045,0.162654951,-0.079695128,0.036639143,0.175637111,0.035435043,-0.055064421,-0.139178082,-0.068080783,0.043847203,-0.123693109,1
Woman00810.wav,387.4929844,417.7105332,391.995436,401.1846644,415.3046976,403.7031477,-0.142954517,0.14793688,0.000395581,3036.820051,3.147764361,7.476875617,18.21750512,17.09398842,1.398991346,-4.0898242,-27.50923729,-29.99822235,17.66490936,-38.17709351,-25.4475174,12.17997646,-51.91772461,10.00520325,-24.20777893,-0.079112403,0.205436245,0.046109274,-0.225586146,0.075711198,-0.109055065,0.146555275,-0.137950674,-0.027505424,0.098829307,0.049088661,-0.085031323,1
Woman00811.wav,345.2170031,706.572136,349.2282314,349.2282314,698.4564629,458.2616396,-5.480146921,0.14020056,-0.001117902,4093.677926,-12.10270005,9.650481843,16.7599398,-5.606544018,21.77111244,-9.020419121,-27.55198669,-30.95321846,18.67056084,-12.8893013,-22.504673,44.730793,-11.83627319,27.20517349,-11.96962929,-0.066971414,-0.473789006,0.174313709,-0.330889076,0.4918392,-0.377527744,-0.114219896,0.1369932,-0.236046821,0.132889688,-0.40440613,0.103197843,1
Woman00812.wav,239.9117012,329.6275569,245.5193714,246.9416506,246.9416506,248.2497539,-0.008829889,0.11710238,-0.00016887,3287.324892,-24.85396996,13.27865333,-0.792904698,32.37454224,5.236362934,-16.56327248,-50.23771667,-37.36500931,27.60354805,-36.54925156,-4.787181854,22.56969643,-39.5377655,7.166851044,-24.0941925,0.393684924,-1.119949579,-0.283378303,0.212395847,0.329419851,-0.558218658,-0.260415256,0.452329874,-0.033303645,-0.111101881,-0.010224869,0.227457792,1
Woman00813.wav,387.4929844,429.9503861,412.9127185,415.3046976,415.3046976,414.6955462,-0.4022034,0.15307711,-0.001827833,3591.606861,6.600299051,8.671203928,15.00983304,-23.27209282,8.770453453,32.47562027,-26.45714951,-52.74740219,12.58784389,-26.05491066,-17.40928841,-5.268136024,-26.22488976,3.757777929,-36.72179413,0.248618439,0.153127104,0.17225951,0.415981263,-0.310890704,-0.129762366,-0.260532409,0.065607257,-0.145520061,0.054980211,0.03584497,-0.291402757,1
Woman00814.wav,222.5562769,255.6500291,226.4464921,227.7582832,249.8109744,234.1860617,0.006911432,0.12717646,-0.001284703,3331.206063,4.809110492,14.15838513,13.96550762,41.95377731,16.20155334,18.44683456,20.12919807,-22.72064209,3.175009966,-6.868935108,-27.11030769,31.70367622,-13.28180218,4.646323204,-17.02892876,0.151781142,0.39500159,0.298056841,0.985172868,-0.091285892,-0.278264314,0.480314672,-0.084768429,0.217176616,-0.06778872,0.022913283,0.181669101,1
Woman00815.wav,217.4730845,357.3910544,264.6655079,311.1269837,347.2168248,303.0032398,0.220599578,0.08589383,3.01E-06,2045.453738,2.192818107,6.76175882,-19.2487775,67.99515533,-1.950845361,-31.64689636,-9.364801407,-23.62875938,18.28175545,-27.54732513,-34.26269913,1.368338108,-17.02900887,-11.96257782,-18.23372459,-0.389816791,0.16983971,0.405967683,0.319833279,-0.041283891,-0.310194135,-0.055845369,0.068528906,0.009012926,-0.025655782,-0.056385484,0.049203102,1
Woman00816.wav,263.1411468,343.2286994,337.8207723,341.2518476,343.2286994,325.6970177,-0.40419648,0.23026064,-0.000971442,2757.570876,-11.20312397,8.540950834,21.83002312,12.72164917,-23.56083488,-3.469356298,-22.28027725,-24.38773918,-12.63169098,-21.38168335,-17.39361191,25.75687981,-17.93654823,1.016025305,-9.461290359,0.652264595,-0.270411581,-0.024419585,0.161823183,-0.091079466,-0.094777144,-0.030148843,0.099329732,0.049729381,-0.04357066,-0.244346395,0.115532324,1
Woman00817.wav,314.7421051,378.6426324,327.7290419,347.2168248,367.8634116,347.7115679,-0.357042245,0.22079325,-0.000660796,2455.67159,14.35914468,7.061311748,18.20727199,55.93191147,29.68391418,-15.02114868,-23.37831306,-16.29537582,24.13164139,-0.152627558,-13.88737011,4.057275295,-18.07973099,10.86463356,-9.572122574,-0.255335301,0.067133911,-0.398699105,-0.543424487,-0.11347869,0.018858153,-0.265088946,-0.107499175,-0.059844479,-0.365337431,-0.031386819,-0.101254284,1
Woman00818.wav,329.6275569,420.1303057,372.1377786,374.2935508,378.6426324,380.5579,-0.342192272,0.13079935,-0.000357619,1761.741589,7.605114081,4.671294308,22.99898192,65.40548706,17.63660812,42.57841873,3.239126444,-21.25475311,-22.49659729,13.95200443,-13.91873837,-6.618988514,-14.75346947,-1.124298573,-13.11883831,-0.095194258,0.26157847,0.199498832,-0.217721611,-0.17884545,0.172991276,-0.143532708,-0.114737064,0.056298878,0.002511074,0.136805609,-0.132756069,1
Woman00819.wav,230.404707,420.1303057,246.9416506,333.4576446,415.3046976,332.8483913,0.826275604,0.13228779,-0.00041461,1974.527604,0.93154524,6.20096346,6.686118492,67.41791534,-1.928436279,4.161269665,-6.738152027,-41.42589569,9.770902634,-14.32905769,-18.40491867,-1.038997412,-18.47036743,0.674842179,-19.36727905,-0.275506169,0.194543451,0.254048109,-0.105770551,-0.152341828,-0.243757695,0.12581633,-0.059202909,-0.251018643,0.044876616,0.066397473,0.006563293,1
Woman00820.wav,,,,,,,,,,,,,,,,,,,,,,,,,,,,,,,,,,,,,,1
Woman00821.wav,305.7820084,405.8191252,396.5502035,401.157895,403.481779,393.8059598,0.391270967,0.22457734,-0.000875043,2326.608885,1.097683108,5.935348372,20.65812635,49.45847321,7.823945045,-1.912184715,-26.83906555,-24.16687775,16.2929306,-24.34299469,-9.749281883,10.1383009,-21.72219658,-6.009600639,-26.37383461,-0.24621962,-0.002395687,0.0706769,-0.006253029,-0.175800338,-0.015120359,0.194451019,-0.23041752,-0.020200131,-0.049316008,-0.028580628,-0.201338321,1
Woman00822.wav,327.7290419,442.5488941,349.2282314,349.2282314,440,378.5855654,0.492783063,0.25171307,-0.000244361,3195.159535,1.903312343,8.574938327,19.08793996,-9.295414925,1.201702595,-15.78245163,-36.78274155,-11.52354717,-2.488033056,-18.1430645,-3.138075352,-4.67416048,-24.81327057,-4.662520409,-13.49152851,-0.020480115,-0.131978586,-0.045298059,-0.138570949,0.177904725,-0.033737063,-0.011508791,-0.135599822,0.16796723,0.026114278,-0.011540709,-0.029361233,1
Woman00823.wav,323.9647528,355.3326334,325.8414615,331.5370699,345.2170031,335.151713,-0.157991296,0.19585635,-0.00126337,2635.624251,-2.711851882,7.871285142,16.15223906,45.92563248,-4.32894659,-17.71856308,-35.62247086,-20.51198578,20.11726379,-22.83853531,-12.97330379,7.121815205,-14.10349941,12.63683605,-11.12584114,0.308937132,0.087999754,-0.259883195,-0.196738884,0.046524037,-0.140163496,-0.100735657,-0.189640388,0.050460935,-0.244497538,-0.016934671,-0.138612613,1
Woman00824.wav,434.946169,468.8642207,440,440,440,445.9869035,-0.268631174,0.20338926,-0.000888649,3605.008682,-1.026066596,8.093162226,22.96161185,-35.15296173,4.667228699,-26.31872177,-18.48602295,-12.02601433,-14.92685032,-19.43020058,-5.443193436,1.432312489,-22.05171013,-14.3556633,-25.47843552,0.103692777,-0.037805133,-0.178450271,-0.09961237,-0.035673637,-0.057344832,0.087923564,-0.285829097,0.061492816,-0.010797717,-0.012555695,-0.039903749,1
Woman00825.wav,355.3326334,401.157895,365.7446743,398.8473955,401.157895,386.6882259,-1.193300254,0.13644378,0.000444719,3144.846174,29.24324544,8.168087146,14.21069337,62.66853714,29.38523483,-61.63150024,-31.2794857,-33.63777924,17.5564537,8.17716217,-52.89136887,44.74635315,-33.59909058,-2.959671974,-18.20286369,-0.699206352,-2.227848053,0.313512713,0.619367957,0.157582179,-0.062064152,-0.229091793,0.296065003,0.375166029,0.951151669,0.070619263,-0.354498774,1
Woman00826.wav,311.1269837,466.1637615,347.2168248,351.25129,369.9944227,363.0525677,1.288798918,0.1435585,-0.000258773,4372.647695,6.44685275,12.21236915,13.97124922,17.22105789,39.45982742,-58.10945892,-15.39402866,-31.35337448,25.65647125,-33.60837936,-31.60823059,12.54045582,-26.6738224,-3.689907312,-25.34425354,-0.034308121,-0.030890299,-0.228713199,-0.131648824,-0.095807351,0.025362769,-0.142259359,0.272212535,-0.242860705,0.108052097,0.055425927,-0.155278981,1
Woman00827.wav,206.4563593,349.2282314,272.4207993,331.5370699,343.2286994,303.1919725,1.035953596,0.1394797,-0.000538922,2361.47841,-2.520817211,7.903764583,12.43941736,80.30793762,10.78867817,3.277254343,-4.920454502,-7.490447521,25.51521111,-33.12899017,-5.699673176,20.62557411,-25.22260475,-7.667239666,-8.982554436,0.376060367,0.009428979,-1.166720867,0.933249295,0.779368401,0.310415238,0.033963997,0.328493327,-0.22849986,-0.014736244,-0.2507146,0.035648167,1
Woman00828.wav,297.0769882,432.4410634,355.3326334,391.995436,410.5345163,381.5207706,0.917774317,0.15794386,-9.51E-05,2152.314526,-2.062715233,5.755868312,11.69292723,62.15130234,-21.47634315,-41.84495163,-43.51521301,-18.01148605,36.4237442,-32.20541382,-30.22622108,18.31165886,-21.49324417,8.324415207,-18.82279587,-0.016419932,-0.011697891,-0.278749168,-0.497470766,0.249673694,0.366538346,-0.123941049,-0.32225585,0.146042988,-0.063448705,0.23776117,-0.051089961,1
Woman00829.wav,208.8552666,231.7394279,218.7328932,218.7328932,229.0776736,221.1264281,-0.112782278,0.13762364,-0.000762019,2759.646346,8.177381411,12.49403256,9.63142564,60.81444168,-13.80112553,17.3723278,-26.19236374,-10.50210381,-4.065739632,-4.455261707,-32.04685593,0.874761343,-31.99072266,5.646111012,-1.48991394,-0.479507685,0.195323363,0.463269055,-0.271928161,0.314097494,-0.467373013,0.161452308,-0.060568236,0.054823361,-0.310167015,-0.129035667,-0.196189806,1
Woman00830.wav,359.4613997,752.9236226,733.6080859,744.2755572,744.2755572,667.8371153,0.10903872,0.24010742,-0.000333207,3229.443438,2.841722942,5.16299598,16.94022948,22.19369698,-4.480807304,-2.656774521,-18.70575142,-39.86339188,10.8075285,9.858772278,-19.38126373,43.36310196,-4.204605579,24.07327271,-8.57694912,0.033906773,0.208445072,0.05344088,-0.093745969,0.063655682,0.138451144,0.160544336,0.102955855,0.067972474,-0.091903381,0.229127645,0.002868257,1
Woman00831.wav,403.481779,408.1700115,405.8191252,405.8191252,408.1700115,406.8618715,-0.015655498,0.19937122,-0.000995703,2690.132441,1.553271508,6.612721608,18.30733273,26.96451187,0.766633153,-23.74035645,-65.44065857,12.22496986,17.61045456,0.129123271,-18.52654076,31.15800476,-22.05540848,14.64545727,-10.94921589,0.20486325,0.012847055,0.2371912,0.100051969,0.035954297,-0.071291111,-0.034082454,-0.079956271,-0.011163016,-0.108919978,-0.071310163,-0.024539519,1
Woman00832.wav,282.027698,335.3893451,325.8414615,327.7290419,331.5370699,322.9879214,-0.169456342,0.23291418,-0.000473577,3108.252031,-5.121348895,9.587747353,17.46717123,16.14484596,-0.046406116,-29.71866608,-41.81845093,-13.90671825,30.06240654,-18.10918236,-20.51657867,8.293427467,-19.92724037,10.57589912,-2.00489831,0.122763976,-0.214769155,-0.021209225,-0.020898148,0.141613349,-0.102989525,0.196007177,-0.033592939,-0.057543989,-0.105786607,0.049529064,-0.047149144,1
Woman00833.wav,263.1411468,420.1303057,351.25129,351.25129,352.7773735,359.8919325,-0.469455826,0.24991515,-0.000137442,3411.135003,7.800380808,9.519757991,18.95654493,-13.14989662,-11.86458206,-16.44927597,-32.47590256,-29.91394234,-14.96330929,-17.61861992,-6.780274868,17.87831879,-8.335399628,-1.406811237,-15.84847355,0.077922516,-0.099395782,-0.952211201,0.455237359,0.313993663,0.074496374,-0.160385296,0.133192763,0.474379092,0.103977278,0.191411808,0.207225099,1
Woman00834.wav,99.71184888,341.2518476,230.404707,256.4760606,264.6655079,252.9281999,-1.60961162,0.18193907,-0.00090899,2778.011402,-52.69301434,11.26462185,7.418940266,114.3245621,-1.810857773,-0.790698886,-29.18309021,3.560920715,-30.78661156,7.713334084,-41.65964508,12.76674843,-2.422162533,-11.57238674,-0.024976563,4.014060974,-0.50061518,-0.176757619,-0.26296699,1.298424244,-0.454543203,-0.426607788,1.110782743,0.262308985,1.071055412,-0.285046041,0.460076481,1
Woman00835.wav,341.2518476,440,355.3326334,415.3046976,422.5640958,399.5196429,-0.51814288,0.19050202,-0.000231981,2605.478437,-11.31402689,6.574544341,0.475161765,60.3023262,23.71409798,-26.0628376,-43.27990341,-26.57723427,30.96664429,-32.70082474,-7.821117878,7.615316868,-20.32534409,-7.065480232,-21.60502243,0.419164211,0.144780323,0.218753353,0.189260527,0.318471223,-0.029073622,0.223159492,0.198443547,-0.009590427,0.186781019,0.0725348,0.148866773,1
Woman00836.wav,283.6614679,493.8833013,323.9647528,323.9647528,493.8833013,389.2937715,-2.019853747,0.07025899,-0.000334442,3327.571234,6.306707064,9.05675061,16.03318236,17.28723907,2.854673624,11.62202549,-20.06732941,-62.91039276,15.84116554,-32.80013275,-14.54356098,-17.67411613,-24.89361763,-2.17068243,-22.37479019,-0.089314565,0.218161598,1.135212183,0.54964298,-0.327510625,-0.244554013,0.716651261,-0.050287545,0.011564768,0.197265565,0.175857827,-0.330104977,1
Woman00837.wav,323.9647528,394.2662424,345.2170031,347.2168248,351.25129,354.7997748,0.507752474,0.14871664,-2.05E-05,2784.598472,-14.70313204,7.925160205,17.04898682,15.83343792,-11.4137516,-14.23759937,-53.91296768,-14.09289932,18.36079216,-25.23505402,-18.12342453,9.355864525,-19.39134216,-4.300530434,-8.622915268,0.470894635,0.0095984,0.122135632,-0.498529524,-0.07101173,0.229269907,0.133949339,-0.022831593,0.059352182,-0.195085421,-0.213811204,-0.16912517,1
Woman00838.wav,311.1269837,943.160647,363.63814,372.1377786,410.5345163,408.6443808,-0.519372072,0.21744598,-0.000959365,2976.562537,-10.68127257,7.729325497,18.49689483,30.04781914,-3.900402784,-34.17959976,-27.91854477,-11.04859161,-1.583152652,-4.669754028,-17.85762024,13.91073608,-15.71022606,6.965530872,-18.62842751,0.426042736,-0.216316879,-0.339738667,0.005099397,0.035340533,-0.006729291,0.020965947,0.105486803,-0.145455658,0.001520342,-0.181809172,0.038874999,1
Woman00839.wav,119.9558506,460.809414,351.25129,403.481779,428.0931371,366.0772848,-1.437339178,0.1323641,-0.000314322,1793.887272,5.833420564,5.340340098,18.23950978,90.12574005,-41.07855988,-34.7854538,-16.0828743,-32.24412155,1.805010557,-24.92263412,-27.91398048,34.13043976,-33.53659821,-9.505671501,-15.23857594,-0.137697354,0.214658409,-0.360059887,-0.190978959,-0.023563009,0.209706053,0.081020191,-0.055759903,0.073592015,0.08975032,0.078869015,-0.020373847,1
Woman00840.wav,245.5193714,252.7136381,248.3721691,249.8109744,251.2581146,249.5810174,0.01296308,0.10715642,4.02E-05,3004.424554,25.75730245,12.03804245,14.98350014,50.37321091,32.10050964,13.37376118,-0.006363678,-11.89353561,33.35007477,-7.710009575,-30.6489048,31.87892723,-38.63455963,2.957659245,-2.446740866,-0.939561486,-0.342606753,-0.09657649,0.385252595,-0.226685047,-0.539263189,-0.900347114,0.157212332,0.10703592,-0.64003551,0.152326748,0.017814077,1
Woman00841.wav,422.5640958,496.7443381,471.5803235,493.8833013,493.8833013,484.8902816,0.570163064,0.27123135,-0.000855334,3304.950243,-6.022522568,6.845613231,19.50216577,12.28199196,-2.099431992,-30.33209419,-14.82175446,-11.304883,1.546234012,-6.126712322,-18.92920876,3.136534691,-23.13681602,-0.877709091,-10.3628788,0.207088068,0.059767485,0.033778042,0.072366416,0.033192661,0.23830685,-0.012159822,-0.023787428,-0.005663618,-0.101029389,0.013693641,0.183817357,1
Woman00842.wav,263.1411468,427.4740541,295.3659506,414.1087081,417.7105332,369.4905011,-0.458587092,0.16286646,-0.00153858,2741.758578,16.80832743,7.896151797,20.66656758,28.4504776,13.12590504,-33.67226791,-7.621175766,-28.1907196,5.018096924,8.952753067,-34.88544083,-4.935785294,-9.605412483,-11.93238831,-23.23802757,-0.671117902,0.114665784,0.667695343,0.700009406,-0.018636631,-0.29479444,0.217550695,0.148076445,-0.109867118,-0.17525728,0.017521508,-0.097619228,1
Woman00843.wav,229.0776736,254.1775933,242.3498795,251.2581146,251.2581146,247.2940488,0.216208226,0.14392321,0.000792499,2523.137691,0.924645151,10.19098,10.41130659,66.47748566,-25.52426529,24.18504143,-27.23917961,-19.45487976,-8.594258308,12.3086319,-23.11732864,19.1934967,-27.35409737,-5.370454788,1.108598351,0.042517077,-0.17974183,0.030141894,-0.012305375,-0.016318193,-0.306334972,0.400388509,-0.536317647,0.233515158,-0.227823853,-0.031529497,0.241556525,1
Woman00844.wav,322.0988531,333.4576446,327.7290419,329.6275569,331.5370699,329.4009435,0.221989325,0.099723004,-0.001401413,2031.972192,-5.018381209,6.167324931,19.18938752,74.41902924,-4.01002264,-21.0969944,-19.18220329,-16.41648674,3.062731504,-31.83860207,-20.48771095,16.86257935,-8.104124069,-10.66057491,-13.3399477,-0.080134824,2.2049613,-0.651291013,0.856020927,-0.59665364,0.645251393,0.844195008,-1.036855936,-0.162163869,0.393823326,-0.282458991,-0.687471926,1
Woman00845.wav,245.5193714,260.1187129,246.9416506,248.3721691,251.2581146,250.5861313,-0.178910432,0.16959977,-0.00334539,3344.053699,26.97849236,13.34306593,15.30815652,32.51107025,39.71218491,-9.054050446,-44.17582321,-29.14828682,20.41286659,7.394307613,-41.83834839,21.40658951,-16.98130417,8.047178268,-14.16269779,-0.242800161,0.698245764,-0.003677325,0.190896988,0.261578858,0.382054597,-0.374985784,-0.018413529,-0.164975017,-0.066657253,0.357828557,0.192348033,1
Woman00846.wav,307.5533855,410.5345163,325.8414615,359.4613997,408.1700115,361.3532998,0.077437896,0.19576614,-0.000858625,3037.590834,-1.194676632,8.439322741,11.85601389,28.16837692,-13.83695984,-12.54219341,-40.41226578,-1.436946154,15.65829182,-8.324079514,-21.76694298,31.81029701,-29.81797409,5.865320206,-12.30401707,0.339215219,0.126831397,-0.015895296,-0.079590417,-0.080143698,0.107915908,-0.038633119,0.048775155,0.055645902,0.070695989,0.017326547,-0.044953667,1
Woman00847.wav,,,,,,,,,,,,,,,,,,,,,,,,,,,,,,,,,,,,,,1
Woman00848.wav,325.8414615,694.4336497,690.4340061,690.4340061,694.4336497,626.2589714,-0.148648023,0.12421115,-0.001074624,2996.282457,-7.973533775,4.971349057,20.74526637,13.76633263,25.9533329,-23.76945114,-32.16332626,-12.62730598,18.14653587,-39.82201767,-10.55692482,25.20992661,-3.566960096,15.76605988,-5.658842087,0.670423865,-0.157009989,-0.312401891,-0.147012755,0.16591306,0.208217099,-0.281826109,0.033603068,-0.170076564,-0.159730509,-0.109760143,0.046043355,1
Woman00849.wav,297.0769882,408.1700115,345.2170031,349.2282314,398.8473955,360.9226309,0.315270202,0.13104479,-0.000450416,2864.835506,2.864204585,8.022843221,11.91043638,39.83186722,19.60642242,-31.22983742,-27.1790657,-17.07543564,14.05060959,-29.29872131,-19.19391251,16.88511086,-37.18102264,10.9687748,-25.55865669,-0.087661222,0.18432197,-0.132883772,-0.187381402,-0.066964932,0.207920566,-0.18880631,-0.062746704,0.062433999,-0.128252447,0.141043782,-0.029231403,1
Woman00850.wav,65.02967823,401.157895,65.40639133,389.7377084,391.995436,278.786693,-0.838702283,0.23809166,-0.000556099,1940.879204,-0.351225859,12.4627535,13.63143103,79.22020721,-27.88023567,4.998585224,-38.17425919,-21.42185974,11.20089722,-28.74157524,-26.16018486,-13.90996265,-30.06021309,-8.749416351,-20.00967789,0.190594509,-0.163504645,0.002968532,0.033264596,0.081697106,0.264727324,0.055820994,-0.089087754,-0.187070668,-0.129021332,-0.055281408,0.044979196,1
Woman00851.wav,302.2698024,333.4576446,303.145318,327.7290419,331.5370699,319.3034946,2.549797628,0.03128406,-0.00177527,3113.05557,187.1831517,9.682771229,-83.24934706,9.155635834,24.46869469,7.440109253,7.790049076,-66.97292328,-8.875713348,-21.52553177,-21.48019981,-9.704302788,-3.662615776,11.64286995,-24.91060257,-7.712622643,-3.756405354,2.982429266,3.758422375,2.383127451,0.049396589,0.486290455,0.013719304,0.967511714,-1.48622191,0.021886205,0.896463513,1
Woman00852.wav,217.4730845,440,417.7105332,417.7105332,440,411.8731451,0.659662385,0.27197275,-0.000493163,2584.182612,-3.286677768,6.365826739,23.67645193,7.068373203,-18.31823349,6.837645054,-43.05567551,-33.7708168,1.641388059,-18.41822624,-2.477247715,4.184809208,-21.15095711,-5.871938229,-36.47592545,0.623225331,-0.476624399,0.268046349,0.162181258,0.198721766,0.048078693,-0.229065225,0.124923036,0.069566414,0.030663148,-0.085806631,-0.019418033,1
Woman00853.wav,405.8191252,420.1303057,417.7105332,420.1303057,420.1303057,418.7832537,0.042597486,0.34095865,-0.001777365,2534.693881,4.021317574,6.051781505,18.10680534,22.7834816,-40.7583046,-0.219237074,-18.38222313,-4.301775932,7.306622028,-6.201639175,-2.814833403,10.07586288,-9.320809364,-0.864095926,-16.47456932,0.115366139,0.17554827,-0.234346166,0.034698557,0.236250773,0.109252043,0.131022111,-0.170687795,-0.000770149,-0.20335345,0.068032034,-0.033147134,1
Woman00854.wav,323.9647528,466.1637615,372.1377786,401.157895,408.1700115,402.4485848,-0.897744513,0.16490161,-0.000335075,2161.394629,1.050287189,5.436008236,20.26088355,43.96205139,-35.80164337,-24.21557999,-38.36164856,-4.24473238,15.6640892,-20.24254227,-27.77530479,12.91659546,-16.21459579,-14.21396828,-7.056176662,0.119120508,-0.022635471,-0.026394689,-0.004078612,0.263374239,-0.099403702,-0.019582588,0.037994958,-0.06007199,-0.113798715,0.169625565,-0.06822291,1
Woman00855.wav,241.3014955,412.9127185,244.1052839,248.3721691,408.1700115,294.6560554,-7.783690592,0.2326712,-0.005028431,1691.60499,-47.574237,5.538450983,19.34176917,97.4217453,-6.251022816,-1.548380733,12.07275391,-11.69303989,6.040685654,-10.9173975,-7.982437134,17.88755226,-24.96217155,1.403876781,-26.53154182,4.448153973,3.194418192,1.319385052,1.843013763,2.403924465,-1.120225787,0.945868373,0.5677737,0.891039133,-1.615319133,0.013539992,0.522261918,1
Woman00856.wav,227.7582832,647.9295056,228.4179784,452.8929841,549.8571364,423.8975418,,0.17860618,-0.002093012,3533.67848,-37.30389971,9.959245225,5.110856158,29.46655083,-17.07879448,-29.89526749,-30.22662926,-7.40553236,22.91204643,-20.58413124,-5.562264919,22.08193016,-1.430806279,24.05338097,-0.31556505,1.655611396,0.204048946,-0.394124538,0.50808543,-0.799927413,0.608407795,-0.305792063,-0.290571511,0.49856627,0.288064331,0.624405444,-0.117906541,1
Woman00857.wav,249.8109744,269.2917795,266.1986996,267.740773,269.2917795,264.8646346,-0.186760566,0.18332012,-0.000203118,3069.893943,-6.66331252,11.56169106,17.65154879,27.87917137,19.88428497,14.66581535,-8.876873016,-19.80617142,2.799383402,-19.9585228,-29.75467682,25.14326668,-17.96542358,-10.79269123,-23.02496719,0.231003881,0.052435998,0.248456582,0.190269008,-0.051873926,0.56079191,-0.48080644,0.545262575,0.152511418,-0.21741575,0.289350152,-0.162852243,1
Woman00858.wav,343.2286994,735.7268233,363.63814,365.7446743,722.0463075,465.3016404,0.879507615,0.2758331,0.000155757,2826.011048,12.44629859,6.68273062,10.36332805,30.8663063,-41.08456039,7.309817314,-33.48881912,-18.10635185,-8.846064568,-4.924756527,-2.148270607,9.350455284,-8.381433487,1.664218307,-7.642142296,-1.17465508,0.111562468,0.403654903,0.03944644,0.082043335,0.111880407,-0.059631716,-0.100875571,0.166737393,0.09901762,-0.174157351,0.064490207,1
Woman00859.wav,241.3014955,367.8634116,302.2698024,312.929324,314.7421051,307.2504088,0.357304212,0.17738928,-0.000283445,1969.632885,4.953941577,6.481286525,16.68025224,77.26953888,-15.37482452,-12.70905495,-43.19097519,-17.9916935,6.690857887,-29.39662552,-15.69907379,16.74960327,-31.23308563,6.614510059,-14.9417963,-0.047996171,0.242463723,-0.164933518,-0.011063157,0.055817101,-0.094800532,0.040845115,0.035593651,0.059677161,-0.147218555,0.052015807,0.128276572,1
Woman00860.wav,171.6143497,374.2935508,367.8634116,367.8634116,369.9944227,332.0803988,-1.718597286,0.17547883,-0.000441966,3435.034294,-19.90567487,10.39651345,15.08360554,41.94153214,40.66788483,-0.909538329,-19.87791634,-41.18690491,16.59185982,-20.62326813,-19.21873665,17.98800278,-27.42307091,-3.478630543,-8.649647713,0.472314388,-0.213455021,0.540461838,0.118863769,0.32990393,-0.103030585,0.18967329,-0.072346307,0.084632032,0.072379783,-0.092688061,0.111353852,1
Woman00861.wav,227.7582832,290.2917404,230.404707,260.1187129,286.9574553,260.0115969,1.00981213,0.16391964,-0.000362162,2692.2786,16.10058915,10.51493306,17.34255948,69.03993988,23.9177742,-15.11610794,-2.304817915,-27.44273758,16.11935425,-5.452856064,-24.92609215,22.1011734,-31.95293617,13.98252583,-12.23187733,-1.23138845,-0.555286527,-0.063149504,-0.421543837,0.446752101,-0.57559824,-0.567164004,0.08080785,0.282027811,-0.418790489,0.48146385,-0.118563078,1
Woman00862.wav,286.9574553,369.9944227,325.8414615,326.7852517,369.9944227,343.5619163,0.212431314,0.24290496,-0.000775646,2348.776242,-3.732234261,6.883299624,23.13095913,34.73353958,-6.724658966,-13.72723484,-41.51050568,-30.49044991,15.7119627,-17.11446953,-40.46215057,27.13477898,-21.97625923,2.441262245,-8.70422554,0.165854394,-0.295565873,0.038773753,-0.032621145,-0.127710789,0.01590097,0.033010762,-0.186641783,0.262694716,-0.060159858,-0.039512355,0.043489378,1
Woman00863.wav,242.6993409,417.7105332,345.2170031,408.1700115,415.3046976,380.4183347,-1.673641358,0.13533857,-3.10E-05,2795.33261,14.15724315,7.479901549,13.84880837,32.76125336,-7.523725986,-21.41670418,-51.93964005,-8.443317413,-8.329942703,-19.58629036,-27.55932617,28.0927887,-44.8936882,2.225910187,-18.86762619,-0.15276356,0.633673728,0.469890028,0.097662292,0.073923402,-0.085082874,0.303596199,0.342066377,-0.221957535,0.039600153,-0.138046339,-0.006531846,1
Woman00864.wav,206.4563593,367.8634116,246.9416506,252.7136381,365.7446743,290.7087611,0.223135235,0.16723113,-0.000556956,3340.029438,-7.847381525,11.5546989,6.364625708,41.62900162,54.63209915,20.3523159,0.656856239,-21.04272652,10.645895,-6.646844387,-12.32075119,14.90621948,-26.18531418,4.585165977,-18.93148613,0.574080467,0.747895658,0.265498489,0.029792219,-0.037602916,0.144887581,0.346134573,-0.105314419,0.124618553,-0.344843864,0.087230913,0.054574803,1
Woman00865.wav,325.8414615,408.1700115,361.5437384,396.5502035,404.6504521,380.9127481,0.184532364,0.21674666,-0.000429759,2036.527617,0.575055329,5.304772738,20.12325839,60.84454346,-35.07069016,-13.3642664,-28.48617554,-24.61202621,18.04065704,-44.36166,-18.25213623,29.75096893,-21.16367531,-3.857003689,-23.5023098,-0.099363841,-0.090043761,-0.006481432,-0.115130953,-0.045184772,0.046144553,-0.035155982,0.18218413,-0.163740456,0.124310039,-0.047412705,-0.163131788,1
Woman00866.wav,544.8415986,554.365262,554.365262,554.365262,554.365262,553.5734546,-0.022431916,0.17132302,-7.33E-05,3241.961847,-6.741280695,5.85326057,21.26356477,5.075911522,9.813285828,-14.30309105,-22.51198196,-21.87334061,-19.22780037,-8.438421249,-54.18290329,22.57715797,-34.52428818,14.15745926,23.39256668,0.242697984,-0.094476216,0.246387169,0.00843845,0.046082694,0.061076175,-0.173101306,0.110852502,0.023194499,-0.048364583,0.062642962,-0.061173081,1
Woman00867.wav,261.6255653,499.6219488,269.2917795,280.403338,282.027698,329.0677432,-0.196562008,0.105255574,-0.000321983,1483.018881,4.222781175,4.809844392,22.15530884,75.26461029,28.33160591,-0.484093219,-68.77446747,-36.05355835,11.22345257,-3.823711157,-41.13516998,17.29759026,-38.36103821,6.165262699,7.927334785,-0.149134099,0.322715759,-0.139331818,0.257670105,0.166934118,-0.107513748,0.384107471,0.007898876,-0.036513288,-0.235060707,-0.079027869,0.021391653,1
Woman00868.wav,205.2672581,233.0818808,206.4563593,212.5946263,222.8785907,216.236489,-0.608228206,0.10524225,-0.000628441,1573.567781,-60.16019796,7.307118371,17.93382557,96.83959198,-17.70652771,55.12236404,-15.9538908,-14.60406017,-14.98945236,-27.18910217,-15.2830677,18.62540627,-11.58034897,-14.48777962,-29.67238235,2.98386693,-0.801130295,-2.444576502,0.490840256,-2.011265278,0.142640486,-0.891418695,-0.220323443,1.322002411,-0.329396695,-1.080928683,0.103839293,1
Woman00869.wav,288.619783,440,342.2431365,394.2662424,396.5502035,377.0481589,-0.843821048,0.21458888,-0.000180805,2470.30656,8.768913447,6.557620892,15.89485822,35.35061646,-37.32419968,-4.66294384,-41.48731232,-6.788125515,6.484230518,-15.29537678,-21.88880348,28.97981834,-21.74321938,-4.859967709,-14.57112885,-0.227811709,-0.053707317,0.395564556,-0.030854141,0.343375593,-0.23736392,0.141370431,0.028621683,0.268104285,0.184310511,-0.121186472,0.243673041,1
Woman00870.wav,170.6259238,450.2845125,290.2917404,361.5437384,367.8634116,319.1105227,-0.164006748,0.15547518,-0.000182014,2285.465279,-6.368435275,7.914808257,14.50696691,56.07219315,-61.11569214,-1.025165319,-7.733299732,-45.77872467,-32.58912277,15.9167347,-34.96860504,23.14950943,-20.15961075,-19.89146233,-7.943514824,0.492460638,0.26918757,-0.684710622,0.056260157,-0.008045739,0.080741331,-0.092293963,-0.001622247,0.163954347,-0.132827222,0.068383962,-0.271793872,1
Woman00871.wav,329.6275569,422.5640958,361.5437384,372.1377786,410.5345163,383.5882436,-0.24593876,0.13600537,-0.001753427,3201.817972,-2.649378943,8.3898898,14.96610685,24.71500778,11.58385181,-12.49116135,-24.54197693,-18.84757805,7.08886528,-24.77905846,-12.55477333,12.41462898,-34.23649216,8.194932938,-24.68362999,0.274239749,0.089230336,-0.004632202,-0.02914799,0.305857539,0.092291467,0.022127394,0.081829712,-0.147197708,0.037779763,0.026878221,-0.035969775,1
Woman00872.wav,269.2917795,401.157895,280.403338,312.929324,345.2170031,316.2191481,-0.201207458,0.20850646,-0.0001696,2655.272059,-14.21596125,8.303064248,14.9830662,31.95417595,-32.1157074,-6.497113228,-37.54069901,-15.89850426,18.84963608,-22.59835434,-14.71043205,9.645219803,-13.98442936,-2.916421413,-6.156506062,0.849851012,-0.009237513,0.031828232,0.039833773,0.125366151,0.136925474,0.149176255,0.122499689,-0.128943428,0.016092593,-0.171021238,-0.197334155,1
Woman00873.wav,270.8517709,744.2755572,415.3046976,417.7105332,417.7105332,461.7804819,0.639244591,0.21285756,-0.001045359,3424.056947,6.317447568,7.972508946,15.55209806,10.77204418,20.37444878,-3.404867649,-36.88491821,-25.6795845,-5.433019161,-25.49619484,-2.148542643,14.07494259,-25.94177246,2.492132902,-24.05646896,-0.699480116,0.291363955,0.036272477,-0.196891293,0.034516994,-0.122966684,-0.170462146,0.04572076,0.010273403,0.040413722,0.063308559,0.052391998,1
Woman00874.wav,361.5437384,432.4410634,396.5502035,425.0119847,427.4740541,413.0096127,-0.169185818,0.14146037,-0.000919779,1803.02668,6.510909501,4.375927877,18.71066724,72.23768616,-21.18630409,-23.36877823,-32.87911224,-2.198318481,17.26251984,-18.4651432,-1.226563096,25.95150375,-21.25834656,-2.098683596,-19.85239601,-0.082050636,0.529013813,-0.149282023,0.229555726,0.004020019,-0.036698129,0.027249308,-0.018495258,-0.099817425,0.190849304,0.082723089,-0.072335184,1
Woman00875.wav,410.5345163,420.1303057,417.7105332,420.1303057,420.1303057,418.9102269,-0.0197766,0.26018023,-0.000415831,2134.705175,2.096491136,5.096055874,26.07566468,32.09570694,-24.54268265,-27.40282631,-32.77519989,-16.21939087,6.808580399,-41.16099167,-6.019748211,22.44669151,-36.14867783,-2.295414686,-30.49339676,0.133099958,-0.154338866,0.130527869,-0.015841268,0.061622448,0.052192997,-0.065286778,0.032303337,0.001365708,-0.031112632,-0.002908368,-0.02309257,1
Woman00876.wav,349.2282314,547.9978338,349.2282314,427.9011487,508.3551866,434.0008579,0.391290888,0.24619344,0.000118022,3329.415177,-0.22331647,7.873766661,15.80938414,31.57235718,-1.41970396,-13.65662956,-7.40083313,-25.21983337,-26.81554031,6.41642189,-43.56055069,34.31785583,-8.161893845,0.925232172,-1.488004804,-0.791101933,-0.459091723,0.640798569,0.038538229,0.192102298,0.025515463,-0.348746091,0.410822183,0.082570679,-0.038130797,-0.172319517,0.093254648,1
Woman00877.wav,290.2917404,351.25129,343.2286994,347.2168248,349.2282314,342.963993,-0.277947112,0.21842396,-0.001995072,2513.708223,-1.695700451,7.319006468,19.14315668,38.52517319,0.847732902,11.96771526,-40.02275848,-26.96995163,15.78758526,-22.45087624,-21.47121429,15.66741085,-23.53700829,6.527861595,-18.98236465,0.207433894,0.290780693,-0.226236135,-0.283741593,0.09258578,0.233140588,-0.285002768,-0.151910543,0.166294828,-0.23013249,0.133837745,-0.149709046,1
Woman00878.wav,239.9117012,374.2935508,281.628679,292.8190756,331.5370699,298.3576763,0.722004574,0.12953714,-0.000940364,2646.070009,-17.00614701,9.091613799,13.81289068,38.99755096,-20.70565033,-26.03837013,-44.22525024,-12.80608845,3.979017973,-39.5287056,-16.89550972,-2.107700825,-15.49617386,-3.543376446,-14.72445488,1.137505531,-0.43463105,-0.890749335,-0.185062408,0.195720628,0.1794056,0.00040213,0.192930892,-0.072144985,0.031845793,-0.23272486,0.027611317,1
Woman00879.wav,345.2170031,452.8929841,398.8473955,427.4740541,447.6910645,414.7239703,-0.495271167,0.19273806,-5.77E-05,2970.885823,-5.743958282,7.264278705,12.42576593,27.97882271,-6.862430573,-24.64465523,-21.00288582,-8.361865997,16.53183556,-20.8562603,3.550350904,14.98237705,-19.22883224,3.036396503,-25.31039047,0.149717927,0.00498923,0.423906535,0.277251303,0.212915048,-0.150388509,0.11186026,-0.210786417,-0.280766964,0.368734479,0.124406628,0.173202708,1
Woman00880.wav,408.1700115,455.5165665,415.9061565,417.7105332,452.2408662,428.5953983,0.379491276,0.26792845,-0.001317311,3094.254724,19.44433726,7.2151254,13.83475091,22.10301399,-36.30405807,3.111581087,21.64793015,-40.20000458,-7.684337616,-16.86253548,-8.388734818,4.024110317,-39.44477081,-3.734288931,-13.02855301,-0.377588898,0.160010666,0.135608107,0.376876384,-0.104300566,0.239690378,-0.206863359,0.380067587,0.131236121,0.067839071,-0.042226922,0.168311253,1
Woman00881.wav,225.1422562,295.3659506,229.0776736,230.404707,237.1560803,245.1702164,-0.747138635,0.22306,-0.00252615,2129.100536,15.13667685,8.932928372,14.42592045,71.94812775,-35.84542084,16.1082058,-9.764527321,-28.40860176,-8.573486328,-13.62166309,-22.31058693,25.95444107,-12.12799835,-4.454123974,-9.444816589,-0.221926764,0.351915091,0.097362295,0.04796955,-0.171409398,-0.120852411,-0.269692868,-0.046068151,0.049692113,-0.201910987,-0.112454899,-0.106528692,1
Woman00882.wav,355.3326334,401.157895,359.4613997,389.7377084,396.5502035,382.3667868,-0.223515583,0.17867053,-0.000501959,1801.725007,-1.277328014,4.721864181,23.96896746,64.02524567,-52.90042114,-29.73296928,-23.79641342,-31.31752968,21.02543068,-6.242007732,-30.24120331,28.81731987,-14.32627106,7.958278656,-18.43257523,-0.072304189,-0.090955175,0.018221354,-0.135434717,0.009157554,-0.195433259,-0.037245154,-0.024661088,-0.087001383,0.040067911,-0.128140092,0.035028532,1
Woman00883.wav,403.481779,442.5488941,431.1957247,434.946169,436.2059777,430.7104287,0.344629562,0.15310377,-0.000710134,2923.7297,-39.42657963,6.838284857,15.4328292,30.09585381,-25.00531197,-54.81774521,-40.44728088,-10.40259457,5.158390522,-5.942177296,-24.54987717,38.11238098,-41.55450058,-10.93329239,-21.28603935,1.485343933,-1.178503036,-0.061223984,0.103454806,-0.017443961,-0.014458889,0.072970621,0.059871599,0.173612446,-0.075531088,-0.520484626,0.164343819,1
Woman00884.wav,417.7105332,422.5640958,420.1303057,420.1303057,420.1303057,420.4578604,0.002421682,0.21186265,-0.00121041,2592.543129,8.598251857,6.165671229,20.73236826,21.03722191,-50.54443359,-9.76264286,-55.66714096,7.392810345,32.68925858,-23.21219635,-4.985374928,28.58382034,-22.73838997,17.67011261,-26.47721672,0.28948608,-0.102084488,0.063192047,-0.052121628,-0.040598836,-0.036481202,-0.162799805,0.139239714,-0.060173474,0.054859452,-0.004489112,-0.003014021,1
Woman00885.wav,207.6523488,437.4657865,347.2168248,353.286068,415.3046976,363.0199312,0.467496397,0.19903097,-0.000552784,3380.682338,15.141411,9.671288605,16.72357596,11.62767696,-0.849086344,-29.35501671,-21.55042839,-34.95484543,18.53975677,-27.00908852,-16.15993309,5.752841949,-24.63643074,-6.625861645,-22.19129944,-0.377251446,0.04953327,-0.20862332,-0.017818987,-0.172692508,-0.239492133,0.17384468,-0.134995759,-0.117429376,0.123361073,-0.011642929,-0.267619252,1
Woman00886.wav,314.7421051,526.2822936,401.157895,420.1303057,427.4740541,415.5070227,0.90933935,0.20147043,-0.000492746,3115.395087,0.05306665,7.864771126,10.01303977,22.70827675,6.466683388,-18.46953201,-25.47925377,-29.52291107,10.12299824,-10.59940815,-33.93371582,24.38566971,-24.88397026,-4.639100552,-3.266462088,0.325239718,0.279076874,-0.119804196,-0.117383994,0.041895293,0.034499019,-0.15229325,-0.320668101,0.096662767,0.291599751,0.010803263,-0.190955848,1
Woman00887.wav,213.7370271,273.9989169,249.0915717,270.8517709,272.4207993,258.5308323,-0.194551596,0.08569387,-0.000224398,2968.945476,8.373604118,11.55160822,10.25703828,26.1693573,-8.274344444,8.266526222,-34.2890358,-27.93209076,6.522739887,-14.08921337,-33.23058701,24.03182411,-26.1895752,-0.589226127,-10.18715858,-0.425241083,-0.037753191,0.304848343,0.328009129,-0.087705709,-0.474389702,0.038485292,0.252847135,-0.014648113,-0.004869038,-0.030021673,-0.006831886,1
Woman00888.wav,398.8473955,835.4210664,403.481779,403.481779,412.9127185,416.5049387,-0.078894547,0.23681433,-0.000373311,3488.866387,-6.465447575,8.482416815,17.05704867,9.348514557,21.26060486,-41.72581482,-54.3495369,-18.24021149,33.18571854,-5.038318157,-10.26161861,18.98571205,-19.80206299,14.908391,-20.50517273,0.501584232,0.305311203,-0.391698837,-0.204610184,0.03936626,0.014314005,0.295149654,0.383931875,-0.01303262,0.111814566,0.069528259,-0.141467661,1
Woman00889.wav,341.2518476,447.6910645,434.946169,440,440,429.5711185,-0.533504852,0.19377649,-0.000230381,3159.570288,-12.81801351,7.353301694,16.35329882,26.86439323,20.51372337,-5.412606716,-4.116183281,-7.609873772,23.36116982,-11.73956108,-2.133318663,20.93731689,-20.8151474,-1.015641689,-14.82284737,0.622565627,-0.492346972,0.13044481,-0.110272832,0.379625767,-0.211708516,-0.13590017,0.12265937,-0.107249148,0.009941615,0.051724423,-0.100267693,1
Woman00890.wav,320.2437002,365.7446743,333.4576446,343.2286994,345.2170031,341.6561611,-0.003609132,0.14689155,-0.000695826,2823.685359,16.52569889,8.275325944,14.87564172,22.42932701,-27.21993828,1.767197847,-30.81627464,-47.68619919,-3.415731192,-13.23957443,-32.44315338,15.00339794,-24.37259102,17.76050568,-22.62739944,0.149073794,0.050990921,-0.289793462,-0.079149872,0.180123374,0.169238076,-0.020815438,-0.298232406,0.076575443,-0.210421011,-0.043983027,-0.080344945,1
Woman00891.wav,221.274447,369.9944227,241.3014955,252.7136381,272.8153287,272.8742825,-0.305843038,0.12652601,-0.000592638,3116.520034,6.990926653,11.92781437,15.2833862,19.51390457,23.91860962,13.31170654,-47.60372543,-26.25107384,16.99383354,-33.55437851,-14.93973827,6.929107666,-31.44960976,8.592665672,-24.63617325,-0.246305645,0.435365379,0.51502043,0.025429886,-0.025917806,-0.108906679,0.182532728,-0.112828344,-0.148540244,0.065851822,0.007869267,-0.054661565,1
Woman00892.wav,212.5059924,425.0119847,220,221.274447,221.274447,258.8115737,0.06121678,0.17536041,-0.000416171,2168.058451,-11.77060009,8.781074307,13.5075762,78.98612213,-50.08920288,3.429534912,-58.70277023,-26.95843697,44.77274704,-27.42601585,-31.39365196,16.42122459,-26.39851379,27.10869598,-16.37674141,0.786000371,-0.497915685,0.271654099,-0.574597836,0.069066249,0.284990937,-0.591502309,0.032470636,0.129926533,0.098877944,-0.142142668,-0.069702417,1
Woman00893.wav,323.9647528,363.63814,325.8414615,349.2282314,361.5437384,344.0493064,0.207903296,0.20836924,-0.000320262,2057.931777,0.410586614,6.004970516,17.83465631,61.18666458,-28.60416031,-20.45255852,-35.12578583,-19.44268036,20.30312157,-41.13463593,-10.30783176,18.27590752,-22.49661636,-1.573119402,-16.96516228,-0.0060215,-0.037855878,0.13685371,0.02013246,-0.048875321,-0.057278115,0.018240841,-0.024943868,-0.00893015,0.055014532,-0.061151545,-0.023442062,1
Woman00894.wav,233.0818808,496.7443381,488.2105677,491.0387428,493.8833013,437.6944781,0.086100953,0.12805581,-0.000135143,2226.853396,-0.480439154,5.550146517,8.94668164,57.11299515,24.33803558,3.348169088,-36.92666245,-12.7834816,0.251589864,-1.565979362,-2.727183342,-5.792375088,-14.13945389,4.399816036,5.242246628,-0.300449461,0.105742313,0.497469008,-0.139459759,-0.010268566,-0.222494632,0.158612996,0.177844718,-0.277263194,0.07505139,0.080563456,0.248612314,1
Woman00895.wav,396.5502035,468.8642207,447.6910645,452.8929841,466.1637615,451.1419848,0.655442313,0.18591101,-0.003796393,2315.964554,-30.82235571,5.118975301,13.86593374,38.60838699,-39.71531677,13.94997406,-17.34730148,-22.64402008,-0.268909127,-24.41958427,-15.06705475,3.948549986,-24.64292336,-15.79285431,-13.31777763,1.578059793,0.043765314,-0.529277563,-0.063304402,-0.258556843,-0.023295948,-0.547085762,0.095461562,-0.031606119,-0.436448336,-0.174653471,-0.158466592,1
Woman00896.wav,172.6085015,526.2822936,218.7328932,221.915362,239.9117012,256.8897139,6.278846734,0.22542836,-0.00078738,2438.714752,5.223064763,10.4790532,6.106256151,91.33119965,14.8975172,17.2926178,-13.94999218,-2.76154089,-0.555532277,-21.57016754,-7.136486053,13.91567135,-11.49461269,4.974507809,-11.82914639,-0.136189327,0.551515996,-0.298271447,0.245679379,-0.190736443,0.171369508,0.02796709,-0.220365003,0.098165557,0.100577012,-0.289273769,0.076592185,1
Woman00897.wav,325.8414615,450.2845125,345.2170031,437.4657865,440,401.9274108,0.11102039,0.13274258,-0.000520475,2646.718318,-4.273712596,6.682240771,9.901604897,14.63041687,-13.840868,-5.208819866,-49.00617981,-18.32436943,3.737024069,-7.551733971,-23.34589005,9.484746933,-23.68391991,-5.020481586,-6.88999176,0.222617283,-0.009938391,-0.103771783,0.284479678,0.010685197,0.041821156,0.016306402,0.020199083,0.018127173,0.019209158,0.084144495,0.011093613,1
Woman00898.wav,394.2662424,793.1004071,396.5502035,788.5324849,793.1004071,620.5951277,0.007944213,0.26787764,0.000121393,2492.557515,4.194856931,4.602514324,26.93910308,2.669842958,-20.99929428,-24.43471909,-37.32342911,-22.60391426,-5.478637218,-8.158121109,12.9291153,36.5091095,-12.8412075,9.592223167,-29.2696209,-0.525130033,0.144022912,0.401377589,0.186441123,-0.094344355,0.455132812,0.173851416,-0.039014965,-0.290733993,-0.047263321,0.086231478,0.055879481,1
Woman00899.wav,290.2917404,452.8929841,339.2863816,401.157895,408.1700115,380.7742669,0.307353817,0.10996651,0.000296543,3023.600442,20.00663979,8.01155101,6.703926931,37.96075821,-1.142238021,-18.04122353,-26.99732208,-26.54345322,19.64910507,-21.17284966,-16.46616936,14.83356571,-26.03022575,10.38470459,-19.37386894,-0.873734534,-0.205695003,-0.226681143,0.164916158,-0.235180601,0.099499188,0.240695074,0.095581204,0.07837306,-0.173029542,0.161908612,0.233266085,1
Woman00900.wav,396.5502035,429.9503861,398.8473955,398.8473955,410.5345163,406.6536202,0.329689786,0.1843146,-0.001078797,3702.719862,-6.843571331,9.131039025,9.383665483,50.56268692,21.75410271,-29.38829041,-21.52505875,-24.39377785,34.29084396,-6.440958977,-19.8089962,10.74138641,-28.50958633,21.38131905,-33.60557175,0.685818851,0.663138986,-0.218593478,0.110090934,0.187816247,-0.079309113,0.045460287,0.09534499,-0.090650536,0.199965417,-0.1748285,0.072615288,1
Woman00901.wav,270.8517709,312.929324,273.9989169,280.403338,282.027698,282.8204165,-0.076200892,0.15256976,-0.000816202,3221.500071,-0.555797916,11.39516693,-10.63790126,12.31476974,-16.63674545,-17.12726974,-45.37163544,-30.26900291,20.63960838,-5.65796566,-40.50235367,23.09432411,-25.35629845,-0.698725879,-13.20564651,0.038717315,-0.172059834,0.069661871,-0.083520763,-0.026641991,0.098387435,0.021644203,-0.011403453,0.104785301,0.068082258,0.087601982,0.049667172,1
Woman00902.wav,272.4207993,410.5345163,314.7421051,323.9647528,408.1700115,347.0197157,-0.060713593,0.17339222,-0.000947,2297.79469,-4.751016732,6.737840448,18.17245191,27.64942551,-46.82418823,-6.698061466,-45.07174683,-13.71937847,15.80063438,-28.08352852,-22.30339622,27.558815,-21.84191322,-11.19284916,-4.928543091,0.361822784,-0.027481226,-0.017526906,-0.12197914,-0.084973238,-0.166685224,-0.218999192,-0.119620413,-0.062105332,-0.014413745,-0.028974453,-0.061744083,1
Woman00903.wav,367.8634116,425.0119847,373.2156647,417.7105332,420.1303057,404.4178024,-0.307534197,0.17760898,-0.000536031,2484.22318,4.857436045,6.174314047,16.97630157,21.58359337,-38.00320435,3.051162481,-46.89286804,-8.461746216,9.819906235,-31.04787064,-11.3981142,26.51921272,-27.62514305,-1.45979774,-17.37960243,-0.01203255,0.048069686,-0.277068585,-0.126293659,0.110161796,0.145439416,0.042316839,0.291737437,0.043850996,0.120064542,0.193887547,0.126924574,1
Woman00904.wav,363.63814,450.2845125,367.8634116,369.9944227,372.1377786,370.9307054,0.152480821,0.20850058,-0.000506078,2882.509085,-5.088360204,7.769261552,17.19446676,16.89090347,16.73181915,52.14684677,-1.813824534,-62.21788788,14.78620243,-25.85447884,-11.66034794,-40.98429871,-6.003083706,-11.00115013,-28.78608131,0.343270093,-0.088515647,-0.152479663,0.145252734,0.187969983,-0.154116109,0.050423618,-0.115046278,0.166821271,-0.005793965,0.075258434,0.060512453,1
Woman00905.wav,272.4207993,343.2286994,311.1269837,314.7421051,325.8414615,315.6442645,-0.173154544,0.22086298,-0.00014715,2708.232645,1.399156297,8.588237054,14.12576222,27.96177292,-21.70483971,-12.07488728,-48.62303543,-11.75426579,14.75953007,-14.8658514,-21.66604424,7.765701771,-22.93072891,11.90789795,-10.65399265,0.228635266,0.367433816,-0.221274346,0.115080006,-0.0431787,0.192970142,0.16777578,-0.016229268,-0.077926286,0.128790528,-0.07349433,0.052476361,1
Woman00906.wav,333.4576446,551.172353,376.4618113,434.946169,442.5488941,417.375482,-0.743679974,0.1658777,-0.000133319,3825.766895,12.84988651,9.293152138,13.96077376,-13.88132286,2.725159168,-26.89258766,-38.06994629,-24.35180283,-7.420273781,-15.08617783,-22.17765427,25.39486122,-25.46812248,-17.43792915,-17.31172943,-0.810332358,0.110839345,0.283534914,-0.244109243,0.0582419,0.216323301,0.013209025,-0.065145217,0.176392049,-0.069839559,-0.168150142,-0.135069862,1
Woman00907.wav,343.2286994,353.286068,347.2168248,347.2168248,347.2168248,347.0848983,0.218543564,0.21713024,-0.004855439,1953.952226,-6.532520112,5.630626878,17.59329104,54.13235474,-24.43351936,-15.44268131,-20.48202133,-11.78361797,-3.321099281,-3.24938345,-19.40386391,42.55644226,-18.70187187,7.563453197,-8.328658104,1.145204067,-0.450253725,-0.403593838,-0.260877103,-0.887099445,0.034456715,0.038442276,-0.261862576,1.600941896,-0.254412264,-0.086413667,0.26070556,1
Woman00908.wav,312.929324,345.2170031,316.5653876,343.2286994,345.2170031,334.8313739,0.455286842,0.2290277,-0.000191692,3040.360041,-6.903434203,9.120519696,17.7777679,1.85212779,-20.83735466,-6.45501852,-28.68463898,-0.456109643,0.624811888,-21.76093864,-2.813190699,7.951022148,-35.67961502,0.033581086,-14.72596264,0.303659648,-0.185522541,-0.256890625,-0.373278141,-0.208616197,0.151498824,0.06252788,0.087917946,0.113434158,-0.21793586,-0.134750679,0.276955217,1
Woman00909.wav,408.1700115,412.9127185,410.5345163,410.5345163,410.5345163,410.5351791,-0.019818352,0.102293156,-0.002540948,1838.523656,-22.20086097,4.477499013,-0.697831679,68.41098022,-71.10341644,6.024809361,-36.3522644,-43.0418396,16.20259857,-15.87835598,-23.01457787,0.323727518,-12.91575432,0.540406406,-10.73344994,0.852582097,-0.58567512,0.038115777,-0.118147127,0.018212274,-0.184670463,0.064083546,0.15417248,-0.239442766,0.094382621,-0.152627662,0.311964452,1
Woman00910.wav,322.0988531,415.3046976,357.3910544,361.5437384,396.5502035,370.7352189,0.161094238,0.11151657,-0.000320521,1624.55625,-1.15032879,4.408135262,1.656800803,100.4464798,16.68111229,-24.61875153,-39.09869003,-24.51422119,23.91235542,-7.255981922,-26.41061974,15.30898571,-28.819664,4.46210146,-15.36690903,0.028372193,0.531503439,-0.11300125,0.236066267,-0.409800559,-0.106794164,0.091710605,-0.399958819,-0.322731107,0.129243419,0.060605716,-0.070357643,1
Woman00911.wav,311.1269837,335.3893451,312.929324,329.6275569,333.4576446,325.2055672,-0.426457547,0.15921727,-0.000837383,3534.828092,11.22067715,10.90705207,5.975034489,37.65307999,-13.26987457,3.808667421,-42.6605835,-2.673992395,3.703662872,-20.47091866,-0.268570542,30.2897377,-41.41794586,9.709197998,-10.73943043,0.387799025,0.883882284,-0.232131109,-0.49676922,0.177681789,0.884662688,0.034315154,-0.709226727,0.225909412,-0.399385035,0.523228884,-0.275044143,1
Woman00912.wav,239.9117012,275.5861765,242.6993409,244.1052839,275.5861765,257.2767009,-0.404383319,0.15193981,-0.001080737,3208.519587,11.2202834,12.53628202,14.4294789,31.82843781,-23.71998596,-41.91841507,-23.04311943,-18.7935791,5.794148445,-29.68696785,-4.232186794,5.256120682,-0.342646092,-19.06820869,-17.86539459,0.815759778,0.583140969,-0.365282118,0.093286306,0.250143737,0.196370393,0.220950618,-0.065121099,0.570267737,-0.40662694,-0.050711885,0.23174566,1
Woman00913.wav,221.274447,343.2286994,304.0208336,320.2437002,337.3322358,316.3481003,-0.515714934,0.14402796,-0.000300364,2653.683779,18.69483761,8.409802711,10.55108381,35.26387787,-41.51430893,3.318764448,-23.95692635,-37.11852646,13.87974834,-47.699543,-13.49521065,15.04469013,-29.50633812,-8.275585175,-7.970051765,-1.055770159,-0.052416079,0.700935483,-0.3610982,-0.019039445,0.023550842,0.103910461,-0.095265716,-0.407797933,-0.001892415,0.070704781,0.100751311,1
Woman00914.wav,235.7901618,359.4613997,331.5370699,335.3893451,335.3893451,323.7204315,0.28710184,0.1241661,-0.000970312,2875.827977,1.558395534,8.868151458,13.03502209,40.24581909,-7.641794682,-7.976077557,-38.83346176,-13.50749969,10.60996532,-48.723629,11.55664921,1.209166169,-17.60835075,-4.844752312,-13.6210413,-0.348381847,-0.313346177,0.589995503,0.204966798,-0.499298185,-0.20436728,-0.272764951,0.40472275,-0.126654729,-0.101425707,0.038903914,0.035169516,1
Woman00915.wav,231.7394279,445.1125537,378.6426324,437.4657865,442.5488941,401.398551,3.212368668,0.100803725,-0.000719543,2766.704805,-13.54865156,7.193134922,15.33206309,40.66783905,-0.811706781,-24.68162155,-13.45508671,-16.54022026,2.911765099,-28.25358963,-30.98387909,21.9042244,-31.83639908,-3.620754004,-19.52363586,-0.138371602,0.852440655,0.381512374,-0.41728574,0.599701285,-0.524741232,0.764765918,-0.365365148,-0.11027012,0.333841085,-0.032757074,0.41835922,1
Woman00916.wav,218.7328932,450.2845125,221.274447,223.8455323,440,320.2908447,-0.007393548,0.15643051,-0.000820695,2597.58366,-7.042607727,8.621073395,0.080027336,53.1758728,47.87760544,25.18000221,-16.86680794,-35.17843628,25.66636658,-15.1338644,-12.70723915,15.8071661,-31.93790817,0.931341648,-41.49200439,0.217751801,0.111889251,-0.139987603,0.1375691,0.124597542,-0.029347982,0.125862211,0.049707755,-0.242997602,0.178554431,-0.087606512,0.096220121,1
Woman00917.wav,291.9733833,440,352.268679,363.63814,427.4740541,378.1786568,-0.761181568,0.11914624,-0.001177635,2455.037224,0.009715746,6.510608594,16.33198828,42.72206497,-30.84328079,-14.99042034,-0.699676812,-42.52544403,13.36341763,-29.25721741,-22.94791222,15.33607292,-44.99197769,-6.759254456,-15.43436432,-0.010796719,-0.054184176,0.502079129,0.194178075,-0.179366171,-0.086721592,0.130736172,-0.039325833,-0.266132921,-0.076848999,-0.069091104,0.126738682,1
Woman00918.wav,343.2286994,629.4842103,347.2168248,347.2168248,625.858648,428.0356566,-2.26486054,0.26495668,1.08E-05,3236.802241,7.346297045,8.028642178,17.98798207,4.48388958,-30.82296562,-9.59852314,-27.14068604,-5.757929802,8.313474655,-11.61912537,-11.8353796,10.57682037,-0.646808684,11.0041132,-4.634530067,-0.640878141,-0.133182153,-0.240417644,-0.283575714,0.33099255,-0.101892613,0.11323294,-0.219864473,-0.129916772,0.320082217,-0.204017088,-0.042092517,1
Woman00919.wav,349.2282314,905.7859682,353.286068,731.4893486,735.7268233,593.4888798,3.651530095,0.2845705,-0.000146047,3787.622788,-5.14673044,7.733056171,16.61247227,-37.6305809,-12.06325912,-8.488852501,-38.65934753,-27.38419533,-12.48207378,-5.021486759,15.36224365,32.99422455,3.767747641,17.02463722,-11.88767719,0.347953409,-0.332014382,0.02760328,-0.139189541,0.212285042,0.360312968,0.312067807,0.098825425,-0.249809414,0.008163664,-0.100978337,-0.225460514,1
Woman00920.wav,295.3659506,316.5653876,298.7979376,314.7421051,316.5653876,310.0189664,0.030229419,0.17934363,-0.00038267,3140.240819,-1.68766032,10.14783505,17.5828823,9.313497543,-24.55890083,-14.06026077,-32.31642914,-20.24181366,-2.28184104,-17.66722107,-13.95111752,19.82004547,-33.53525543,-0.5765903,-16.89309692,0.137888446,0.119942315,0.033532005,-0.187594295,0.220630407,0.267759204,-0.163669199,0.091585897,0.002597057,-0.070272736,0.128483608,-0.094896644,1
Woman00921.wav,218.7328932,396.5502035,325.8414615,335.3893451,365.7446743,328.9438034,0.188993981,0.22505628,-0.000278427,3214.445058,7.217636749,10.17876093,15.74236836,34.26921082,2.181101561,-20.86345482,-10.49213123,-10.24906731,8.989235878,-12.89990234,-7.668092728,4.3730793,-16.60528374,-19.26436234,10.46807384,0.088611908,0.309489161,-0.031948797,0.001643721,-0.077450246,-0.000511795,0.105043061,-0.04688824,0.030015906,-0.022231175,0.031532239,-0.039756082,1
Woman00922.wav,183.9317058,369.9944227,248.3721691,365.7446743,365.7446743,320.2760099,-0.558396147,0.21773124,0.000646152,2825.697435,-21.26059997,9.088809035,-29.2119315,22.3782959,5.188464165,7.05302906,-25.35429764,-5.591569424,5.33327055,-5.848937988,-8.930522919,15.6444664,-14.05768204,-0.179641947,-2.547821999,0.433814049,0.478792012,0.553898275,0.758098602,0.293755203,0.208984107,-0.096675366,0.06791582,-0.048336223,0.176049218,0.040320236,0.320452183,1
Woman00923.wav,347.2168248,408.1700115,389.7377084,394.2662424,408.1700115,390.3670075,0.526731229,0.19075847,-0.000667858,2789.899063,-2.572355287,7.153881927,20.66201978,11.88234901,-13.86714458,5.229067802,-25.91078949,-37.04724121,-7.76013422,-8.99971199,-15.36964417,33.07458496,-26.07935333,-8.214883804,-18.88130569,0.511006713,-0.033217229,0.562926948,-0.075358018,0.038191497,0.199823901,0.188612312,0.116844214,0.06506025,-0.170329854,-0.082925551,0.115369983,1
Woman00924.wav,331.5370699,752.9236226,337.3322358,372.1377786,748.5871016,506.0254914,-0.150985773,0.22293048,-0.001047692,1717.506998,4.166817397,4.124696041,17.74953385,54.3642807,-35.28768539,-34.51079941,-33.48080826,-33.34624481,6.786335945,-7.722947121,-29.4395237,25.5468483,1.020649314,0.705107749,-10.64689064,-0.080569111,0.086777136,0.103174984,-0.017125167,0.079616211,0.014877568,-0.051836748,0.222853452,-0.099331766,-0.007713181,-0.035599023,0.002374113,1
Woman00925.wav,198.2751018,263.1411468,202.9095626,225.1422562,226.4464921,218.0326136,0.747162413,0.07692464,-0.000192171,2030.686416,-0.879910419,9.341815312,15.97855821,89.41175842,12.47266865,2.941642761,-5.414727688,-18.30935097,17.43751717,-29.02155685,-15.33362865,15.30195713,-28.16138077,-2.546361685,-17.46416473,-0.538871586,1.384531975,-0.622368753,-0.153813049,-0.055426545,-0.065377869,-0.016221553,-0.417404264,-0.674556196,0.507738769,-0.260499805,0.126592934,1
Woman00926.wav,286.9574553,403.481779,359.4613997,383.0997599,396.5502035,371.8955304,0.041960254,0.12047861,-0.000495577,2203.553244,3.511038956,6.033752069,9.649676239,50.88602829,-34.06870651,-9.95776844,-41.20897675,-35.48200607,-3.872451067,-16.04932213,-28.843256,14.15541077,-31.5591259,-0.01260077,-18.39042473,0.015675277,-0.141020328,-0.169986188,0.369718403,-0.074724488,-0.072360478,-0.154104128,0.081448749,0.044554282,-0.345368713,0.194302142,-0.057119455,1
Woman00927.wav,277.182631,353.286068,277.182631,278.7883336,351.25129,308.5591903,0.741770179,0.17006893,-0.000507035,3459.875186,7.292944821,11.30394238,12.9611582,9.556872368,-17.91971207,-27.36640358,-25.93470573,-24.70723724,15.89808464,-5.05424881,-55.25220108,22.49434853,-15.73558044,-22.58654785,-11.52023602,-0.028782172,0.566495657,-0.088183045,0.23131226,-0.148754269,0.200053737,-0.18444407,0.0410611,-0.332543343,-0.127548367,0.30872643,-0.020944292,1
Woman00928.wav,291.9733833,410.5345163,293.6647679,341.2518476,349.2282314,334.5251028,-0.281186307,0.092084445,-0.000455979,2961.622113,-0.937493201,8.898374897,-47.00297487,36.63585663,-3.771037579,-23.50186348,-41.52645111,-2.267688751,17.50149155,-25.80183792,-8.008494377,11.78131199,-26.99932289,-2.576433659,-16.27947617,-0.230415806,0.036789171,0.106602699,0.088852279,-0.041390359,-0.195381492,0.113290928,0.356698513,-0.136437625,0.140055999,-0.176631063,-0.109213427,1
Woman00929.wav,223.8455323,343.2286994,270.8517709,330.5823134,333.4576446,305.9370709,-0.867428874,0.121544056,4.85E-05,2390.170963,6.029514483,7.860279785,14.07892506,58.37878418,-17.03900146,-25.42827034,-28.05546951,-10.50150585,7.309654713,-15.79191875,-18.31225777,9.963496208,-15.88146305,0.421127319,-20.59303474,-0.779060602,-1.46717608,0.423535228,0.266354114,-0.011028747,-0.011905408,-0.487775505,0.401427329,0.371755511,0.037193783,-0.045694742,-0.145974487,1
Woman00930.wav,133.8703865,468.8642207,136.8021938,225.1422562,450.9366304,282.2051832,-0.914528692,0.20883249,0.001130919,2060.337089,5.613184959,10.16963408,10.80773715,99.13345337,38.22987747,-25.87155724,-22.07056618,-8.555585861,11.50601387,-3.908130407,-30.78046608,3.538385868,-43.21710968,-12.02856827,-24.12692451,-0.127821699,0.216456592,0.002215473,0.02523813,0.136927009,-0.179140434,0.173527122,0.319741547,-0.304376274,0.276381046,-0.051123437,-0.016400604,1
Woman00931.wav,,,,,,,,0.10553749,-0.001901214,3960.618301,65.03300288,0,4.877433792,37.10318375,15.54624939,27.6401844,47.02725983,20.2125721,23.97551918,-17.75865364,-10.3341198,21.6257019,-15.10630894,-3.244635582,-12.27352047,-1.126285315,1.141242266,-2.965216398,-1.906782389,0.632439315,0.552943766,1.801924586,-5.212988377,0.888347745,1.321823001,-1.009001493,-0.139506176,1
Woman00932.wav,222.5562769,403.481779,246.9416506,250.5429036,403.481779,316.5775586,3.05925914,0.17124249,-0.001164559,3334.288204,12.19052258,11.43257255,14.91267477,31.29533577,17.51857567,-16.94777489,-22.75839615,-5.252185345,18.92851067,-21.60920143,-9.636104584,9.083134651,-25.55376625,4.224005699,-17.57531166,-0.884766281,-0.867896676,-0.014524873,-1.459602118,0.352576911,0.247155502,0.108540095,0.647800505,-0.702287316,0.514729798,0.355778575,0.094378725,1
Woman00933.wav,345.2170031,422.5640958,364.1647736,395.408223,401.157895,385.6394508,-0.133700119,0.23749362,0.000112916,3759.698173,1.925720432,9.747343682,16.91521181,-9.813349724,13.23960972,-30.60879707,-40.83858109,-7.470611572,15.09610176,-29.25053406,-8.655047417,0.036225244,-8.587182045,2.59403491,-22.06641388,-0.049674042,0.212852672,-0.047104266,-0.087956354,0.041742306,-0.181096286,0.228796989,-0.117307812,0.019908026,0.146774799,-0.078739077,0.250795722,1
Woman00934.wav,380.8360868,429.9503861,417.7105332,425.0119847,427.4740541,420.6178679,-0.152186035,0.25987133,1.00E-04,1905.021279,-1.208058758,4.529625367,23.25238262,53.78728485,-40.20836258,-18.38373566,-54.30692673,-12.96035862,25.00153351,-25.4025116,-15.46580887,8.029266357,-19.71136284,7.93240118,-23.6356144,0.459089905,0.076952875,0.124845229,-0.034845199,0.154932439,0.123880096,0.087204844,-0.079192758,0.047133401,-0.023145633,-0.053680722,0.372048467,1
Woman00935.wav,217.4730845,275.5861765,255.6500291,261.6255653,263.1411468,260.0472559,0.596367223,0.04213848,-0.000659525,4352.938146,30.56603581,16.75618328,-38.02427857,15.30248356,35.33927536,-20.65556335,-20.11562538,9.100626945,9.597255707,-24.59748459,-7.348259449,17.27318764,0.492218286,-8.87887001,-16.40407372,-1.293190122,0.307584077,-0.131591856,-0.55147624,-0.470902085,-0.397023022,0.027177358,0.054240998,-0.414790124,0.622903466,-0.333933353,0.451313466,1
Woman00936.wav,331.5370699,417.7105332,400.0026452,410.5345163,412.9127185,404.8440981,-0.641065874,0.13838787,-0.000460903,2485.146489,-10.45289244,6.143623893,16.33604416,46.51958084,2.723845005,-6.253064156,-43.9675293,-10.34374142,7.675620556,-12.80106926,-4.0980196,26.50349236,-26.551054,0.960786998,-10.73706245,0.255073339,-0.188651979,0.030850511,-0.238304079,-0.114750057,-0.070094779,-0.008351886,-0.127356336,0.045591537,0.077199459,0.015747812,0.058263015,1
Woman00937.wav,312.929324,376.4618113,355.3326334,363.63814,374.2935508,359.1256717,-0.284585969,0.1960177,-0.001384094,2780.096061,-3.096251797,7.698536678,19.42236142,32.42657471,-15.15778065,1.211513638,-29.06001854,-10.40854359,4.580120087,-18.50002861,-12.47376633,30.04172325,-24.15040779,4.852427006,-16.81456375,0.414287865,-0.296105862,0.116297856,-0.183215693,0.055215873,0.331012785,-0.135634124,-0.090772003,-0.063811101,-0.045249946,-0.029504552,0.024439609,1
Woman00938.wav,329.6275569,394.2662424,389.7377084,389.7377084,391.995436,382.9704965,0.45733434,0.15342464,-0.001247255,3802.926146,-7.527748852,9.971139391,18.63042906,-24.8717041,18.31827354,-11.39472675,-29.32795715,-22.61170959,-17.4148407,-15.59225178,-13.63550472,7.856573582,-11.00386238,-11.20811462,-32.83573914,0.285227627,-0.027417127,0.174972296,0.288464129,0.071795173,0.017199729,-0.080630034,0.028542697,-0.121219367,0.079050243,-0.220808342,-0.08715342,1
Woman00939.wav,389.7377084,442.5488941,396.5502035,432.4410634,440,420.6161575,0.213597642,0.09229506,-0.00015867,2133.836659,-2.303944211,5.064387438,-8.29475837,50.92021942,-25.43364906,-35.16872025,-38.60315323,-1.613093495,6.006108761,-35.593647,-20.37030792,8.485445023,-26.75500679,6.797160149,-32.16132355,0.09919516,-0.118313745,0.081887357,0.099235274,0.083335936,-0.124132611,0.135878801,0.072263822,-0.031660654,0.045236681,0.151801735,-0.029223178,1
Woman00940.wav,248.3721691,298.7979376,273.9989169,278.7883336,297.0769882,283.6407488,0.331238787,0.21199487,-0.000284691,2671.340996,4.348344289,9.398779427,19.1547902,22.28756523,-22.3682251,-10.86796474,-39.14390945,-25.8470459,25.76439667,-16.26406288,-20.51969147,12.73554707,-32.08930206,-6.675577641,-11.50565338,-0.226646036,0.074752636,-0.021596763,-0.151134714,-0.099924445,-0.045246493,-0.080866568,0.045993321,-0.250948757,-0.152191848,0.101870604,-0.104427546,1
Woman00941.wav,323.9647528,372.1377786,363.63814,365.7446743,367.8634116,361.3341444,-0.199737873,0.21072654,-0.000327002,2811.659579,8.061440966,7.825653837,21.42017132,14.06970692,-14.76195812,-31.85142517,-20.32684135,-35.70929337,-0.775833786,-16.95462418,-17.94211197,26.85225296,-1.436684608,-4.619029522,-10.77263641,-0.158632547,0.210266322,-0.205209374,-0.199822769,0.3766222,0.06560079,-0.230206892,-0.003342819,-0.031819761,-0.172625422,0.022877803,0.089480206,1
Woman00942.wav,312.929324,345.2170031,327.7290419,337.3322358,343.2286994,334.6728576,0.175745852,0.10771844,-7.43E-05,3118.080691,9.785941728,9.32229969,9.75305694,21.46092606,1.985238433,-9.95561409,-49.22051239,-35.98408508,25.05265045,-24.07927513,-26.92198944,9.580546379,-19.90646553,-10.43129921,-8.297454834,-0.063828327,0.151119232,-0.299998164,0.07607805,0.256330311,-0.238469526,0.100556307,-0.124465182,0.233138904,-0.063451402,-0.177299857,0.413827032,1
Woman00943.wav,307.5533855,491.0387428,311.1269837,314.7421051,349.2282314,336.0187008,-0.022973242,0.20340328,-2.04E-05,3418.527703,6.64450415,10.28084559,14.14486827,5.258648396,14.2059145,-6.80914259,-43.92356873,-27.68613815,8.653822899,-6.730757236,-13.97505665,11.00571156,-19.6401062,-2.872109413,-4.696279049,-0.171759486,-0.154244602,-0.345421851,-0.246026114,0.07245151,0.260472804,-0.081799574,0.117816135,0.0709121,-0.021486804,0.126048207,0.059938632,1
Woman00944.wav,383.0422479,2057.047957,408.1700115,410.5345163,410.5345163,490.1085311,19.00123474,0.1270798,-0.000122827,2539.253109,-8.607467884,6.021026279,19.96647983,29.44917297,13.81060982,-31.10979462,-36.52496719,1.497041464,8.667209625,-19.12747002,1.819476128,-2.964700222,-18.10027885,6.038961411,-15.95227337,-0.244361266,0.276460469,1.461544991,0.30484131,0.897158325,0.007675241,0.347987831,-0.170546696,0.288146675,0.294824779,-0.01065077,0.412062198,1
Woman00945.wav,207.6523488,267.740773,227.7582832,230.404707,231.7394279,233.6426456,-0.267009491,0.16783693,-6.59E-05,2656.993335,-0.361455997,11.37565926,13.12117159,58.61486816,24.51684761,1.579651713,-22.55660248,4.655434608,9.339733124,-25.27173805,-15.08861065,26.18852615,-30.28689384,-3.724730968,-9.00090313,-0.340486676,-0.453461319,0.816396594,0.319736958,0.1780269,-0.174564019,0.211654812,-0.053632699,0.087951362,0.057285912,0.090817533,-0.166031837,1
Woman00946.wav,682.5036952,706.572136,690.4340061,690.4340061,694.4336497,691.3043447,0.081723717,0.22940835,-0.00014713,4293.32319,-6.405465854,6.210512208,14.60405476,-28.56036758,7.816517353,-8.935012817,-24.22340202,-36.71703339,-5.015557289,-13.89722919,-9.033611298,51.19421768,7.626317978,47.57635117,-0.76410532,-0.049766995,-0.155418292,0.058437746,-0.037145965,0.012391803,-0.010567647,-0.062970281,0.064990103,0.273123235,0.263531089,0.007113381,-0.019939331,1
Woman00947.wav,220,226.4464921,221.274447,222.5562769,223.8455323,222.6412132,0.056821586,0.14175215,-0.000660567,2324.688278,2.18431614,10.4457437,14.5209942,46.92442703,-27.96710777,2.20403266,-50.80368805,-27.084095,24.16820145,-46.2906456,-27.40653229,32.19777298,-17.47447586,-5.394822598,-4.609035969,0.122768313,-0.188395858,-4.48E-05,0.150438949,-0.08561527,-0.12163467,-0.168482199,0.002372246,0.100054756,-0.168175235,-0.100629464,0.079751164,1
Woman00948.wav,239.9117012,285.304702,280.403338,282.027698,283.6614679,277.6817332,-0.357255925,0.15882581,-0.000491667,3050.269957,-4.105808888,10.8893538,14.067255,32.20623016,30.29400826,20.82919121,-23.22319412,-17.53486061,-11.10994434,-19.14665604,-30.4910202,-5.473165035,-15.81385326,7.813988686,-23.34981346,1.036910176,0.917446733,-0.138624698,0.536076486,0.01860838,0.279605061,0.076205626,0.296650499,-0.048535813,0.336761475,-0.207774267,0.009186215,1
Woman00949.wav,229.0776736,257.1309947,245.5193714,249.8109744,249.8109744,245.8580343,0.091272007,0.16592656,-0.000706873,2925.751851,-0.128287425,11.90537754,15.91816366,31.7137928,0.103302427,-3.336740494,-39.71208572,-18.55426407,32.68248749,-8.678655624,-19.5472374,8.901499748,-27.65150642,7.470947266,-14.70307827,-0.102977611,0.060068097,-0.003936962,-0.073284969,-0.172958389,-0.035303753,-0.14470911,0.047178909,-0.107360646,0.025416091,-0.05045912,-0.103600949,1
Woman00950.wav,445.1125537,447.6910645,445.1125537,447.6910645,447.6910645,446.9714801,0.08595036,0.20809792,-0.003573338,2292.534215,-2.631073911,5.128942053,25.14930438,18.19791412,38.807621,-4.160829067,-17.56592941,-11.05555058,-19.88868141,-14.76500511,-40.37970352,17.15361786,-46.96741867,2.488895416,-8.315010071,0.208467707,0.614852607,-0.308922887,0.169652209,-0.426457137,0.272970706,0.242018744,0.367471397,-0.391298413,0.265025049,-0.206648067,-0.162608922,1
Woman00951.wav,167.6946726,275.5861765,222.5562769,233.0818808,233.0818808,227.4361881,-0.631295665,0.092724614,-0.000143243,2260.576881,-8.36705662,9.894638204,16.40044067,60.76573181,1.115368366,7.280004978,-31.55108261,-33.78913116,-0.801857173,-26.42217827,-38.87921143,20.68970871,-24.02367592,-1.089479208,-12.05062962,0.465942055,-0.033358559,0.16045025,0.247848064,-0.013189645,-0.028656852,0.170412049,0.080350392,0.079369776,-0.008972162,-0.023269551,0.039676663,1
Woman00952.wav,113.8791416,410.5345163,401.157895,403.481779,405.8191252,365.1309963,-1.437285697,0.13545384,-0.000417312,1806.816348,-2.316389346,5.35691727,19.59361514,84.62976074,-19.50732994,-14.25312901,-34.94793701,1.340703726,8.9081707,-24.52113152,-26.76316643,30.85780144,-33.73085403,2.77561903,-20.33267212,0.073798642,0.134424105,0.045083847,0.000165612,-0.007224239,-0.044475663,-0.016246235,-0.081862219,-0.203496039,0.138733894,0.019472722,-0.037148058,1
Woman00953.wav,280.403338,427.4740541,408.1700115,412.9127185,420.1303057,388.2000468,-2.503533227,0.15585928,-0.001496893,3015.357129,18.19922597,8.159600693,12.58033095,20.1263504,2.623785257,-24.55440903,-40.59261703,-8.826439857,18.21134377,-29.42161942,-5.350725174,18.64015579,-20.97688484,7.674407482,-28.45473862,-0.178616837,0.743103087,0.72791183,0.698186994,-0.808370352,-0.317480028,1.101132274,-1.191102386,0.049298462,-0.45783487,-0.702174783,0.151522979,1
Woman00954.wav,401.157895,408.1700115,403.481779,405.8191252,408.1700115,405.6250635,-0.013245295,0.22946993,0.000203075,3035.858439,1.141735181,7.484422046,19.70193402,21.25427628,5.175465107,-8.582834244,-42.71190262,19.32520294,8.522930145,-2.50908637,-16.36589813,20.60975456,-9.343677521,-2.353256941,-3.072530031,-0.084960505,-0.061513517,-0.079428427,-0.02843421,-0.04536413,0.069070563,-0.180035964,0.031673331,-0.085963242,0.064510576,-0.021975916,-0.09543331,1
Woman00955.wav,311.1269837,408.1700115,351.25129,401.157895,405.8191252,377.9468981,0.450376819,0.23135242,-0.001341174,3027.525264,0.520257976,8.051670246,20.49871127,13.40301704,-11.8100481,-19.75801086,-3.621866226,-24.90724564,-4.373452663,-4.095894337,-21.09480667,25.7016964,-12.34648514,-2.766606331,-11.97950649,-0.109396368,0.126342759,-0.182610959,-0.071708404,0.017028116,0.000541459,-0.009544601,-0.09333916,-0.100704268,-0.010632914,-0.063753881,-0.151577964,1
Woman00956.wav,220,445.1125537,307.5533855,395.408223,440,382.6222639,-1.395284852,0.18772295,-3.98E-05,3193.675285,-9.803244125,8.473697278,17.16547241,9.522254944,13.04004192,-7.9168787,-27.65706062,-28.41329002,6.203770638,-28.25738716,-19.88531685,8.668477058,-26.82774925,-10.64638519,-15.86256409,0.527346849,-0.049158096,0.351988912,0.295998544,0.062016156,-0.144617528,0.187219918,-0.143755153,-0.142606378,-0.167914003,0.008283058,0.024411041,1
Woman00957.wav,731.4893486,993.4886762,761.6721737,874.931573,977.8352229,847.5330635,-2.422667459,0.25544563,-0.000666109,2279.208122,-5.829896161,2.68065381,24.27876586,30.83433151,-50.07969284,-13.24289799,-19.78634262,-6.133038044,-6.34076643,19.06385803,22.63660812,27.44948006,11.93197632,-17.24005699,-1.924104691,0.401473403,-0.002850587,-0.115710698,-0.163136095,-0.27075991,-0.140688181,-0.795492828,-0.224501982,0.167614758,0.883736074,0.184841529,-0.17654866,1
Woman00958.wav,329.6275569,429.9503861,372.1377786,405.8191252,415.3046976,395.0645831,0.526283784,0.194061,-0.000724743,2457.394541,-7.543691753,6.288269732,19.51906381,37.16620636,-31.39969826,-10.67119408,-23.1521225,4.928750038,22.33122826,-2.120482683,-30.14031219,38.50946045,-19.67036247,10.57974339,-17.63967896,0.515666485,0.033772334,0.164184585,0.24894236,0.030733831,-0.061361317,-0.161843076,0.030297291,0.106050089,-0.079282209,-0.238242656,-0.112654001,1
Woman00959.wav,273.9989169,429.9503861,291.9733833,293.6647679,339.2863816,319.3045979,0.598384282,0.14858022,-0.000694642,2641.224485,-0.366042841,8.435379731,12.55846403,48.43323135,-27.8496666,-32.98974991,-23.66477394,-32.53475189,22.46630669,-55.19631577,-2.429217815,4.93987608,-14.76905823,-0.773696303,-23.49184608,0.330635488,0.204106987,0.164602444,0.140593424,0.062824279,0.177146912,0.01551036,-0.000664463,-0.074270859,-0.054706562,0.075705819,-0.037463602,1
Woman00960.wav,79.1413469,450.2845125,329.6275569,372.1377786,427.4740541,370.4937136,2.013061546,0.19190492,-0.000253593,2888.515482,13.60112696,7.838676771,13.02894048,27.39473915,-14.79823685,-12.5497179,-39.35805511,-9.043614388,4.419490814,5.240121365,-25.52349091,22.3661499,-18.80290031,-5.511095047,-12.160779,-0.497026831,-0.575689256,-0.473205805,-0.300779641,0.076562561,0.224169672,-0.032538235,-0.469269216,0.033106267,-0.252168894,-0.009973492,0.106785059,1
Woman00961.wav,417.7105332,420.1303057,417.7105332,420.1303057,420.1303057,419.0679666,-0.034919481,0.23015311,0.000532779,2835.926695,5.203649718,6.766671036,20.8965471,24.46969986,0.558624566,-32.83473206,-31.14353752,-40.24808121,23.51743126,-9.106671333,-19.96439171,23.23649597,-16.77531815,-6.613546848,-4.387326717,0.021396402,0.464895308,0.209636316,0.083470538,0.380552709,-0.109718859,0.407242656,0.161234751,0.257883728,0.034047149,0.258069307,0.03311697,1
Woman00962.wav,304.0208336,432.4410634,359.4613997,405.8191252,410.5345163,388.5916842,-0.920353231,0.17422657,-0.000569784,3621.273046,-17.63959592,9.4410967,12.93875623,14.59110737,11.20748425,-33.86770248,-30.30898285,-4.368471146,17.67935181,-34.55847549,-0.809875906,23.13009834,-28.36346245,-4.683307171,-21.79299164,0.721677661,-0.237144127,-0.4539738,0.158402264,0.608772874,-0.164823011,-0.104264729,0.04500065,-0.303302974,0.246089593,-0.066495903,-0.35866335,1
Woman00963.wav,337.3322358,410.5345163,341.2518476,350.2397607,408.1700115,368.5052975,-1.277198113,0.08334383,-0.002213483,3262.886776,-41.32916376,8.761638768,-18.99875297,54.19883347,11.48461628,-61.84093857,-15.75115299,-8.703274727,22.60881042,-36.26593399,-20.96899986,20.94776726,-40.07441711,-7.115860462,-28.00128937,1.620754123,-0.104001999,0.622700989,-0.01814591,0.976996362,0.043138519,0.443480194,0.475001782,-0.294415146,-0.026811294,-0.477747768,-0.089362629,1
Woman00964.wav,263.1411468,335.3893451,283.6614679,287.7886192,324.43393,297.7984834,-0.150173309,0.10946577,-0.000817908,2120.019981,7.91136386,7.178102298,5.994365232,70.80736542,-58.78595352,22.97327232,-5.111822128,-34.23631287,8.724774361,-20.69002151,-15.79401207,20.84667397,-35.16962051,1.666998267,-20.99140167,-0.386516839,0.609376967,0.629432976,0.304170132,-0.107822448,-0.071247675,0.516961694,-0.234415561,-0.195150435,-0.013216584,0.285765469,-0.233020067,1
Woman00965.wav,309.3350242,417.7105332,311.1269837,403.481779,412.9127185,368.6860911,0.924955813,0.2047618,-0.000476014,3079.683545,-6.423638248,8.539246251,16.40725257,10.05421829,-13.28649998,-13.28053474,-29.39833641,-22.31700706,5.775961876,-14.09986687,-2.965541363,14.33736134,-28.51472855,-8.21931076,-11.41597748,0.199695423,-0.079467699,-0.132652566,-0.386652231,-0.018114313,-0.016119909,0.053506002,-0.016309258,0.274504006,0.043872226,0.008966274,0.194352552,1
Woman00966.wav,408.1700115,466.1637615,440,440,440,436.4278543,0.716814864,0.2234331,-0.000590692,3438.579469,7.573861478,7.897183864,19.52265133,10.50070095,-8.065342903,-13.30105877,-4.78405714,-33.82715988,15.19585323,-15.88418484,2.589989424,12.04314613,-30.18932915,-10.63090515,-14.27116013,0.077137321,0.234050855,-0.263977915,-0.065914698,0.040739682,0.172994033,-0.145332277,-0.005916541,-0.056397546,-0.253843337,-0.104820274,0.0467325,1
Woman00967.wav,305.7820084,417.7105332,365.7446743,415.3046976,415.3046976,380.3704341,-0.613799453,0.20795813,-0.000739092,3332.503858,-2.481733159,8.752440872,19.61903494,8.032610893,-3.34878993,-33.67152786,-34.9598732,-19.42253685,-5.65613699,-35.32145309,-1.010308623,8.792259216,-25.46652794,2.565070152,-26.72270393,0.389755696,0.157841325,0.132424057,-0.316257685,0.340744555,-0.095101908,-0.033988032,0.018623462,-0.17280072,0.329263091,-0.160010219,0.064793572,1
Woman00968.wav,273.9989169,316.5653876,283.6614679,288.619783,304.4611273,292.4907122,0.236313561,0.19936036,-0.000281556,2368.234588,-4.374933427,8.142243546,16.96680819,56.72796249,2.390610218,7.726466656,-62.22400665,-3.898322821,3.587706327,-48.10306168,-4.81041193,3.12574029,-18.08259964,4.349445343,-8.366683006,0.137103751,-0.727422178,0.219117194,0.444209874,-0.134188518,-0.365111649,-0.001041976,0.086321391,0.063679568,0.042424634,0.017284114,0.082816646,1
Woman00969.wav,325.8414615,376.4618113,363.63814,367.8634116,376.4618113,366.8821603,0.376480987,0.19713873,-8.70E-05,3040.992294,5.295898528,8.292046071,16.69039215,-1.186473846,-42.19919205,4.024600983,-49.12705231,-18.14350319,-3.300502539,-10.2558794,-18.98039627,18.8560791,-4.226893902,-5.125395775,-12.85956097,-0.110270418,0.012927243,-0.178033739,-0.332793236,0.31832692,0.124951281,0.194060072,0.095582783,0.081939295,0.031298667,0.020479169,-0.002615206,1
Woman00970.wav,277.182631,408.1700115,290.2917404,331.5370699,394.2662424,338.5550139,2.255235391,0.17373176,-3.66E-05,3568.961557,3.885136221,10.80912299,10.75358752,19.30624962,-11.40517044,-34.44454193,-14.13840866,-21.88639641,5.787815094,-10.73546886,-15.4098444,33.30852127,-19.67874146,-15.25333786,-8.191379547,0.922257364,1.289371967,-0.391360104,0.038684927,-0.051308624,0.760537207,0.390356332,-0.646689415,-0.711642265,-0.012888895,-0.024619365,-0.025151124,1
Woman00971.wav,291.9733833,434.946169,327.7455073,403.481779,427.4740541,379.5058964,0.288625916,0.11955217,-0.000285798,2258.053575,2.571796059,6.139047882,-12.11613493,53.44551849,-6.179368973,-28.67244148,-19.61639214,-33.26180649,-5.516008854,-26.81864738,-13.38312054,5.505819798,-26.17556,-7.352527618,-23.1950531,-0.190822378,0.058507733,0.21150434,0.0705107,0.005313046,0.052164998,0.110942096,0.104198389,-0.175091907,-0.02641358,-0.087777324,0.068081424,1
Woman00972.wav,437.4657865,450.2845125,440,440,447.6910645,442.8263738,0.074591812,0.17360535,-0.00031978,2027.075555,-6.836197092,4.583141137,19.70629886,53.44324493,9.440562248,-38.13768005,-37.46358109,-27.0511837,4.06445837,-36.15848541,-19.42219162,-3.983096361,-13.63806438,-11.88170052,-29.46264839,0.19818449,-0.202603146,-0.107493974,-0.144570589,0.051303525,-0.069825932,0.04436858,0.087673858,-0.270405918,0.058161955,-0.118270613,0.283086002,1
Woman00973.wav,,,,,,,,,,,,,,,,,,,,,,,,,,,,,,,,,,,,,,1
Woman00974.wav,251.2581146,378.6426324,337.3322358,372.1377786,374.2935508,349.0697024,-0.398631433,0.18698187,-0.000144314,2367.1781,-5.039632042,6.798312692,21.02522819,43.42318726,-33.66009521,1.280299902,-58.16387939,-16.75501251,-6.228514194,-25.02591133,-16.8962326,27.59621239,-32.2864151,5.823117256,-27.47540855,0.489410967,0.20404692,-0.359740824,0.053521492,0.221244723,0.046617977,-0.080665968,-0.151737839,0.201077029,-0.190603465,-0.046887208,-0.110024787,1
Woman00975.wav,222.5562769,442.5488941,263.1411468,437.4657865,440,377.3931311,0.507725972,0.13909432,-0.002256316,2842.834385,0.732233282,7.953739437,17.42626464,33.23063278,9.049420357,-9.826290131,-19.93240929,-33.14858627,15.75338268,-15.94259739,-20.29079437,-7.809337139,-14.77138329,-1.03345418,-31.84152031,0.463960797,0.275032938,0.148807317,0.007872209,0.464103341,0.342677891,-0.01038709,-0.178455234,0.169121191,0.334833324,-0.021206718,0.119621217,1
Woman00976.wav,283.6614679,590.7319012,387.4929844,394.2662424,408.1700115,398.3263975,-0.63448795,0.15299174,5.55E-06,2813.530348,0.712365025,7.086320753,15.26280866,11.41993713,-11.55206776,-18.99626923,-59.05405426,-14.76680946,-0.036807977,-27.9964962,-15.00542259,15.42652607,-23.57488441,-6.122047424,-10.93653965,0.047212183,0.210266799,0.063660726,-0.3340002,0.084410504,0.116360843,-0.050057173,-0.080185294,0.052036528,-0.028184095,-0.292745829,0.377700448,1
Woman00977.wav,212.5059924,244.1052839,216.2205317,241.3014955,242.6993409,234.2624228,0.09768265,0.12696797,0.000510598,3042.916652,16.17057716,13.0324814,11.79364066,44.13886261,12.22344971,-5.489957333,-45.22914886,-17.71722984,31.03150177,-12.31638908,-27.85961342,13.95664978,-12.7102623,-1.188235402,-5.013791561,-0.23789154,-1.03258121,-0.355849981,1.071424365,0.107091099,0.51182723,-0.189984977,0.012733527,0.358590633,0.137405023,0.037316039,0.113641873,1
Woman00978.wav,410.5345163,445.1125537,410.5345163,412.9127185,412.9127185,415.4502568,0.337305469,0.24795575,0.000232357,3089.28702,35.36364372,7.424121983,17.20147845,40.94533539,0.511328101,-33.47552109,-8.297933578,-15.09613895,9.223745346,-8.547683716,-17.34196281,17.83321571,-22.02557755,3.930411339,-23.99058533,-0.777104139,0.067895599,-1.184885025,0.120780118,0.158800021,0.104877785,0.03621849,-0.0735576,0.55606705,-0.166168183,0.118908353,-0.213840038,1
Woman00979.wav,231.7394279,376.4618113,337.3322358,349.2282314,351.25129,331.7112318,0.210447625,0.15016806,-5.88E-05,2294.039558,6.051639833,7.01096683,15.71284412,61.93310547,16.49191284,7.206874371,-50.00110245,-18.11916351,25.71936607,-17.53439713,-17.80791664,3.557139635,-19.8382206,5.123483658,-15.39285088,-0.298303396,-0.468315035,-0.090372637,-0.278763652,-0.059097823,-0.066758245,0.155087456,-0.043377627,0.074185915,-0.035747264,-0.032796215,0.047050077,1
Woman00980.wav,325.8414615,640.4874005,633.1307752,633.1307752,636.7984645,598.1903562,0.039145037,0.15897103,0.000348827,2514.112507,8.459275264,4.482261576,24.92255527,26.65135193,-5.293274879,-41.12438965,-34.97854996,-22.80775642,-4.428613186,-13.45788383,-55.07958221,22.33969307,1.027715802,30.28343201,8.548071861,-0.405788809,-0.344094455,-0.033662997,0.029477971,0.077938095,-0.016008282,0.162873745,0.173636347,0.008885483,-0.25632444,-0.188142642,0.000512253,1
Woman00981.wav,187.1467754,422.5640958,417.7105332,417.7105332,420.1303057,382.5555591,1.568393606,0.24961348,-0.000170029,2389.932054,-1.434773786,6.676102417,15.71905638,47.3325882,-24.82865715,-3.046200275,-28.41796303,-22.98014069,7.000356674,-11.78187847,-37.27806091,18.33344269,-11.20339584,-0.827872336,-12.47485638,0.162492201,0.141806021,0.072261468,0.104704343,0.165892452,0.141054064,0.2243485,-0.297656864,-0.134679496,-0.014932872,0.08883848,-0.085586287,1
Woman00982.wav,331.5370699,445.1125537,347.2168248,396.5502035,412.9127185,387.0896532,0.08344386,0.17439564,-0.000634779,2174.517063,-4.205391465,5.678030314,18.72499898,45.7388649,-26.3767643,-17.07685661,-57.83698654,-20.78446388,6.148653507,-40.16666031,-1.970125437,-4.718688011,-14.65154076,-8.388745308,-21.77404785,0.277010143,0.156478852,-0.123239577,0.014154127,0.209245011,-0.132086053,0.00156454,-0.029326936,-0.054068755,-0.00722642,-0.029914882,0.002184475,1
Woman00983.wav,387.4929844,401.157895,398.8473955,398.8473955,398.8473955,397.9868495,0.288984035,0.1679644,0.001010906,2849.883587,-5.385155633,7.159785372,16.34213782,52.67459869,5.749176025,21.10508537,-26.67919922,15.4096489,-16.90501404,15.49012089,-34.57020187,36.36066055,-24.72581291,11.84994411,-20.64583588,1.259848118,1.310830712,0.670087516,0.291231841,1.590379,-1.30853343,0.485738337,0.552191377,0.706517935,0.10099788,0.163506508,-0.8012712,1
Woman00984.wav,291.9733833,345.2170031,337.3322358,339.2863816,345.2170031,332.8929378,-0.265581096,0.20254695,-0.000177566,3223.46574,-4.518762395,9.698499676,17.89209733,5.876425266,-0.144870907,23.87183762,-7.203504086,-51.84694672,3.5932796,-27.859478,-21.40896034,-6.974955559,-23.77859688,9.534967422,-32.17139053,0.1509372,-0.16883111,0.009217607,-0.378558785,0.11004439,-0.029845342,0.035135109,-0.057229955,0.129648164,0.197381601,-0.078010246,-0.022992708,1
Woman00985.wav,337.3322358,408.1700115,343.2286994,376.4618113,380.8360868,366.8814607,-0.873082916,0.11859707,-0.002485586,2230.39739,5.290031094,6.105996367,13.98631439,53.68319321,-5.851943493,-21.01716042,-29.19438744,-6.171275616,11.74205875,-29.09013748,-23.0474987,35.38645554,-14.92787552,8.408774376,-17.03580856,-0.408903122,0.680980384,0.570680678,-0.628853321,-0.296297669,0.67263025,-0.186978921,0.068593562,-0.847436965,0.159524485,0.740167677,-0.01524513,1
Woman00986.wav,401.157895,410.5345163,403.481779,405.8191252,408.1700115,405.9553489,-0.030563712,0.105920665,-0.004777931,1999.990273,53.48110159,4.926163672,11.46347199,52.49603271,-50.3848114,-43.84516144,-23.64875793,-11.90017414,2.123467922,-20.02202225,-14.02864647,27.11142731,-26.20820236,-22.13780212,-8.156697273,-1.6843189,-0.092742033,-0.033343088,0.135311946,-0.990047872,0.076325849,-0.130006492,0.397453278,-0.001949022,-0.781488478,-0.494707376,-0.176767454,1
Woman00987.wav,361.5437384,365.7446743,363.63814,363.63814,365.7446743,364.5029814,0.057614614,0.17404976,-0.000947923,4084.742718,37.93146468,11.2050542,11.88443779,-9.515855789,-0.321624368,-21.90995216,-25.48730469,-35.22270966,12.57681942,-26.24490166,0.041663464,33.67589569,-22.74322319,6.05287981,7.764957428,-0.119227737,0.743643224,-0.058566265,0.584405482,0.254396677,0.475945652,0.137893096,0.14870055,-0.125442937,0.106497496,0.217338175,0.12954919,1
Woman00988.wav,288.619783,499.6219488,290.2917404,321.1712767,344.6705699,346.8430184,1.630828002,0.21550694,0.003978938,2375.19626,-4.063710531,6.851063719,12.95357937,65.92301941,-21.80243111,6.651087284,-21.39432335,-20.42078018,14.94458866,-17.52526283,-18.1618824,-13.59457111,-3.881131411,5.601788044,-8.041659355,0.82823056,0.433691651,-0.537909687,0.68472147,1.514704347,0.079020523,-0.071376063,0.100591876,-1.085340023,-0.124490738,0.255708843,0.165717378,1
Woman00989.wav,258.6205394,557.5766672,367.8634116,554.365262,554.365262,463.7964885,0.646798286,0.31954667,0.000579977,2578.377844,-4.062793762,6.035992029,20.72517669,40.84337997,0.022560548,-1.329942822,-2.383074284,-11.16095257,13.88194752,-7.237690926,-16.68888855,10.83453369,-14.51545906,12.23580837,7.099060535,0.31465748,-0.095299952,0.095685452,-0.049121846,0.145201251,-0.224712953,0.062041808,-0.086724237,0.049149174,-0.025027428,-0.016122775,-0.07413511,1
Woman00990.wav,229.0776736,410.5345163,405.8191252,405.8191252,408.1700115,403.2510105,-0.047030696,0.15889232,0.000842331,2906.031398,11.09266428,7.232107481,13.62095659,33.13471985,7.389975071,-27.81786156,-4.874358177,-8.107434273,25.70714378,-28.12666512,-7.696029663,15.42837524,-12.6483984,-1.653493881,-14.18233776,-0.79283005,0.32743898,-0.980829895,-0.628524125,0.708676994,0.530054212,-0.242559403,-0.155968443,0.378074348,0.213288844,-0.085857563,0.371732771,1
Woman00991.wav,325.8414615,405.8191252,325.8414615,325.8414615,379.190996,354.8685409,-1.791031834,0.15842758,-0.000329089,3262.531593,-3.029669225,9.245187637,16.42946622,18.16561508,8.801760674,-24.86420059,-27.48413849,3.099013567,18.98210526,-26.49838448,-13.83535957,19.0865078,-23.82691193,4.860517979,-30.57494354,-0.302748322,0.02090092,-1.134632945,0.309820831,0.108591549,0.211894587,0.315948784,-0.044555459,-0.515713155,0.164589792,-0.283422559,0.510060132,1
Woman00992.wav,77.78174593,275.5861765,233.0818808,234.4321104,234.4321104,221.4654535,-0.149172732,0.16290952,0.000409925,2648.331902,6.445457141,13.80437987,-17.35518327,55.87372208,27.59487534,-27.21443939,-29.24176407,-17.39777946,-1.292575955,-37.39564133,-14.46728516,12.17126846,-19.91653442,12.22523975,-5.510622025,-0.289385766,0.161246136,0.388233602,0.17797558,0.025549728,-0.017242786,-0.255818695,-0.052401349,0.113741696,-0.078020491,0.06050865,-0.082081683,1
Woman00993.wav,201.7408895,226.4464921,221.274447,222.5562769,223.8455323,220.6571876,0.719611609,0.14484113,-0.000269609,3960.691218,42.52748861,17.94341516,7.184816223,,,,,,,,,,,,,,,,,,,,,,,,,1
Woman00994.wav,174.6141157,401.157895,320.2437002,374.2935508,394.2662424,342.2140228,-1.702881248,0.16498002,2.18E-05,2087.545103,-8.175010605,6.188706081,17.87055823,72.82222748,-9.507534027,-21.96422958,-21.73097038,-21.73095894,23.91311646,-38.63143158,-15.0689888,11.94319916,-34.58874512,-1.181325912,-16.61974144,0.385254383,0.260497719,-0.215589538,0.115939274,0.745855391,0.019446598,0.035219572,0.532738507,-0.011424324,0.463947505,-0.214704111,-0.064709552,1
Woman00995.wav,376.4618113,403.481779,394.2662424,394.2662424,396.5502035,395.0929159,-0.130803855,0.16201328,-0.000189222,2079.875255,-1.48217454,5.262218261,23.91838537,39.70819855,-46.73524857,-9.255561829,-38.86985016,-45.69336319,20.92773247,-23.15194893,-11.78122997,19.80530739,-28.38391304,7.040548801,-22.91827965,0.254179835,0.376998454,-0.307938635,-0.027786786,-0.212240234,0.330083668,0.155083999,-0.406808734,-0.227142051,0.127115861,-0.142084748,0.2866503,1
Woman00996.wav,387.4929844,425.0119847,389.7377084,422.5640958,425.0119847,414.0426288,-0.30003903,0.17622076,0.000237159,2858.283551,1.410253192,6.906766785,18.61239459,11.44757557,-25.05991936,-22.7299633,-55.67308044,-11.88510513,21.86443329,-38.80455017,-4.566901207,10.93080902,-20.16840744,-4.902325153,-28.51340103,-0.093088634,-0.159017861,0.14427048,-0.293683559,0.338417649,-0.281933039,0.058779504,-0.077290744,0.050505292,0.119777314,-0.014132452,-0.155283168,1
Woman00997.wav,264.6655079,408.1700115,318.3992322,372.1377786,401.157895,354.8548099,0.585667057,0.17476827,-0.000279898,2802.617566,6.243466737,8.299450946,18.21328814,28.52562714,34.97623062,-11.10355091,-50.56125641,-35.7710762,-1.791564226,-10.58818436,-35.30420685,19.3266449,-26.06831551,2.463148117,-17.39468002,-0.000791324,0.332078099,-0.395690531,-0.299358487,0.002356435,0.028227869,-0.085885249,0.047906477,0.197108999,-0.150486887,-0.152634069,-0.002197167,1
Woman00998.wav,214.9751931,290.2917404,244.1052839,260.1187129,261.2488522,254.239956,-0.27050518,0.13473262,-0.001127139,2411.83563,-6.784181702,9.535363014,1.490095378,49.51972961,-42.01157761,-10.5757761,-42.86575699,-33.94746399,24.58729744,-22.09120941,-15.33065128,31.79237938,-28.10446739,-15.2183466,-11.97443199,0.472326726,0.132121816,-0.250730366,-0.137546837,-0.16356279,-0.055121485,-0.11462228,-0.004842565,-0.213223666,0.068138987,-0.174289435,0.146221772,1
Woman00999.wav,217.4730845,234.4321104,231.7394279,233.0818808,233.0818808,232.1752117,0.067026409,0.11350913,-9.75E-05,2165.917915,-2.146924649,9.323809444,18.67663119,68.89909363,11.17015171,-8.020729065,-7.450806141,-38.35772324,25.3299675,-20.34811783,-31.57369423,25.55352783,-22.93473053,-8.693984985,-34.66501999,-0.186907992,0.097807333,0.106695943,0.355275244,0.213285029,-0.232978031,0.011110207,0.052438423,-0.090104632,0.058578972,-0.097063869,-0.071296267,1
Woman01000.wav,230.404707,694.4336497,233.0818808,293.6647679,293.6647679,310.4835597,3.014216261,0.16181587,-0.000300046,2993.813939,4.808825725,10.85093997,14.94779247,16.96384621,1.433042526,11.50902176,-23.02984238,-35.98741531,-11.31112766,-28.10664558,-33.25214767,20.43991089,-7.405133247,-11.7199049,-18.03541183,0.003996179,0.108137153,0.176684976,-0.134784713,-0.086458795,0.198642537,0.062056232,-0.057753842,-0.061616227,0.076982878,0.070280202,-0.114623748,1
Woman01001.wav,422.5640958,427.4740541,425.0119847,425.0119847,426.2430194,425.6130739,-0.006424905,0.25319803,0.00023084,2803.016933,7.877457892,6.585890567,23.04865568,1.340004206,3.304025412,-9.185004234,-48.61830139,-45.4363327,26.37043571,-24.08164978,-27.90743637,13.16847038,-27.30390167,-3.154122114,-16.64539909,-0.052445035,0.06362351,0.094070308,-0.107392356,-0.102345832,0.134951949,0.009336832,-0.035283227,0.078904584,-0.108924776,0.092572317,-0.018163366,1
Woman01002.wav,216.2205317,425.0119847,302.2698024,340.2691146,403.481779,336.1896896,0.723625886,0.11588915,-0.000182147,3070.978191,-4.169543868,9.227572362,14.99263495,43.65136337,-2.479547024,-27.74713898,-13.55286217,-26.11027718,22.62217522,-40.91653442,-9.139690399,-3.271157026,-31.56251144,-5.705817699,-23.32216454,-0.095329121,0.221954972,0.326670051,0.119309001,0.161437944,-0.314090759,0.118095048,-0.074537665,0.176571041,-0.131883845,-0.092787325,0.062769204,1
Woman01003.wav,270.8517709,318.3992322,272.4207993,316.5653876,316.5653876,303.7884185,-0.357397226,0.20170213,-0.000815961,3906.655011,3.283266782,12.92173326,14.68102612,5.225802422,2.553380728,-35.45155716,-29.08251762,-12.58462715,13.1016407,-27.88022423,-9.487249374,18.50308609,-28.09592628,7.043428421,-19.44523239,0.143210813,0.369386494,-0.026517667,0.014368544,0.195918143,0.097519688,0.145538479,0.145762458,0.150175571,-0.022162568,0.035277892,-0.069028385,1
Woman01004.wav,201.7408895,408.1700115,270.8517709,403.481779,405.8191252,359.1038003,0.899017827,0.13312602,-0.001292257,2169.167016,-5.468401881,6.247253961,16.96598177,68.56700134,-42.68192291,13.26515961,-36.79610062,-8.315304756,34.74009323,-18.07891273,-12.91725254,35.00698853,-37.09092712,10.52116203,-26.13681984,0.499260277,0.325421572,0.006848324,0.392367691,0.228803605,0.08160875,0.314953059,0.108434819,0.006692068,0.088731132,-0.058612309,-0.247039378,1
Woman01005.wav,597.5958753,611.5640167,597.5958753,597.5958753,601.057713,600.6792752,-0.017669837,0.23787875,-0.000314601,3150.610852,12.65412447,5.245518557,21.32311229,5.532390594,4.494953632,7.975332737,-32.48226547,-12.34760189,-19.69463921,4.090230465,-41.45556259,27.55819511,-4.512169361,45.25557327,27.88646126,-0.581279337,-0.125461712,0.551811516,-0.035921458,0.028976103,0.128699452,-0.016695699,0.011531085,0.25338915,0.112287797,-0.044214964,0.054479953,1
Woman01006.wav,272.4207993,333.4576446,275.5861765,293.6647679,293.6647679,293.7702641,0.662762035,0.18377559,-0.000166968,3055.384829,10.81001307,10.39165158,19.8618533,6.735256195,-4.771891594,-2.730395555,-38.53224564,-22.99265099,10.49394131,-25.44400215,-3.925510645,16.44705391,-43.12843704,6.303864002,-32.37026978,-0.84692359,0.352535963,0.850223541,0.480654746,-0.490350395,-0.05009849,0.072545446,0.120931946,-0.772000015,0.217718497,-0.077205092,-0.038758811,1
Woman01007.wav,183.9317058,378.6426324,369.9944227,372.1377786,374.2935508,368.4532638,0.045766479,0.22032677,-0.001209571,2776.59202,-5.536830609,7.586843519,16.51257411,34.89889145,0.133425087,10.57094765,-25.06134224,-24.26480675,37.09236145,-34.0166893,-8.936810493,-10.39933014,-27.14141273,-1.676071644,-13.41370392,0.471197546,0.014046797,-0.002181388,0.149929583,0.166259646,-0.201510102,0.173298478,0.140173197,0.087014906,0.03214781,-0.077396035,0.00391589,1
Woman01008.wav,305.7820084,622.2539674,305.7820084,615.106771,618.6700483,471.1202067,-1.745081488,0.2127767,0.000450662,3486.847506,-31.73738639,8.516129003,16.47943073,-3.977218151,-9.688714981,-6.708408356,-27.95368958,-27.06024742,-20.50345039,-19.51018906,-15.85493279,16.2615509,-14.62054253,11.78707027,-7.007716656,0.500940681,0.187459514,0.154575527,0.129799306,0.383046508,0.470944643,0.487164974,0.355687052,-0.05259566,0.049912535,-0.002295591,0.192030281,1
Woman01009.wav,225.1422562,367.8634116,272.4207993,323.0318029,345.2170031,309.4817604,-0.485416351,0.16517965,-0.000733272,2520.158629,-3.080331343,8.81586269,18.35625446,70.56272125,20.3822422,-21.91771317,-23.87203598,-16.91485023,22.86135674,-26.26229286,-27.15655708,7.416017056,-16.33468628,-5.592826366,-11.27388859,0.281548411,-0.044149056,-0.127155229,-0.03160264,0.084049582,0.074417688,-0.111692615,0.111692846,-0.115943119,0.23921667,-0.020529158,-0.063592747,1
Woman01010.wav,339.2863816,447.6910645,345.2170031,347.2168248,349.2282314,368.6844544,-1.457084137,0.2040609,-0.002059082,3188.08102,21.20762616,8.770474965,15.50173507,21.47143173,-15.59475899,-4.116845131,-17.40868187,-32.67197037,3.548817396,-26.93503761,-11.08334255,-2.508815765,-8.733120918,0.261825591,-15.12535763,0.239991888,0.187820226,-1.339215636,-0.490251988,-0.057761017,0.544512272,-0.881761253,-0.192836538,0.45269233,-0.216581985,0.245531783,-0.49922061,1
Woman01011.wav,434.946169,442.5488941,437.4657865,438.7328932,442.5488941,439.0683936,0.091468038,0.14188068,-0.001533213,1935.943609,-5.422314817,4.413882433,24.35731532,46.49015808,-46.81461716,1.773636222,-33.80908966,-57.1243248,21.12008095,-2.554685831,-17.62584686,17.07756615,-20.4090023,-22.59407234,-7.871778488,0.475648105,0.522290647,0.845886886,-0.063309267,0.077487595,0.139841005,0.445353359,-0.054049499,0.191922247,0.141241401,-0.082849018,0.067600004,1
Woman01012.wav,302.2698024,304.0208336,304.0208336,304.0208336,304.0208336,303.6560354,0.009727951,0.19013776,-0.004005453,3073.827869,-2.978276763,10.12283171,5.889034602,9.825889587,-15.97494125,-19.31349182,-71.87699127,-21.25398064,4.632845402,-7.471323013,-38.33766174,29.64042473,-37.9299469,23.29083633,-4.729824543,0.862897575,0.486376882,-0.502397954,0.244438007,-0.011414677,0.323785663,-0.161319554,-0.264483929,0.271806836,-0.033790722,-0.393393934,0.018283725,1
Woman01013.wav,374.2935508,401.157895,380.8360868,383.0422479,389.7377084,384.7112025,-0.146854457,0.06544927,-0.003713088,1421.418656,-12.55501617,3.685424035,-18.10955387,105.0716629,-15.063447,-17.37449646,-48.0148201,16.70544052,15.12730503,-31.12675858,-4.70871973,19.08171844,-19.88482285,-8.147146225,-2.113633394,0.827118516,-0.081718706,0.299377799,0.034680948,-0.40645802,0.119629629,-0.108405322,0.215113819,-0.461158842,-0.126507893,-0.038801815,-0.113032348,1
Woman01014.wav,213.7370271,440,220,220,440,318.1696916,-1.54172879,0.22628385,-0.000553583,2691.885882,-10.71932176,8.876715706,19.7033962,33.85235977,3.438312531,13.85735512,-21.14526176,-19.52244759,-13.68694496,-8.829725266,-46.07872772,22.98360634,-24.16727829,-13.35580635,0.297165543,0.388326436,0.127025217,0.845776677,0.218291014,0.059873544,-0.178188458,0.070279934,-0.131130114,-0.000398577,-0.076845087,-0.2026636,-0.012370146,1
Woman01015.wav,367.8634116,440,372.1377786,434.946169,440,411.5322804,-0.502782332,0.24660306,-0.000769103,2899.857043,0.941157342,7.193949948,24.27039421,-2.145557642,8.678283691,-6.474429131,-24.9038868,-14.80899239,-7.148948669,-28.46954536,-11.88416862,18.35628128,-31.70648766,-1.683874369,-18.60788345,-0.054946098,0.025036922,-0.223954737,0.011436268,-0.098358937,0.141073748,0.180961311,-0.202409744,0.007162892,0.045029078,0.172004119,0.062772512,1
Woman01016.wav,69.29565774,471.5803235,325.8414615,369.9944227,372.6767217,334.3623587,1.711676191,0.12300749,-0.001072853,2266.509556,-1.273549943,9.715940072,17.64299729,61.21583939,-28.48643112,-32.61397171,-16.56929779,-23.28378677,-2.291805029,4.523181438,-25.98523521,8.602046967,-36.61584854,1.668371916,-17.06692696,0.340670198,0.054837503,0.07292714,-0.187382177,0.021230062,0.113365293,0.060296848,0.19542335,0.227198124,-0.099388175,0.11374779,-0.144920945,1
Woman01017.wav,32.70319566,237.1560803,81.46696756,228.4179784,233.4252595,172.0486886,-23.55899878,0.14463957,0.010653743,843.868066,-142.4486548,3.929371573,-54.8461094,95.24707031,64.07235718,30.66868591,23.18225288,4.003283501,11.61162186,12.83341599,-12.75305653,18.4060154,4.685876369,0.670778751,-14.34397125,-5.464393616,-1.043259501,4.161595821,3.275516272,7.865514278,6.691350937,3.824083328,7.221847057,0.951685846,2.458842039,3.611499071,6.6070714,1
Woman01018.wav,337.3322358,670.7786902,374.8356159,442.5488941,458.1553471,456.6503031,-0.275563525,0.16404486,-0.001873388,2316.146731,-12.69149595,5.275394001,12.56487969,46.11567307,-55.03262711,-8.135616302,-27.00983429,-12.25887203,9.718881607,-30.73350525,-8.244041443,25.9477787,-19.31886101,1.99292469,-21.45862961,0.621407151,0.155953288,-0.132626638,-0.155127391,0.214438617,0.398194671,0.12359447,0.095748574,-0.248193443,0.07234513,-0.174552366,0.032363802,1
Woman01019.wav,75.56745061,272.4207993,226.4464921,226.4464921,227.7582832,211.0073136,-0.406196578,0.07392032,-0.00104959,2024.181233,8.415554248,10.97418551,-1.99848634,75.73543549,-47.47276688,-24.95348549,-65.00495148,-34.10299683,2.872440338,-37.9056778,-29.40265274,29.90128326,-10.89396381,22.79568481,-18.34365082,-0.593783677,-3.737319231,-2.813390732,-1.860598803,-1.088242054,-1.700810313,-1.857851624,-0.478306055,-1.094924569,0.006912742,-0.00803011,-0.902740359,1
Woman01020.wav,233.0818808,541.7035419,422.5640958,432.4410634,526.2822936,459.7389492,-0.34417873,0.22057682,-0.000444296,1953.897933,1.15065913,4.294972289,13.97148051,76.81118774,-25.01099396,-12.97538567,-33.15164948,-26.36808777,22.254879,-17.34454155,-20.29921341,8.775158882,-39.47610474,1.72467041,-13.56825924,-0.203981325,0.042068303,-0.055644341,-0.168764964,-0.074626088,0.068345249,0.036251295,0.131795526,0.004513691,0.066822097,-0.015657112,-0.053094685,1
Woman01021.wav,347.2168248,417.7105332,369.9944227,415.3046976,415.3046976,396.0149028,0.114816369,0.23591618,-2.82E-05,2867.702592,10.05594547,7.265133521,22.55464445,14.95746326,-7.537939072,-21.28384209,-26.47146034,-29.46028137,3.843673706,-30.73143196,-15.11059666,28.96521187,-42.69744873,0.627894759,-24.89347839,-0.342905521,-0.006738076,-0.087883092,0.188437358,-0.139372513,0.049952328,0.087761998,0.121340424,0.138523921,-0.00702505,0.152527198,-0.078258067,1
Woman01022.wav,329.6275569,450.2845125,394.2662424,427.4740541,442.5488941,417.9026429,0.598488376,0.24057515,-0.00054176,2757.198276,-0.084434616,6.66598411,18.92457966,25.94993782,-13.76710892,-20.77328682,-20.06865692,-16.61410904,-3.891010761,-8.079642296,-29.88555527,16.43800354,-26.54090118,-2.503392696,-19.40911484,-0.155109078,-0.267777354,-0.108902305,-0.123359792,0.080643669,-0.109498866,0.024910949,0.133424908,-0.004277385,0.104570977,-0.164859638,0.094045997,1
Woman01023.wav,309.3350242,378.6426324,318.3992322,349.2282314,369.9944227,346.1357479,0.381962593,0.14982313,-0.000779458,3102.008083,3.511534613,9.024997437,13.46641266,33.20208359,23.4488163,0.4482283,-18.80638504,-15.18089867,5.86131525,-26.07274055,8.655492783,8.549655914,-2.147228241,3.38938427,-12.38002586,-0.063362479,0.172931001,0.081363119,-0.038265012,-0.07145825,0.079382159,0.243922144,0.008998871,-0.106308065,-0.016470909,0.299517304,-0.169624016,1
Woman01024.wav,205.2672581,427.4740541,210.0686573,242.6993409,422.5640958,307.5401609,-2.708793375,0.16968052,-0.000763689,2216.781794,-29.93001715,6.614083085,10.84663826,82.7909317,29.38509941,-23.81689072,-11.57485104,-1.206221938,10.71682453,-22.73168373,0.341664761,-9.738527298,-26.45892906,-14.65080166,-24.67318535,1.531971931,-0.144905329,0.549136579,0.379090041,0.465803713,0.436626762,-0.054981768,0.313484967,-0.195113271,0.03336893,-0.070941143,0.199426293,1
Woman01025.wav,233.0818808,420.1303057,245.5193714,339.2863816,341.2518476,315.4089195,1.079794287,0.12292529,-0.00058608,2459.172347,-18.94634506,8.235279551,10.20318983,75.58177185,15.64323139,-16.96987534,-14.96111298,-19.00808525,36.29288483,-16.23599625,-31.75778961,25.07785988,-29.10808754,-2.247549057,-6.104364395,0.935432673,-0.003533489,0.351533353,0.252794147,0.273195773,0.277481973,0.227167159,0.255234987,-0.186977103,0.356055915,-0.09823893,0.164386556,1
Woman01026.wav,229.0776736,314.7421051,309.3350242,312.929324,312.929324,299.6904956,-0.332223131,0.15472987,-0.001887637,2822.915811,6.701216164,9.430870753,-2.063132635,7.634252071,-29.90441322,1.584635854,-53.47125244,-27.00068665,12.95549011,-3.230368614,-31.38760948,25.45067024,-29.85432053,-7.616792202,-4.292011738,-0.451968491,0.679354012,0.268009901,0.272442013,0.105394028,0.089753367,-0.402868509,-0.124727622,-0.064740583,0.067934982,0.303435504,-0.075992316,1
Woman01027.wav,260.1187129,312.929324,261.6255653,275.5861765,311.1269837,284.7587257,0.07277144,0.15964268,-2.42E-05,2441.545779,4.039476261,8.575329914,20.52022357,47.91127396,-8.061531067,-10.57204533,4.821256161,-40.38683319,-13.69495201,-10.77602005,-31.44735909,11.48201561,-16.89994812,-9.178781509,-11.5447731,-0.15040338,0.404984802,0.004729041,-0.091799147,0.185125604,-0.00449836,0.193255499,-0.066348404,-0.141388461,0.040156603,-0.00575186,-0.096220382,1
Woman01028.wav,437.4657865,825.8254371,440,821.0690326,821.0690326,681.4756184,0.007503866,0.22745785,-0.000910283,3532.650908,5.837709763,5.683917643,19.35794356,-6.551199913,-2.704799652,-9.176662445,-6.561627865,-35.34327316,-3.870479345,1.856089473,-19.13615036,51.43458176,-24.91444778,-12.02208519,-17.89775658,0.14971143,0.258902788,-0.160807401,-0.001204733,-0.279762149,-0.162601605,-0.115101025,-0.03770582,-0.556917012,-0.299900204,0.034544557,0.105010711,1
Woman01029.wav,229.0776736,309.3350242,270.8517709,305.7820084,307.5533855,282.9823389,-0.775852671,0.19203731,-0.000513285,2472.387534,-16.20370773,8.678478511,20.18577855,29.38172913,-39.40351105,-5.914533615,-13.30257893,-36.34283066,-9.677065849,-6.582890034,-21.16474152,32.55469513,-21.33813286,6.909490585,0.003865213,1.367675185,0.101425707,-0.167080864,-0.026328947,0.400855601,0.255850941,-0.609752834,0.242042616,0.151332125,-0.289542258,-0.307425618,-0.280082613,1
Woman01030.wav,320.2437002,345.2170031,327.7290419,338.3093087,343.2286994,335.4535125,-0.14835936,0.16858631,-4.54E-05,2810.791155,8.945866799,8.414175053,18.50358046,22.59202957,-25.42253685,-17.78525162,-15.22432041,-23.4025116,17.55047035,-18.82675552,-22.79108429,11.29009914,-9.346246719,8.957201004,-15.07053566,-0.300350487,-0.161548063,-0.21181716,-0.01161236,0.130295113,-0.211898088,-0.071629293,0.088035017,-0.10734088,-0.182672441,-0.105378501,0.230006829,1
Woman01031.wav,242.6993409,365.7446743,244.1052839,298.7979376,300.5288565,294.9601131,-0.344519373,0.13111381,-0.000653911,2110.488141,-6.653816449,7.369112002,13.89308091,77.28134155,6.298512936,-21.10144043,-10.3386879,-26.28217697,1.427021146,-20.67285919,-5.353230953,25.79317093,-31.95345306,-8.812218666,-8.283744812,0.104674794,0.188579246,0.238905787,0.033457298,0.098202214,-0.108955838,0.077227272,0.037644006,-0.160194203,0.012561497,-0.064846642,0.057868659,1
Woman01032.wav,440,442.5488941,440,440,440,440.0145651,-0.004612285,0.19823478,9.70E-05,2432.551428,-6.039132592,5.52834356,19.77644934,14.42191124,1.45432806,-25.26510811,-22.63393402,-15.32203007,6.62667799,-23.61586952,1.488063455,5.832648754,-22.33223724,-13.25668335,-25.76033783,0.281484038,-0.186434701,-0.161927596,0.00647133,0.272922248,-0.00728132,-0.036514342,0.28928116,-0.056548335,0.071750768,0.048119865,-0.127342433,1
Woman01033.wav,291.9733833,349.2282314,314.7421051,345.2170031,347.2168248,331.3431323,0.248453591,0.13165902,-0.000178988,1730.889534,1.759811971,5.238512445,23.39209026,60.48274994,-25.39221382,-7.773323536,-29.01461792,-41.10303116,-10.11028957,-14.74872875,-19.02241135,16.84299469,-36.20851517,3.163417101,-12.42457867,-0.322139323,0.042613808,-0.027587591,-0.134658143,-0.11802879,-0.032392696,0.025853211,-0.038634986,-0.021622755,-0.136204764,-0.069403179,0.0163428,1
Woman01034.wav,97.998859,442.5488941,440,440,440,424.7003074,-4.126522057,0.2526565,9.86E-05,4030.127407,-22.60079111,9.729435321,15.38103069,6.412924767,33.30384445,-21.17541885,-7.241803646,-12.34933662,-7.079969406,-11.88224792,-23.3544178,-4.296238422,-18.13578033,13.48982525,-10.64713669,1.230480433,-0.400295734,0.078019485,0.194550142,0.11694622,-0.126228884,0.221110657,0.892498195,0.279158562,0.512312651,-0.056506861,0.195561007,1
Woman01035.wav,275.5861765,351.25129,280.403338,346.216914,349.2282314,321.8708229,0.388048723,0.17342171,-0.000441638,3430.829497,7.074958497,10.78631014,16.00087576,4.797702789,15.54791641,-14.27418613,-43.31628036,-1.502650499,24.86986542,-25.44617844,-18.57402992,23.21242905,-28.68742371,-1.59164834,-15.38645935,-0.238895208,0.167184129,-0.026259132,-0.149144337,0.086256377,0.006975004,-0.25858736,0.060570527,-0.189416468,-0.058480147,0.13649033,0.108977765,1
Woman01036.wav,437.4657865,442.5488941,440,440,440,439.965687,0.020949814,0.2798641,-0.001070295,3626.401237,-16.54647111,8.242489497,20.27928521,-6.033993244,11.61375141,-23.65490913,-1.786793709,-22.48986816,-0.36019519,5.410234451,-13.78351212,25.41945457,-23.22753906,-22.82822418,-10.93109512,0.660287619,-0.330396444,-0.15947631,-0.029388402,-0.147159383,-0.21848768,-0.079504013,-0.094163373,-0.006028889,-0.192783952,-0.156892121,-0.135069817,1